WARNING 2025-10-31 08:44:54,545 log 17240 12600 Not Found: /
WARNING 2025-10-31 08:44:54,546 basehttp 17240 12600 "GET /?ide_webview_request_time=1761880494069 HTTP/1.1" 404 3627
WARNING 2025-10-31 08:44:55,478 log 17240 12600 Not Found: /@vite/client
WARNING 2025-10-31 08:44:55,479 basehttp 17240 12600 "GET /@vite/client HTTP/1.1" 404 3642
INFO 2025-10-31 08:46:51,378 autoreload 17172 8068 Watching for file changes with StatReloader
INFO 2025-10-31 08:47:20,389 basehttp 17172 6936 "GET /health/ HTTP/1.1" 200 88
INFO 2025-10-31 08:47:30,550 basehttp 17172 6936 "GET /ready/ HTTP/1.1" 200 72
WARNING 2025-10-31 08:51:25,291 log 17172 22144 Not Found: /api/
WARNING 2025-10-31 08:51:25,292 basehttp 17172 22144 "GET /api/ HTTP/1.1" 404 3618
INFO 2025-10-31 08:51:45,083 basehttp 17172 22144 "GET /api/vehicles/ HTTP/1.1" 200 209
INFO 2025-10-31 11:36:18,480 autoreload 24044 19284 Watching for file changes with StatReloader
INFO 2025-10-31 11:37:29,181 autoreload 24044 19284 C:\Users\wolf\Desktop\repairmybike\backend\repairmybike\settings.py changed, reloading.
INFO 2025-10-31 11:37:30,523 autoreload 9580 10712 Watching for file changes with StatReloader
INFO 2025-10-31 11:37:59,349 autoreload 23604 26684 Watching for file changes with StatReloader
WARNING 2025-10-31 11:38:04,889 log 23604 23668 Not Found: /
WARNING 2025-10-31 11:38:04,889 basehttp 23604 23668 "GET / HTTP/1.1" 404 3588
WARNING 2025-10-31 11:38:05,147 log 23604 23668 Not Found: /favicon.ico
WARNING 2025-10-31 11:38:05,149 basehttp 23604 23668 "GET /favicon.ico HTTP/1.1" 404 3639
WARNING 2025-10-31 11:38:06,253 log 23604 29272 Not Found: /
WARNING 2025-10-31 11:38:06,254 basehttp 23604 29272 "GET /?ide_webview_request_time=1761890886161 HTTP/1.1" 404 3627
WARNING 2025-10-31 11:38:07,782 log 23604 29272 Not Found: /@vite/client
WARNING 2025-10-31 11:38:07,783 basehttp 23604 29272 "GET /@vite/client HTTP/1.1" 404 3642
INFO 2025-10-31 19:43:32,035 autoreload 24552 25256 Watching for file changes with StatReloader
WARNING 2025-10-31 19:43:44,537 log 24552 11332 Not Found: /
WARNING 2025-10-31 19:43:44,538 basehttp 24552 11332 "GET /?ide_webview_request_time=1761920024421 HTTP/1.1" 404 3627
WARNING 2025-10-31 19:43:45,413 log 24552 11332 Not Found: /@vite/client
WARNING 2025-10-31 19:43:45,414 basehttp 24552 11332 "GET /@vite/client HTTP/1.1" 404 3642
INFO 2025-10-31 19:43:56,047 basehttp 24552 9640 "GET /health/ HTTP/1.1" 200 88
INFO 2025-10-31 20:36:40,717 autoreload 9 132759644343168 Watching for file changes with StatReloader
INFO 2025-10-31 20:48:19,521 autoreload 27864 18444 Watching for file changes with StatReloader
INFO 2025-10-31 20:48:23,041 basehttp 27864 4148 "GET / HTTP/1.1" 301 0
INFO 2025-10-31 20:48:23,084 basehttp 27864 29332 code 400, message Bad request version ('SÄu\x17vÂ\x8bÒ\x93r¯}')
ERROR 2025-10-31 20:48:23,087 basehttp 27864 29332 You're accessing the development server over HTTPS, but it only supports HTTP.
INFO 2025-10-31 20:48:23,090 basehttp 27864 26412 code 400, message Bad request version ('zz\x13\x01\x13\x02\x13\x03À+À/À,À0Ì©Ì¨À\x13À\x14\x00\x9c\x00\x9d\x00/\x005\x01\x00\x06sjj\x00\x00ÿ\x01\x00\x01\x00\x00')
ERROR 2025-10-31 20:48:23,090 basehttp 27864 26412 You're accessing the development server over HTTPS, but it only supports HTTP.
INFO 2025-10-31 20:48:31,980 basehttp 27864 29492 code 400, message Bad HTTP/0.9 request type ('\x16\x03\x01\x06à\x01\x00\x06Ü\x03\x03sQD¡\x7fÃÃ@\x8e`à0ì6QÅÚÀH\x9eÝ\x17ìÚ|\x9c\x19´ï£H®')
ERROR 2025-10-31 20:48:31,980 basehttp 27864 29492 You're accessing the development server over HTTPS, but it only supports HTTP.
INFO 2025-10-31 20:48:31,982 basehttp 27864 30276 code 400, message Bad request version ('¢31þS£\x8f\x8b\x80\xad~Ð\x0eG\x9b')
ERROR 2025-10-31 20:48:31,982 basehttp 27864 30276 You're accessing the development server over HTTPS, but it only supports HTTP.
INFO 2025-10-31 21:43:23,142 autoreload 9 134492229307264 Watching for file changes with StatReloader
INFO 2025-10-31 21:46:43,819 autoreload 9 125655403322240 Watching for file changes with StatReloader
INFO 2025-10-31 22:06:37,950 autoreload 9 125655403322240 /app/services/models.py changed, reloading.
INFO 2025-10-31 22:06:40,592 autoreload 11 128281073691520 Watching for file changes with StatReloader
INFO 2025-10-31 22:06:48,786 autoreload 11 128281073691520 /app/services/models.py changed, reloading.
INFO 2025-10-31 22:06:50,394 autoreload 13 135697895476096 Watching for file changes with StatReloader
INFO 2025-10-31 22:06:57,247 autoreload 13 135697895476096 /app/services/serializers.py changed, reloading.
INFO 2025-10-31 22:06:58,803 autoreload 15 132937312885632 Watching for file changes with StatReloader
INFO 2025-10-31 22:07:06,922 autoreload 15 132937312885632 /app/services/serializers.py changed, reloading.
INFO 2025-10-31 22:07:08,463 autoreload 17 131913533741952 Watching for file changes with StatReloader
INFO 2025-10-31 22:07:20,119 autoreload 17 131913533741952 /app/services/views.py changed, reloading.
INFO 2025-10-31 22:07:22,293 autoreload 19 138818994277248 Watching for file changes with StatReloader
INFO 2025-11-03 10:19:59,646 autoreload 29324 29332 Watching for file changes with StatReloader
INFO 2025-11-03 10:20:08,126 basehttp 29324 29760 code 400, message Bad request version ('z\x9b/`\x13')
ERROR 2025-11-03 10:20:08,127 basehttp 29324 29760 You're accessing the development server over HTTPS, but it only supports HTTP.
INFO 2025-11-03 10:20:08,131 basehttp 29324 30552 code 400, message Bad request syntax ('\x16\x03\x01\x06À\x01\x00\x06¼\x03\x03\x00»¤;xµ6?Á')
ERROR 2025-11-03 10:20:08,132 basehttp 29324 30552 You're accessing the development server over HTTPS, but it only supports HTTP.
INFO 2025-11-05 18:34:34,093 autoreload 25468 22936 Watching for file changes with StatReloader
INFO 2025-11-05 19:31:18,891 autoreload 13004 24816 Watching for file changes with StatReloader
WARNING 2025-11-05 19:31:34,747 log 13004 6544 Not Found: /
WARNING 2025-11-05 19:31:34,747 basehttp 13004 6544 "GET /?ide_webview_request_time=1762351294706 HTTP/1.1" 404 4116
WARNING 2025-11-05 19:31:34,803 log 13004 6544 Not Found: /@vite/client
WARNING 2025-11-05 19:31:34,804 basehttp 13004 6544 "GET /@vite/client HTTP/1.1" 404 4131
INFO 2025-11-05 19:31:35,138 basehttp 13004 23148 - Broken pipe from ('127.0.0.1', 53706)
INFO 2025-11-05 19:31:35,651 basehttp 13004 22428 - Broken pipe from ('127.0.0.1', 59556)
INFO 2025-11-05 19:31:51,837 autoreload 24032 12660 Watching for file changes with StatReloader
INFO 2025-11-05 19:32:15,166 basehttp 24032 17864 code 400, message Bad request version ("MÕ\x82lÊJ\x15\x08Z=ô\x11\x13ÆØôP\x98\x8c²ð2Oæ´C\x81&\x8f×'\x0fö\x98\x9c¾·\x8aÛýØ")
ERROR 2025-11-05 19:32:15,167 basehttp 24032 17864 You're accessing the development server over HTTPS, but it only supports HTTP.
INFO 2025-11-05 19:32:15,168 basehttp 24032 14712 code 400, message Bad request version ('\x00\x02\x01\x00\x00\x05\x00\x05\x01\x00\x00\x00\x00\x00')
ERROR 2025-11-05 19:32:15,168 basehttp 24032 14712 You're accessing the development server over HTTPS, but it only supports HTTP.
INFO 2025-11-05 19:37:35,770 autoreload 24032 12660 D:\developer\31oct\3nov\backend\repairmybike_backend\spare_parts\serializers.py changed, reloading.
INFO 2025-11-05 19:37:36,487 autoreload 26196 13144 Watching for file changes with StatReloader
INFO 2025-11-05 19:37:49,615 autoreload 26196 13144 D:\developer\31oct\3nov\backend\repairmybike_backend\vehicles\serializers.py changed, reloading.
INFO 2025-11-05 19:37:50,366 autoreload 25400 10176 Watching for file changes with StatReloader
INFO 2025-11-05 19:38:24,895 autoreload 19840 26896 Watching for file changes with StatReloader
INFO 2025-11-05 19:39:00,639 autoreload 27252 352 Watching for file changes with StatReloader
WARNING 2025-11-05 19:39:30,974 log 25400 26112 Not Found: /
WARNING 2025-11-05 19:39:30,975 basehttp 25400 26112 "GET /?ide_webview_request_time=1762351294706 HTTP/1.1" 404 4116
INFO 2025-11-05 19:40:10,874 basehttp 25400 2088 "GET /api/spare-parts/parts/ HTTP/1.1" 200 5959
INFO 2025-11-05 19:40:11,806 basehttp 25400 2088 "GET /api/spare-parts/categories/ HTTP/1.1" 200 1906
INFO 2025-11-05 19:40:12,403 basehttp 25400 2088 "GET /api/vehicles/vehicle-types/ HTTP/1.1" 200 347
INFO 2025-11-05 19:40:38,792 autoreload 27252 352 D:\developer\31oct\3nov\backend\repairmybike_backend\spare_parts\views.py changed, reloading.
INFO 2025-11-05 19:40:38,810 autoreload 25400 10176 D:\developer\31oct\3nov\backend\repairmybike_backend\spare_parts\views.py changed, reloading.
INFO 2025-11-05 19:40:39,572 autoreload 22988 2828 Watching for file changes with StatReloader
INFO 2025-11-05 19:40:39,581 autoreload 18244 25240 Watching for file changes with StatReloader
INFO 2025-11-05 19:40:52,588 basehttp 22988 26892 "GET /api/spare-parts/parts/ HTTP/1.1" 200 6169
INFO 2025-11-05 19:46:29,082 basehttp 22988 23628 "GET /api/spare-parts/parts/ HTTP/1.1" 200 6169
INFO 2025-11-05 19:46:32,360 basehttp 22988 23628 "GET /api/spare-parts/parts/ HTTP/1.1" 200 6169
INFO 2025-11-05 19:46:32,886 basehttp 22988 28260 "GET /api/services/service-categories/ HTTP/1.1" 200 3223
INFO 2025-11-05 19:46:33,100 basehttp 22988 28260 "GET /api/services/service-categories/ HTTP/1.1" 200 3223
INFO 2025-11-05 19:46:33,517 basehttp 22988 28260 "GET /api/services/service-categories/ HTTP/1.1" 200 3223
INFO 2025-11-05 19:46:34,345 basehttp 22988 28536 "GET /api/services/service-categories/ HTTP/1.1" 200 3223
INFO 2025-11-05 19:46:35,820 basehttp 22988 23628 "GET /api/spare-parts/parts/ HTTP/1.1" 200 6169
INFO 2025-11-05 19:46:35,962 basehttp 22988 23628 "GET /api/services/service-categories/ HTTP/1.1" 200 3223
INFO 2025-11-05 19:46:39,186 basehttp 22988 28536 "GET /api/services/service-categories/ HTTP/1.1" 200 3223
INFO 2025-11-05 19:46:39,733 basehttp 22988 23628 "GET /api/spare-parts/parts/ HTTP/1.1" 200 6169
INFO 2025-11-05 19:46:44,418 basehttp 22988 23628 "GET /api/spare-parts/parts/ HTTP/1.1" 200 6169
INFO 2025-11-05 19:46:45,609 basehttp 22988 28536 "GET /api/services/service-categories/ HTTP/1.1" 200 3223
INFO 2025-11-05 19:46:52,338 basehttp 22988 18376 "GET /api/services/service-categories/ HTTP/1.1" 200 3223
INFO 2025-11-05 19:46:52,952 basehttp 22988 28536 "GET /api/spare-parts/parts/ HTTP/1.1" 200 6169
INFO 2025-11-05 19:46:58,762 basehttp 22988 18376 "GET /api/services/service-categories/ HTTP/1.1" 200 3223
INFO 2025-11-05 19:46:59,665 basehttp 22988 28388 - Broken pipe from ('127.0.0.1', 62605)
INFO 2025-11-05 19:47:05,481 basehttp 22988 24248 "GET /api/services/service-categories/ HTTP/1.1" 200 3223
INFO 2025-11-05 19:47:07,145 basehttp 22988 24248 "GET /api/services/services/ HTTP/1.1" 200 14332
INFO 2025-11-05 19:47:07,934 basehttp 22988 28260 - Broken pipe from ('127.0.0.1', 59616)
INFO 2025-11-05 19:47:08,520 basehttp 22988 23628 - Broken pipe from ('127.0.0.1', 53771)
INFO 2025-11-05 19:47:10,361 basehttp 22988 24248 "GET /api/services/services/ HTTP/1.1" 200 14332
INFO 2025-11-05 19:47:10,859 basehttp 22988 18376 "GET /api/spare-parts/parts/ HTTP/1.1" 200 6169
INFO 2025-11-05 19:47:11,902 basehttp 22988 18376 "GET /api/services/service-categories/ HTTP/1.1" 200 3223
INFO 2025-11-05 19:47:16,795 basehttp 22988 18376 "GET /api/services/services/ HTTP/1.1" 200 14332
INFO 2025-11-05 19:47:21,316 basehttp 22988 28536 - Broken pipe from ('127.0.0.1', 63154)
INFO 2025-11-05 19:47:23,215 basehttp 22988 24248 "GET /api/services/services/ HTTP/1.1" 200 14332
INFO 2025-11-05 19:47:24,488 basehttp 22988 18376 "GET /api/spare-parts/parts/ HTTP/1.1" 200 6169
INFO 2025-11-05 19:47:29,647 basehttp 22988 18376 "GET /api/services/services/ HTTP/1.1" 200 14332
INFO 2025-11-05 19:47:36,061 basehttp 22988 24248 "GET /api/services/services/ HTTP/1.1" 200 14332
INFO 2025-11-05 19:47:38,477 basehttp 22988 18376 "GET /api/spare-parts/parts/ HTTP/1.1" 200 6169
INFO 2025-11-05 19:47:42,479 basehttp 22988 18376 "GET /api/services/services/ HTTP/1.1" 200 14332
INFO 2025-11-05 19:47:52,083 basehttp 22988 18376 "GET /api/spare-parts/parts/ HTTP/1.1" 200 6169
INFO 2025-11-05 19:48:05,479 basehttp 22988 18376 "GET /api/spare-parts/parts/ HTTP/1.1" 200 6169
INFO 2025-11-05 19:49:44,821 basehttp 22988 24984 "GET /api/spare-parts/parts/ HTTP/1.1" 200 6169
INFO 2025-11-05 19:49:56,780 basehttp 22988 24984 "GET /api/spare-parts/parts/ HTTP/1.1" 200 6169
INFO 2025-11-05 19:50:18,990 basehttp 22988 24984 "GET /api/spare-parts/parts/ HTTP/1.1" 200 6169
INFO 2025-11-05 19:50:19,046 basehttp 22988 24984 "GET /media/spare_parts/images/amaron_battery_primary.png HTTP/1.1" 200 68
INFO 2025-11-05 20:01:09,213 autoreload 27688 21992 Watching for file changes with StatReloader
WARNING 2025-11-05 20:01:40,668 log 22988 25124 Not Found: /
WARNING 2025-11-05 20:01:40,669 basehttp 22988 25124 "GET / HTTP/1.1" 404 4077
WARNING 2025-11-05 20:01:40,753 log 22988 25124 Not Found: /favicon.ico
WARNING 2025-11-05 20:01:40,754 basehttp 22988 25124 "GET /favicon.ico HTTP/1.1" 404 4128
WARNING 2025-11-05 20:01:47,825 log 22988 25124 Not Found: /^media/
WARNING 2025-11-05 20:01:47,826 basehttp 22988 25124 "GET /%5Emedia/ HTTP/1.1" 404 4118
INFO 2025-11-05 20:11:58,948 autoreload 18244 25240 D:\developer\31oct\3nov\backend\repairmybike_backend\repairmybike\settings.py changed, reloading.
INFO 2025-11-05 20:11:59,024 autoreload 27688 21992 D:\developer\31oct\3nov\backend\repairmybike_backend\repairmybike\settings.py changed, reloading.
INFO 2025-11-05 20:11:59,126 autoreload 22988 2828 D:\developer\31oct\3nov\backend\repairmybike_backend\repairmybike\settings.py changed, reloading.
INFO 2025-11-05 20:12:00,319 autoreload 16876 28008 Watching for file changes with StatReloader
INFO 2025-11-05 20:12:00,523 autoreload 28932 18984 Watching for file changes with StatReloader
INFO 2025-11-05 20:12:00,533 autoreload 28192 25348 Watching for file changes with StatReloader
INFO 2025-11-05 20:12:14,514 autoreload 12328 29632 Watching for file changes with StatReloader
INFO 2025-11-05 20:12:37,505 basehttp 28192 3088 "GET /media/spare_parts/images/amaron_battery_primary.png HTTP/1.1" 200 68
INFO 2025-11-06 22:14:57,737 autoreload 23632 7984 Watching for file changes with StatReloader
WARNING 2025-11-06 22:15:08,730 log 23632 13492 Not Found: /
WARNING 2025-11-06 22:15:08,731 basehttp 23632 13492 "GET /?ide_webview_request_time=1762447508387 HTTP/1.1" 404 4116
WARNING 2025-11-06 22:15:09,749 log 23632 13492 Not Found: /@vite/client
WARNING 2025-11-06 22:15:09,750 basehttp 23632 13492 "GET /@vite/client HTTP/1.1" 404 4131
WARNING 2025-11-06 22:16:09,901 log 23632 22364 Forbidden: /api/auth/profile/
WARNING 2025-11-06 22:16:09,901 basehttp 23632 22364 "GET /api/auth/profile/ HTTP/1.1" 403 58
WARNING 2025-11-06 22:16:19,848 log 23632 22364 Not Found: /api/staff/bookings/
WARNING 2025-11-06 22:16:19,849 basehttp 23632 22364 "GET /api/staff/bookings/ HTTP/1.1" 404 8023
INFO 2025-11-06 22:16:36,079 autoreload 23632 7984 D:\developer\31oct\3nov\backend\repairmybike_backend\staff\urls.py changed, reloading.
INFO 2025-11-06 22:16:36,718 autoreload 10148 15252 Watching for file changes with StatReloader
WARNING 2025-11-06 22:16:42,770 log 10148 20700 Forbidden: /api/staff/bookings/
WARNING 2025-11-06 22:16:42,771 basehttp 10148 20700 "GET /api/staff/bookings/ HTTP/1.1" 403 58
INFO 2025-11-06 22:17:07,340 basehttp 10148 20700 "POST /api/auth/otp/request/ HTTP/1.1" 200 105
ERROR 2025-11-06 22:17:18,882 views 10148 20700 Unified OTP verification failed: {'status_code': 401, 'error_type': 'server error', 'error_message': '{"errorCode":"E061102","errorDescription":"One time code is invalid"}'}
WARNING 2025-11-06 22:17:18,883 log 10148 20700 Bad Request: /api/auth/otp/verify/
WARNING 2025-11-06 22:17:18,883 basehttp 10148 20700 "POST /api/auth/otp/verify/ HTTP/1.1" 400 196
ERROR 2025-11-06 22:17:32,360 views 10148 20700 Email OTP verification failed: {'status_code': 401, 'error_type': 'server error', 'error_message': '{"errorCode":"E061102","errorDescription":"One time code is invalid"}'}
WARNING 2025-11-06 22:17:32,361 log 10148 20700 Bad Request: /api/auth/email/verify-otp/
WARNING 2025-11-06 22:17:32,361 basehttp 10148 20700 "POST /api/auth/email/verify-otp/ HTTP/1.1" 400 196
INFO 2025-11-06 22:21:39,878 autoreload 10148 15252 D:\developer\31oct\3nov\backend\repairmybike_backend\authentication\models.py changed, reloading.
INFO 2025-11-06 22:21:40,544 autoreload 5900 5296 Watching for file changes with StatReloader
INFO 2025-11-06 22:21:46,481 autoreload 5900 5296 D:\developer\31oct\3nov\backend\repairmybike_backend\authentication\admin.py changed, reloading.
INFO 2025-11-06 22:21:47,133 autoreload 8156 8440 Watching for file changes with StatReloader
INFO 2025-11-06 22:22:00,394 autoreload 8156 8440 D:\developer\31oct\3nov\backend\repairmybike_backend\authentication\views.py changed, reloading.
INFO 2025-11-06 22:22:00,991 autoreload 14420 24340 Watching for file changes with StatReloader
INFO 2025-11-06 22:41:30,613 autoreload 14420 24340 D:\developer\31oct\3nov\backend\repairmybike_backend\authentication\authentication.py changed, reloading.
INFO 2025-11-06 22:41:31,237 autoreload 4176 23040 Watching for file changes with StatReloader
INFO 2025-11-06 22:41:36,244 autoreload 4176 23040 D:\developer\31oct\3nov\backend\repairmybike_backend\repairmybike\settings.py changed, reloading.
INFO 2025-11-06 22:41:36,859 autoreload 12540 14936 Watching for file changes with StatReloader
INFO 2025-11-06 22:41:41,857 autoreload 12540 14936 D:\developer\31oct\3nov\backend\repairmybike_backend\authentication\serializers.py changed, reloading.
INFO 2025-11-06 22:41:42,460 autoreload 24020 13052 Watching for file changes with StatReloader
INFO 2025-11-06 22:42:10,186 autoreload 24020 13052 D:\developer\31oct\3nov\backend\repairmybike_backend\authentication\views.py changed, reloading.
INFO 2025-11-06 22:42:10,775 autoreload 924 22088 Watching for file changes with StatReloader
INFO 2025-11-06 22:42:20,040 autoreload 924 22088 D:\developer\31oct\3nov\backend\repairmybike_backend\authentication\urls.py changed, reloading.
INFO 2025-11-06 22:42:20,627 autoreload 4840 22068 Watching for file changes with StatReloader
INFO 2025-11-06 22:42:55,426 autoreload 6836 22404 Watching for file changes with StatReloader
INFO 2025-11-06 22:43:25,228 basehttp 4840 14948 "POST /api/auth/staff/login/password/ HTTP/1.1" 200 369
INFO 2025-11-06 22:43:39,793 basehttp 4840 14948 "POST /api/auth/staff/login/password/ HTTP/1.1" 200 369
INFO 2025-11-06 22:43:54,225 basehttp 4840 14948 "GET /api/auth/profile/ HTTP/1.1" 200 265
INFO 2025-11-06 22:44:08,810 basehttp 4840 14948 "POST /api/auth/admin/login/password/ HTTP/1.1" 200 369
INFO 2025-11-06 22:44:29,570 basehttp 4840 14948 "GET /api/staff/bookings/ HTTP/1.1" 200 954
WARNING 2025-11-06 23:00:20,372 log 4840 6192 Bad Request: /api/auth/staff/login/password/
WARNING 2025-11-06 23:00:20,372 basehttp 4840 6192 "POST /api/auth/staff/login/password/ HTTP/1.1" 400 107
INFO 2025-11-06 23:00:20,517 basehttp 4840 6192 - Broken pipe from ('127.0.0.1', 54296)
WARNING 2025-11-06 23:02:12,878 log 4840 1400 Bad Request: /api/auth/staff/login/password/
WARNING 2025-11-06 23:02:12,878 basehttp 4840 1400 "POST /api/auth/staff/login/password/ HTTP/1.1" 400 107
INFO 2025-11-09 11:40:36,594 autoreload 27996 22004 Watching for file changes with StatReloader
INFO 2025-11-09 11:40:53,925 autoreload 27996 22004 D:\developer\31oct\3nov\backend2\repairmybike_backend\services\models.py changed, reloading.
INFO 2025-11-09 11:40:54,528 autoreload 17464 24608 Watching for file changes with StatReloader
INFO 2025-11-09 12:21:28,440 autoreload 28000 23088 Watching for file changes with StatReloader
INFO 2025-11-09 22:15:30,436 autoreload 15964 17536 Watching for file changes with StatReloader
INFO 2025-11-09 22:18:10,240 basehttp 15964 1960 "GET /api/vehicles/vehicle-types/ HTTP/1.1" 200 340
INFO 2025-11-09 22:18:30,580 basehttp 15964 1960 "GET /api/vehicles/vehicle-brands/?vehicle_type=1 HTTP/1.1" 200 1078
INFO 2025-11-09 22:19:42,461 basehttp 15964 1960 "GET /api/vehicles/vehicle-models/?vehicle_brand=1 HTTP/1.1" 200 4005
INFO 2025-11-09 22:36:06,524 basehttp 15964 28032 "GET /api/vehicles/vehicle-brands/?vehicle_type=1 HTTP/1.1" 200 1078
INFO 2025-11-09 22:36:58,820 basehttp 15964 16460 "GET /api/subscriptions/plans/ HTTP/1.1" 200 52
INFO 2025-11-09 22:36:59,354 basehttp 15964 1108 "GET /api/services/service-categories/ HTTP/1.1" 200 375
ERROR 2025-11-09 22:36:59,680 authentication 15964 24864 Authentication failed: {'status_code': 401, 'error_type': 'invalid token', 'error_message': 'Received expired token (exp in past) during jwt validation. (sometimes can be due to time glitch (between machines), try to set the jwt_validation_leeway parameter (in DescopeClient) to higher value than 5sec which is the default)'}
INFO 2025-11-09 22:36:59,800 basehttp 15964 8876 "GET /api/spare-parts/parts/ HTTP/1.1" 200 72
INFO 2025-11-09 22:37:00,311 basehttp 15964 26540 "GET /api/services/services/ HTTP/1.1" 200 639
INFO 2025-11-09 22:37:00,982 basehttp 15964 24864 "GET /api/bookings/bookings/?phone=8901232357 HTTP/1.1" 200 889
ERROR 2025-11-09 22:38:03,798 authentication 15964 11468 Authentication failed: {'status_code': 401, 'error_type': 'invalid token', 'error_message': 'Received expired token (exp in past) during jwt validation. (sometimes can be due to time glitch (between machines), try to set the jwt_validation_leeway parameter (in DescopeClient) to higher value than 5sec which is the default)'}
INFO 2025-11-09 22:38:05,159 basehttp 15964 11468 "GET /api/bookings/bookings/?phone=8901232357 HTTP/1.1" 200 889
ERROR 2025-11-09 22:39:07,912 authentication 15964 10204 Authentication failed: {'status_code': 401, 'error_type': 'invalid token', 'error_message': 'Received expired token (exp in past) during jwt validation. (sometimes can be due to time glitch (between machines), try to set the jwt_validation_leeway parameter (in DescopeClient) to higher value than 5sec which is the default)'}
INFO 2025-11-09 22:39:09,214 basehttp 15964 10204 "GET /api/bookings/bookings/?phone=8901232357 HTTP/1.1" 200 889
INFO 2025-11-23 12:40:46,429 autoreload 22776 21864 Watching for file changes with StatReloader
INFO 2025-11-23 12:47:25,795 autoreload 12500 13992 Watching for file changes with StatReloader
WARNING 2025-11-23 12:47:33,700 log 12500 20792 Not Found: /
WARNING 2025-11-23 12:47:33,701 basehttp 12500 20792 "GET /?ide_webview_request_time=1763882253661 HTTP/1.1" 404 4116
WARNING 2025-11-23 12:47:33,901 log 12500 20792 Not Found: /@vite/client
WARNING 2025-11-23 12:47:33,902 basehttp 12500 20792 "GET /@vite/client HTTP/1.1" 404 4131
ERROR 2025-11-23 12:48:07,219 log 22460 20188 Invalid HTTP_HOST header: 'testserver'. You may need to add 'testserver' to ALLOWED_HOSTS.
Traceback (most recent call last):
  File "C:\Users\wolf\11sat\repairmybike_backend\venv\Lib\site-packages\django\core\handlers\exception.py", line 55, in inner
    response = get_response(request)
  File "C:\Users\wolf\11sat\repairmybike_backend\venv\Lib\site-packages\django\utils\deprecation.py", line 119, in __call__
    response = self.process_request(request)
  File "C:\Users\wolf\11sat\repairmybike_backend\venv\Lib\site-packages\django\middleware\common.py", line 48, in process_request
    host = request.get_host()
  File "C:\Users\wolf\11sat\repairmybike_backend\venv\Lib\site-packages\django\http\request.py", line 202, in get_host
    raise DisallowedHost(msg)
django.core.exceptions.DisallowedHost: Invalid HTTP_HOST header: 'testserver'. You may need to add 'testserver' to ALLOWED_HOSTS.
INFO 2025-11-23 15:08:54,071 autoreload 12968 17744 Watching for file changes with StatReloader
INFO 2025-11-23 15:09:00,460 basehttp 12968 12608 "GET /api/subscriptions/plans/ HTTP/1.1" 200 52
INFO 2025-11-23 15:09:00,976 basehttp 12968 28140 "GET /api/services/service-categories/ HTTP/1.1" 200 375
INFO 2025-11-23 15:09:01,780 basehttp 12968 17636 "GET /api/services/services/ HTTP/1.1" 200 639
INFO 2025-11-23 15:09:02,979 basehttp 12968 30268 "GET /api/spare-parts/parts/ HTTP/1.1" 200 6248
WARNING 2025-11-23 15:09:03,090 log 12968 21460 Not Found: /media/spare_parts/images/mrf_zapper_w12SRKN.png
WARNING 2025-11-23 15:09:03,090 log 12968 19664 Not Found: /media/spare_parts/images/Screenshot_2025-07-30_035610.png
WARNING 2025-11-23 15:09:03,090 log 12968 10116 Not Found: /media/spare_parts/images/exide_battery_primary_OulVXYE.png
WARNING 2025-11-23 15:09:03,090 log 12968 28364 Not Found: /media/spare_parts/images/motul_7100_h8rs1gX.png
WARNING 2025-11-23 15:09:03,090 log 12968 22964 Not Found: /media/spare_parts/images/castrol_power1_vu5Geaw.png
WARNING 2025-11-23 15:09:03,090 log 12968 27460 Not Found: /media/spare_parts/images/bosch_brake_front_6Z2ac6I.png
WARNING 2025-11-23 15:09:03,091 log 12968 25980 Not Found: /media/spare_parts/images/kn_air_filter_42aVR9V.png
WARNING 2025-11-23 15:09:03,091 basehttp 12968 19664 "GET /media/spare_parts/images/Screenshot_2025-07-30_035610.png HTTP/1.1" 404 4526
WARNING 2025-11-23 15:09:03,091 basehttp 12968 21460 "GET /media/spare_parts/images/mrf_zapper_w12SRKN.png HTTP/1.1" 404 4486
WARNING 2025-11-23 15:09:03,092 basehttp 12968 10116 "GET /media/spare_parts/images/exide_battery_primary_OulVXYE.png HTTP/1.1" 404 4530
WARNING 2025-11-23 15:09:03,092 basehttp 12968 28364 "GET /media/spare_parts/images/motul_7100_h8rs1gX.png HTTP/1.1" 404 4486
WARNING 2025-11-23 15:09:03,092 basehttp 12968 22964 "GET /media/spare_parts/images/castrol_power1_vu5Geaw.png HTTP/1.1" 404 4502
WARNING 2025-11-23 15:09:03,093 basehttp 12968 27460 "GET /media/spare_parts/images/bosch_brake_front_6Z2ac6I.png HTTP/1.1" 404 4514
WARNING 2025-11-23 15:09:03,093 basehttp 12968 25980 "GET /media/spare_parts/images/kn_air_filter_42aVR9V.png HTTP/1.1" 404 4498
WARNING 2025-11-23 15:09:07,265 log 12968 28364 Not Found: /media/spare_parts/images/ngk_cr7_NoMnd1Z.png
WARNING 2025-11-23 15:09:07,266 basehttp 12968 28364 "GET /media/spare_parts/images/ngk_cr7_NoMnd1Z.png HTTP/1.1" 404 4474
WARNING 2025-11-23 15:09:07,314 log 12968 28364 Not Found: /media/spare_parts/images/rk_chain_kit_pJztT5h.png
WARNING 2025-11-23 15:09:07,314 basehttp 12968 28364 "GET /media/spare_parts/images/rk_chain_kit_pJztT5h.png HTTP/1.1" 404 4494
WARNING 2025-11-23 15:09:07,589 log 12968 28364 Not Found: /media/spare_parts/images/tvs_air_filter_xzd3DrI.png
WARNING 2025-11-23 15:09:07,589 basehttp 12968 28364 "GET /media/spare_parts/images/tvs_air_filter_xzd3DrI.png HTTP/1.1" 404 4502
WARNING 2025-11-23 15:09:07,892 log 12968 28364 Not Found: /media/spare_parts/images/castrol_power1_vu5Geaw.png
WARNING 2025-11-23 15:09:07,892 basehttp 12968 28364 "GET /media/spare_parts/images/castrol_power1_vu5Geaw.png HTTP/1.1" 404 4502
WARNING 2025-11-23 15:09:08,056 log 12968 21460 Not Found: /media/spare_parts/images/Screenshot_2025-07-30_035610.png
WARNING 2025-11-23 15:09:08,058 log 12968 28364 Not Found: /media/spare_parts/images/bosch_brake_front_6Z2ac6I.png
WARNING 2025-11-23 15:09:08,059 basehttp 12968 21460 "GET /media/spare_parts/images/Screenshot_2025-07-30_035610.png HTTP/1.1" 404 4526
WARNING 2025-11-23 15:09:08,059 basehttp 12968 28364 "GET /media/spare_parts/images/bosch_brake_front_6Z2ac6I.png HTTP/1.1" 404 4514
WARNING 2025-11-23 15:09:09,642 log 12968 28364 Not Found: /media/spare_parts/images/Screenshot_2025-07-30_035610.png
WARNING 2025-11-23 15:09:09,642 basehttp 12968 28364 "GET /media/spare_parts/images/Screenshot_2025-07-30_035610.png HTTP/1.1" 404 4526
WARNING 2025-11-23 15:09:09,903 log 12968 10116 Not Found: /media/spare_parts/images/castrol_power1_vu5Geaw.png
WARNING 2025-11-23 15:09:09,908 log 12968 19664 Not Found: /media/spare_parts/images/kn_air_filter_42aVR9V.png
WARNING 2025-11-23 15:09:09,911 log 12968 21460 Not Found: /media/spare_parts/images/bosch_brake_front_6Z2ac6I.png
WARNING 2025-11-23 15:09:09,916 log 12968 25980 Not Found: /media/spare_parts/images/motul_7100_h8rs1gX.png
WARNING 2025-11-23 15:09:09,918 log 12968 27460 Not Found: /media/spare_parts/images/exide_battery_primary_OulVXYE.png
WARNING 2025-11-23 15:09:09,922 log 12968 28364 Not Found: /media/spare_parts/images/Screenshot_2025-07-30_035610.png
WARNING 2025-11-23 15:09:09,926 log 12968 22964 Not Found: /media/spare_parts/images/mrf_zapper_w12SRKN.png
WARNING 2025-11-23 15:09:09,926 basehttp 12968 10116 "GET /media/spare_parts/images/castrol_power1_vu5Geaw.png HTTP/1.1" 404 4502
WARNING 2025-11-23 15:09:09,927 basehttp 12968 19664 "GET /media/spare_parts/images/kn_air_filter_42aVR9V.png HTTP/1.1" 404 4498
WARNING 2025-11-23 15:09:09,927 basehttp 12968 21460 "GET /media/spare_parts/images/bosch_brake_front_6Z2ac6I.png HTTP/1.1" 404 4514
WARNING 2025-11-23 15:09:09,927 basehttp 12968 25980 "GET /media/spare_parts/images/motul_7100_h8rs1gX.png HTTP/1.1" 404 4486
WARNING 2025-11-23 15:09:09,928 basehttp 12968 27460 "GET /media/spare_parts/images/exide_battery_primary_OulVXYE.png HTTP/1.1" 404 4530
WARNING 2025-11-23 15:09:09,928 basehttp 12968 28364 "GET /media/spare_parts/images/Screenshot_2025-07-30_035610.png HTTP/1.1" 404 4526
WARNING 2025-11-23 15:09:09,928 basehttp 12968 22964 "GET /media/spare_parts/images/mrf_zapper_w12SRKN.png HTTP/1.1" 404 4486
WARNING 2025-11-23 15:09:18,914 log 12968 28364 Not Found: /media/spare_parts/images/Screenshot_2025-07-30_035610.png
WARNING 2025-11-23 15:09:18,919 log 12968 10116 Not Found: /media/spare_parts/images/castrol_power1_vu5Geaw.png
WARNING 2025-11-23 15:09:18,921 log 12968 27460 Not Found: /media/spare_parts/images/exide_battery_primary_OulVXYE.png
WARNING 2025-11-23 15:09:18,923 log 12968 21460 Not Found: /media/spare_parts/images/bosch_brake_front_6Z2ac6I.png
WARNING 2025-11-23 15:09:18,926 log 12968 22964 Not Found: /media/spare_parts/images/mrf_zapper_w12SRKN.png
WARNING 2025-11-23 15:09:18,929 log 12968 25980 Not Found: /media/spare_parts/images/kn_air_filter_42aVR9V.png
WARNING 2025-11-23 15:09:18,932 log 12968 19664 Not Found: /media/spare_parts/images/motul_7100_h8rs1gX.png
WARNING 2025-11-23 15:09:18,933 basehttp 12968 28364 "GET /media/spare_parts/images/Screenshot_2025-07-30_035610.png HTTP/1.1" 404 4526
WARNING 2025-11-23 15:09:18,933 basehttp 12968 10116 "GET /media/spare_parts/images/castrol_power1_vu5Geaw.png HTTP/1.1" 404 4502
WARNING 2025-11-23 15:09:18,933 basehttp 12968 27460 "GET /media/spare_parts/images/exide_battery_primary_OulVXYE.png HTTP/1.1" 404 4530
WARNING 2025-11-23 15:09:18,934 basehttp 12968 21460 "GET /media/spare_parts/images/bosch_brake_front_6Z2ac6I.png HTTP/1.1" 404 4514
WARNING 2025-11-23 15:09:18,934 basehttp 12968 22964 "GET /media/spare_parts/images/mrf_zapper_w12SRKN.png HTTP/1.1" 404 4486
WARNING 2025-11-23 15:09:18,934 basehttp 12968 19664 "GET /media/spare_parts/images/motul_7100_h8rs1gX.png HTTP/1.1" 404 4486
WARNING 2025-11-23 15:09:18,935 basehttp 12968 25980 "GET /media/spare_parts/images/kn_air_filter_42aVR9V.png HTTP/1.1" 404 4498
INFO 2025-11-23 15:09:21,290 basehttp 12968 26056 "POST /api/spare-parts/cart/add/ HTTP/1.1" 201 519
INFO 2025-11-23 15:09:29,774 basehttp 12968 20832 "POST /api/spare-parts/cart/checkout/ HTTP/1.1" 201 730
WARNING 2025-11-23 15:09:30,575 log 12968 29352 Bad Request: /api/spare-parts/cart/checkout/
WARNING 2025-11-23 15:09:30,576 basehttp 12968 29352 "POST /api/spare-parts/cart/checkout/ HTTP/1.1" 400 40
WARNING 2025-11-23 15:09:30,961 log 12968 20388 Bad Request: /api/spare-parts/cart/checkout/
WARNING 2025-11-23 15:09:30,961 basehttp 12968 20388 "POST /api/spare-parts/cart/checkout/ HTTP/1.1" 400 40
WARNING 2025-11-23 15:09:31,276 log 12968 4152 Bad Request: /api/spare-parts/cart/checkout/
WARNING 2025-11-23 15:09:31,277 basehttp 12968 4152 "POST /api/spare-parts/cart/checkout/ HTTP/1.1" 400 40
WARNING 2025-11-23 15:09:31,584 log 12968 10788 Bad Request: /api/spare-parts/cart/checkout/
WARNING 2025-11-23 15:09:31,585 basehttp 12968 10788 "POST /api/spare-parts/cart/checkout/ HTTP/1.1" 400 40
WARNING 2025-11-23 15:09:32,014 log 12968 27184 Bad Request: /api/spare-parts/cart/checkout/
WARNING 2025-11-23 15:09:32,015 basehttp 12968 27184 "POST /api/spare-parts/cart/checkout/ HTTP/1.1" 400 40
WARNING 2025-11-23 15:09:32,058 log 12968 29004 Bad Request: /api/spare-parts/cart/checkout/
WARNING 2025-11-23 15:09:32,059 basehttp 12968 29004 "POST /api/spare-parts/cart/checkout/ HTTP/1.1" 400 40
ERROR 2025-11-23 15:09:35,907 authentication 12968 13612 Authentication failed: {'status_code': 401, 'error_type': 'invalid token', 'error_message': 'Received expired token (exp in past) during jwt validation. (sometimes can be due to time glitch (between machines), try to set the jwt_validation_leeway parameter (in DescopeClient) to higher value than 5sec which is the default)'}
INFO 2025-11-23 15:09:37,506 basehttp 12968 13612 "GET /api/bookings/bookings/?phone=8901232357 HTTP/1.1" 200 898
ERROR 2025-11-23 15:09:48,296 authentication 12968 30156 Authentication failed: {'status_code': 401, 'error_type': 'invalid token', 'error_message': 'Received expired token (exp in past) during jwt validation. (sometimes can be due to time glitch (between machines), try to set the jwt_validation_leeway parameter (in DescopeClient) to higher value than 5sec which is the default)'}
INFO 2025-11-23 15:09:49,613 basehttp 12968 30156 "GET /api/bookings/bookings/?phone=8901232357 HTTP/1.1" 200 898
WARNING 2025-11-23 15:09:56,244 log 12968 10856 Not Found: /media/spare_parts/images/bosch_brake_front_6Z2ac6I.png
WARNING 2025-11-23 15:09:56,244 basehttp 12968 10856 "GET /media/spare_parts/images/bosch_brake_front_6Z2ac6I.png HTTP/1.1" 404 4514
WARNING 2025-11-23 15:09:56,528 log 12968 10856 Not Found: /media/spare_parts/images/Screenshot_2025-07-30_035610.png
WARNING 2025-11-23 15:09:56,531 basehttp 12968 10856 "GET /media/spare_parts/images/Screenshot_2025-07-30_035610.png HTTP/1.1" 404 4526
WARNING 2025-11-23 15:09:56,544 log 12968 26096 Not Found: /media/spare_parts/images/bosch_brake_front_6Z2ac6I.png
WARNING 2025-11-23 15:09:56,547 log 12968 2220 Not Found: /media/spare_parts/images/castrol_power1_vu5Geaw.png
WARNING 2025-11-23 15:09:56,551 log 12968 17024 Not Found: /media/spare_parts/images/exide_battery_primary_OulVXYE.png
WARNING 2025-11-23 15:09:56,553 basehttp 12968 26096 "GET /media/spare_parts/images/bosch_brake_front_6Z2ac6I.png HTTP/1.1" 404 4514
WARNING 2025-11-23 15:09:56,553 basehttp 12968 2220 "GET /media/spare_parts/images/castrol_power1_vu5Geaw.png HTTP/1.1" 404 4502
WARNING 2025-11-23 15:09:56,556 log 12968 28432 Not Found: /media/spare_parts/images/kn_air_filter_42aVR9V.png
WARNING 2025-11-23 15:09:56,557 basehttp 12968 17024 "GET /media/spare_parts/images/exide_battery_primary_OulVXYE.png HTTP/1.1" 404 4530
WARNING 2025-11-23 15:09:56,560 log 12968 16820 Not Found: /media/spare_parts/images/motul_7100_h8rs1gX.png
WARNING 2025-11-23 15:09:56,564 log 12968 26568 Not Found: /media/spare_parts/images/mrf_zapper_w12SRKN.png
WARNING 2025-11-23 15:09:56,564 basehttp 12968 28432 "GET /media/spare_parts/images/kn_air_filter_42aVR9V.png HTTP/1.1" 404 4498
WARNING 2025-11-23 15:09:56,565 basehttp 12968 16820 "GET /media/spare_parts/images/motul_7100_h8rs1gX.png HTTP/1.1" 404 4486
WARNING 2025-11-23 15:09:56,565 basehttp 12968 26568 "GET /media/spare_parts/images/mrf_zapper_w12SRKN.png HTTP/1.1" 404 4486
WARNING 2025-11-23 15:10:20,224 log 12968 11996 Not Found: /media/spare_parts/images/Screenshot_2025-07-30_035610.png
WARNING 2025-11-23 15:10:20,227 log 12968 10452 Not Found: /media/spare_parts/images/kn_air_filter_42aVR9V.png
WARNING 2025-11-23 15:10:20,229 log 12968 28104 Not Found: /media/spare_parts/images/mrf_zapper_w12SRKN.png
WARNING 2025-11-23 15:10:20,233 log 12968 8944 Not Found: /media/spare_parts/images/motul_7100_h8rs1gX.png
WARNING 2025-11-23 15:10:20,235 log 12968 11056 Not Found: /media/spare_parts/images/castrol_power1_vu5Geaw.png
WARNING 2025-11-23 15:10:20,240 log 12968 23560 Not Found: /media/spare_parts/images/exide_battery_primary_OulVXYE.png
WARNING 2025-11-23 15:10:20,244 log 12968 16656 Not Found: /media/spare_parts/images/bosch_brake_front_6Z2ac6I.png
WARNING 2025-11-23 15:10:20,244 basehttp 12968 10452 "GET /media/spare_parts/images/kn_air_filter_42aVR9V.png HTTP/1.1" 404 4498
WARNING 2025-11-23 15:10:20,244 basehttp 12968 11996 "GET /media/spare_parts/images/Screenshot_2025-07-30_035610.png HTTP/1.1" 404 4526
WARNING 2025-11-23 15:10:20,245 basehttp 12968 28104 "GET /media/spare_parts/images/mrf_zapper_w12SRKN.png HTTP/1.1" 404 4486
WARNING 2025-11-23 15:10:20,245 basehttp 12968 8944 "GET /media/spare_parts/images/motul_7100_h8rs1gX.png HTTP/1.1" 404 4486
WARNING 2025-11-23 15:10:20,245 basehttp 12968 11056 "GET /media/spare_parts/images/castrol_power1_vu5Geaw.png HTTP/1.1" 404 4502
WARNING 2025-11-23 15:10:20,246 basehttp 12968 16656 "GET /media/spare_parts/images/bosch_brake_front_6Z2ac6I.png HTTP/1.1" 404 4514
WARNING 2025-11-23 15:10:20,246 basehttp 12968 23560 "GET /media/spare_parts/images/exide_battery_primary_OulVXYE.png HTTP/1.1" 404 4530
WARNING 2025-11-23 15:10:23,453 log 12968 10452 Not Found: /media/spare_parts/images/exide_battery_primary_OulVXYE.png
WARNING 2025-11-23 15:10:23,453 basehttp 12968 10452 "GET /media/spare_parts/images/exide_battery_primary_OulVXYE.png HTTP/1.1" 404 4530
WARNING 2025-11-23 15:10:23,858 log 12968 16656 Not Found: /media/spare_parts/images/tvs_air_filter_xzd3DrI.png
WARNING 2025-11-23 15:10:23,861 log 12968 11996 Not Found: /media/spare_parts/images/rk_chain_kit_pJztT5h.png
WARNING 2025-11-23 15:10:23,864 log 12968 10452 Not Found: /media/spare_parts/images/ngk_cr7_NoMnd1Z.png
WARNING 2025-11-23 15:10:23,865 basehttp 12968 16656 "GET /media/spare_parts/images/tvs_air_filter_xzd3DrI.png HTTP/1.1" 404 4502
WARNING 2025-11-23 15:10:23,865 basehttp 12968 11996 "GET /media/spare_parts/images/rk_chain_kit_pJztT5h.png HTTP/1.1" 404 4494
WARNING 2025-11-23 15:10:23,865 basehttp 12968 10452 "GET /media/spare_parts/images/ngk_cr7_NoMnd1Z.png HTTP/1.1" 404 4474
WARNING 2025-11-23 15:10:24,027 log 12968 10452 Not Found: /media/spare_parts/images/mrf_zapper_w12SRKN.png
WARNING 2025-11-23 15:10:24,028 basehttp 12968 10452 "GET /media/spare_parts/images/mrf_zapper_w12SRKN.png HTTP/1.1" 404 4486
WARNING 2025-11-23 15:10:24,446 log 12968 10452 Not Found: /media/spare_parts/images/castrol_power1_vu5Geaw.png
WARNING 2025-11-23 15:10:24,449 log 12968 16656 Not Found: /media/spare_parts/images/Screenshot_2025-07-30_035610.png
WARNING 2025-11-23 15:10:24,453 log 12968 11996 Not Found: /media/spare_parts/images/bosch_brake_front_6Z2ac6I.png
WARNING 2025-11-23 15:10:24,460 basehttp 12968 10452 "GET /media/spare_parts/images/castrol_power1_vu5Geaw.png HTTP/1.1" 404 4502
WARNING 2025-11-23 15:10:24,460 basehttp 12968 16656 "GET /media/spare_parts/images/Screenshot_2025-07-30_035610.png HTTP/1.1" 404 4526
WARNING 2025-11-23 15:10:24,460 basehttp 12968 11996 "GET /media/spare_parts/images/bosch_brake_front_6Z2ac6I.png HTTP/1.1" 404 4514
ERROR 2025-11-23 15:10:52,808 authentication 12968 26296 Authentication failed: {'status_code': 401, 'error_type': 'invalid token', 'error_message': 'Received expired token (exp in past) during jwt validation. (sometimes can be due to time glitch (between machines), try to set the jwt_validation_leeway parameter (in DescopeClient) to higher value than 5sec which is the default)'}
INFO 2025-11-23 15:10:54,139 basehttp 12968 26296 "GET /api/bookings/bookings/?phone=8901232357 HTTP/1.1" 200 898
WARNING 2025-11-23 15:11:53,120 log 12968 23760 Not Found: /media/spare_parts/images/exide_battery_primary_OulVXYE.png
WARNING 2025-11-23 15:11:53,121 basehttp 12968 23760 "GET /media/spare_parts/images/exide_battery_primary_OulVXYE.png HTTP/1.1" 404 4530
WARNING 2025-11-23 15:11:54,201 log 12968 23760 Not Found: /media/spare_parts/images/mrf_zapper_w12SRKN.png
WARNING 2025-11-23 15:11:54,203 basehttp 12968 23760 "GET /media/spare_parts/images/mrf_zapper_w12SRKN.png HTTP/1.1" 404 4486
WARNING 2025-11-23 15:11:54,207 log 12968 24584 Not Found: /media/spare_parts/images/tvs_air_filter_xzd3DrI.png
WARNING 2025-11-23 15:11:54,210 log 12968 28536 Not Found: /media/spare_parts/images/ngk_cr7_NoMnd1Z.png
WARNING 2025-11-23 15:11:54,213 log 12968 25812 Not Found: /media/spare_parts/images/rk_chain_kit_pJztT5h.png
WARNING 2025-11-23 15:11:54,214 basehttp 12968 28536 "GET /media/spare_parts/images/ngk_cr7_NoMnd1Z.png HTTP/1.1" 404 4474
WARNING 2025-11-23 15:11:54,214 basehttp 12968 24584 "GET /media/spare_parts/images/tvs_air_filter_xzd3DrI.png HTTP/1.1" 404 4502
WARNING 2025-11-23 15:11:54,214 basehttp 12968 25812 "GET /media/spare_parts/images/rk_chain_kit_pJztT5h.png HTTP/1.1" 404 4494
WARNING 2025-11-23 15:11:54,252 log 12968 25812 Not Found: /media/spare_parts/images/motul_7100_h8rs1gX.png
WARNING 2025-11-23 15:11:54,253 basehttp 12968 25812 "GET /media/spare_parts/images/motul_7100_h8rs1gX.png HTTP/1.1" 404 4486
WARNING 2025-11-23 15:11:54,629 log 12968 24584 Not Found: /media/spare_parts/images/bosch_brake_front_6Z2ac6I.png
WARNING 2025-11-23 15:11:54,631 log 12968 25812 Not Found: /media/spare_parts/images/castrol_power1_vu5Geaw.png
WARNING 2025-11-23 15:11:54,634 log 12968 28536 Not Found: /media/spare_parts/images/Screenshot_2025-07-30_035610.png
WARNING 2025-11-23 15:11:54,635 basehttp 12968 24584 "GET /media/spare_parts/images/bosch_brake_front_6Z2ac6I.png HTTP/1.1" 404 4514
WARNING 2025-11-23 15:11:54,635 basehttp 12968 25812 "GET /media/spare_parts/images/castrol_power1_vu5Geaw.png HTTP/1.1" 404 4502
WARNING 2025-11-23 15:11:54,635 basehttp 12968 28536 "GET /media/spare_parts/images/Screenshot_2025-07-30_035610.png HTTP/1.1" 404 4526
ERROR 2025-11-23 15:11:57,208 authentication 12968 15096 Authentication failed: {'status_code': 401, 'error_type': 'invalid token', 'error_message': 'Received expired token (exp in past) during jwt validation. (sometimes can be due to time glitch (between machines), try to set the jwt_validation_leeway parameter (in DescopeClient) to higher value than 5sec which is the default)'}
INFO 2025-11-23 15:11:58,453 basehttp 12968 15096 "GET /api/bookings/bookings/?phone=8901232357 HTTP/1.1" 200 898
WARNING 2025-11-23 15:12:32,094 log 12968 10944 Not Found: /media/spare_parts/images/exide_battery_primary_OulVXYE.png
WARNING 2025-11-23 15:12:32,094 basehttp 12968 10944 "GET /media/spare_parts/images/exide_battery_primary_OulVXYE.png HTTP/1.1" 404 4530
WARNING 2025-11-23 15:12:33,039 log 12968 10944 Not Found: /media/spare_parts/images/mrf_zapper_w12SRKN.png
WARNING 2025-11-23 15:12:33,045 log 12968 29604 Not Found: /media/spare_parts/images/ngk_cr7_NoMnd1Z.png
WARNING 2025-11-23 15:12:33,049 log 12968 28720 Not Found: /media/spare_parts/images/rk_chain_kit_pJztT5h.png
WARNING 2025-11-23 15:12:33,050 basehttp 12968 10944 "GET /media/spare_parts/images/mrf_zapper_w12SRKN.png HTTP/1.1" 404 4486
WARNING 2025-11-23 15:12:33,053 log 12968 28152 Not Found: /media/spare_parts/images/tvs_air_filter_xzd3DrI.png
WARNING 2025-11-23 15:12:33,054 basehttp 12968 29604 "GET /media/spare_parts/images/ngk_cr7_NoMnd1Z.png HTTP/1.1" 404 4474
WARNING 2025-11-23 15:12:33,054 basehttp 12968 28720 "GET /media/spare_parts/images/rk_chain_kit_pJztT5h.png HTTP/1.1" 404 4494
WARNING 2025-11-23 15:12:33,054 basehttp 12968 28152 "GET /media/spare_parts/images/tvs_air_filter_xzd3DrI.png HTTP/1.1" 404 4502
WARNING 2025-11-23 15:12:33,062 log 12968 10944 Not Found: /media/spare_parts/images/motul_7100_h8rs1gX.png
WARNING 2025-11-23 15:12:33,062 basehttp 12968 10944 "GET /media/spare_parts/images/motul_7100_h8rs1gX.png HTTP/1.1" 404 4486
WARNING 2025-11-23 15:12:33,319 log 12968 28152 Not Found: /media/spare_parts/images/castrol_power1_vu5Geaw.png
WARNING 2025-11-23 15:12:33,322 log 12968 28720 Not Found: /media/spare_parts/images/bosch_brake_front_6Z2ac6I.png
WARNING 2025-11-23 15:12:33,324 log 12968 29604 Not Found: /media/spare_parts/images/Screenshot_2025-07-30_035610.png
WARNING 2025-11-23 15:12:33,325 basehttp 12968 28152 "GET /media/spare_parts/images/castrol_power1_vu5Geaw.png HTTP/1.1" 404 4502
WARNING 2025-11-23 15:12:33,325 basehttp 12968 28720 "GET /media/spare_parts/images/bosch_brake_front_6Z2ac6I.png HTTP/1.1" 404 4514
WARNING 2025-11-23 15:12:33,326 basehttp 12968 29604 "GET /media/spare_parts/images/Screenshot_2025-07-30_035610.png HTTP/1.1" 404 4526
WARNING 2025-11-23 15:12:34,866 log 12968 29604 Not Found: /media/spare_parts/images/rk_chain_kit_pJztT5h.png
WARNING 2025-11-23 15:12:34,869 log 12968 28152 Not Found: /media/spare_parts/images/ngk_cr7_NoMnd1Z.png
WARNING 2025-11-23 15:12:34,871 log 12968 28720 Not Found: /media/spare_parts/images/tvs_air_filter_xzd3DrI.png
WARNING 2025-11-23 15:12:34,871 basehttp 12968 29604 "GET /media/spare_parts/images/rk_chain_kit_pJztT5h.png HTTP/1.1" 404 4494
WARNING 2025-11-23 15:12:34,872 basehttp 12968 28152 "GET /media/spare_parts/images/ngk_cr7_NoMnd1Z.png HTTP/1.1" 404 4474
WARNING 2025-11-23 15:12:34,872 basehttp 12968 28720 "GET /media/spare_parts/images/tvs_air_filter_xzd3DrI.png HTTP/1.1" 404 4502
WARNING 2025-11-23 15:12:34,920 log 12968 28152 Not Found: /media/spare_parts/images/mrf_zapper_w12SRKN.png
WARNING 2025-11-23 15:12:34,920 basehttp 12968 28152 "GET /media/spare_parts/images/mrf_zapper_w12SRKN.png HTTP/1.1" 404 4486
WARNING 2025-11-23 15:12:34,934 log 12968 28152 Not Found: /media/spare_parts/images/motul_7100_h8rs1gX.png
WARNING 2025-11-23 15:12:34,934 basehttp 12968 28152 "GET /media/spare_parts/images/motul_7100_h8rs1gX.png HTTP/1.1" 404 4486
WARNING 2025-11-23 15:12:35,179 log 12968 28152 Not Found: /media/spare_parts/images/castrol_power1_vu5Geaw.png
WARNING 2025-11-23 15:12:35,183 log 12968 28720 Not Found: /media/spare_parts/images/bosch_brake_front_6Z2ac6I.png
WARNING 2025-11-23 15:12:35,186 log 12968 29604 Not Found: /media/spare_parts/images/Screenshot_2025-07-30_035610.png
WARNING 2025-11-23 15:12:35,186 basehttp 12968 28152 "GET /media/spare_parts/images/castrol_power1_vu5Geaw.png HTTP/1.1" 404 4502
WARNING 2025-11-23 15:12:35,186 basehttp 12968 28720 "GET /media/spare_parts/images/bosch_brake_front_6Z2ac6I.png HTTP/1.1" 404 4514
WARNING 2025-11-23 15:12:35,187 basehttp 12968 29604 "GET /media/spare_parts/images/Screenshot_2025-07-30_035610.png HTTP/1.1" 404 4526
INFO 2025-11-23 15:12:57,362 basehttp 12968 11976 "GET /api/services/services/?service_category=1 HTTP/1.1" 200 639
WARNING 2025-11-23 15:12:57,415 log 12968 22632 Not Found: /media/services/images/croppedlogo.jpeg
WARNING 2025-11-23 15:12:57,416 basehttp 12968 22632 "GET /media/services/images/croppedlogo.jpeg HTTP/1.1" 404 4450
WARNING 2025-11-23 15:12:57,653 log 12968 22632 Not Found: /media/spare_parts/images/Screenshot_2025-07-30_035610.png
WARNING 2025-11-23 15:12:57,654 basehttp 12968 22632 "GET /media/spare_parts/images/Screenshot_2025-07-30_035610.png HTTP/1.1" 404 4526
WARNING 2025-11-23 15:12:57,658 log 12968 16960 Not Found: /media/spare_parts/images/castrol_power1_vu5Geaw.png
WARNING 2025-11-23 15:12:57,661 log 12968 29668 Not Found: /media/spare_parts/images/bosch_brake_front_6Z2ac6I.png
WARNING 2025-11-23 15:12:57,661 basehttp 12968 16960 "GET /media/spare_parts/images/castrol_power1_vu5Geaw.png HTTP/1.1" 404 4502
WARNING 2025-11-23 15:12:57,662 basehttp 12968 29668 "GET /media/spare_parts/images/bosch_brake_front_6Z2ac6I.png HTTP/1.1" 404 4514
WARNING 2025-11-23 15:12:59,263 log 12968 29668 Not Found: /media/services/images/croppedlogo.jpeg
WARNING 2025-11-23 15:12:59,264 basehttp 12968 29668 "GET /media/services/images/croppedlogo.jpeg HTTP/1.1" 404 4450
WARNING 2025-11-23 15:12:59,536 log 12968 29668 Not Found: /media/services/images/croppedlogo.jpeg
WARNING 2025-11-23 15:12:59,537 basehttp 12968 29668 "GET /media/services/images/croppedlogo.jpeg HTTP/1.1" 404 4450
ERROR 2025-11-23 15:13:01,145 authentication 12968 17196 Authentication failed: {'status_code': 401, 'error_type': 'invalid token', 'error_message': 'Received expired token (exp in past) during jwt validation. (sometimes can be due to time glitch (between machines), try to set the jwt_validation_leeway parameter (in DescopeClient) to higher value than 5sec which is the default)'}
INFO 2025-11-23 15:13:02,421 basehttp 12968 17196 "GET /api/bookings/bookings/?phone=8901232357 HTTP/1.1" 200 898
INFO 2025-11-23 15:13:53,140 basehttp 12968 3124 "GET /api/services/service-categories/ HTTP/1.1" 200 375
INFO 2025-11-23 15:13:53,150 basehttp 12968 11992 "GET /api/services/services/ HTTP/1.1" 200 639
INFO 2025-11-23 15:13:55,640 basehttp 12968 28448 "GET /api/subscriptions/plans/ HTTP/1.1" 200 52
ERROR 2025-11-23 15:13:55,884 authentication 12968 26688 Authentication failed: {'status_code': 401, 'error_type': 'invalid token', 'error_message': 'Received expired token (exp in past) during jwt validation. (sometimes can be due to time glitch (between machines), try to set the jwt_validation_leeway parameter (in DescopeClient) to higher value than 5sec which is the default)'}
INFO 2025-11-23 15:13:56,510 basehttp 12968 24840 "GET /api/spare-parts/cart/?session_id=sess_1763888324426_1781576751 HTTP/1.1" 200 245
INFO 2025-11-23 15:13:57,149 basehttp 12968 26688 "GET /api/bookings/bookings/?phone=8901232357 HTTP/1.1" 200 898
INFO 2025-11-23 15:13:58,246 basehttp 12968 28572 "GET /api/spare-parts/parts/ HTTP/1.1" 200 6248
WARNING 2025-11-23 15:13:58,322 log 12968 12612 Not Found: /media/spare_parts/images/exide_battery_primary_OulVXYE.png
WARNING 2025-11-23 15:13:58,325 log 12968 24892 Not Found: /media/spare_parts/images/castrol_power1_vu5Geaw.png
WARNING 2025-11-23 15:13:58,328 log 12968 13388 Not Found: /media/spare_parts/images/bosch_brake_front_6Z2ac6I.png
WARNING 2025-11-23 15:13:58,330 log 12968 4620 Not Found: /media/spare_parts/images/kn_air_filter_42aVR9V.png
WARNING 2025-11-23 15:13:58,335 log 12968 29328 Not Found: /media/spare_parts/images/mrf_zapper_w12SRKN.png
WARNING 2025-11-23 15:13:58,338 log 12968 24156 Not Found: /media/spare_parts/images/motul_7100_h8rs1gX.png
WARNING 2025-11-23 15:13:58,338 basehttp 12968 12612 "GET /media/spare_parts/images/exide_battery_primary_OulVXYE.png HTTP/1.1" 404 4530
WARNING 2025-11-23 15:13:58,339 basehttp 12968 24892 "GET /media/spare_parts/images/castrol_power1_vu5Geaw.png HTTP/1.1" 404 4502
WARNING 2025-11-23 15:13:58,339 basehttp 12968 13388 "GET /media/spare_parts/images/bosch_brake_front_6Z2ac6I.png HTTP/1.1" 404 4514
WARNING 2025-11-23 15:13:58,340 basehttp 12968 4620 "GET /media/spare_parts/images/kn_air_filter_42aVR9V.png HTTP/1.1" 404 4498
WARNING 2025-11-23 15:13:58,340 basehttp 12968 29328 "GET /media/spare_parts/images/mrf_zapper_w12SRKN.png HTTP/1.1" 404 4486
WARNING 2025-11-23 15:13:58,340 basehttp 12968 24156 "GET /media/spare_parts/images/motul_7100_h8rs1gX.png HTTP/1.1" 404 4486
WARNING 2025-11-23 15:13:58,345 log 12968 7296 Not Found: /media/spare_parts/images/Screenshot_2025-07-30_035610.png
WARNING 2025-11-23 15:13:58,345 basehttp 12968 7296 "GET /media/spare_parts/images/Screenshot_2025-07-30_035610.png HTTP/1.1" 404 4526
INFO 2025-11-23 15:14:01,206 basehttp 12968 11752 "GET /api/services/services/?service_category=1 HTTP/1.1" 200 639
WARNING 2025-11-23 15:14:01,260 log 12968 4620 Not Found: /media/services/images/croppedlogo.jpeg
WARNING 2025-11-23 15:14:01,261 basehttp 12968 4620 "GET /media/services/images/croppedlogo.jpeg HTTP/1.1" 404 4450
WARNING 2025-11-23 15:14:01,502 log 12968 4620 Not Found: /media/spare_parts/images/Screenshot_2025-07-30_035610.png
WARNING 2025-11-23 15:14:01,505 log 12968 24892 Not Found: /media/spare_parts/images/castrol_power1_vu5Geaw.png
WARNING 2025-11-23 15:14:01,509 log 12968 7296 Not Found: /media/spare_parts/images/exide_battery_primary_OulVXYE.png
WARNING 2025-11-23 15:14:01,513 log 12968 12612 Not Found: /media/spare_parts/images/kn_air_filter_42aVR9V.png
WARNING 2025-11-23 15:14:01,515 log 12968 24156 Not Found: /media/spare_parts/images/bosch_brake_front_6Z2ac6I.png
WARNING 2025-11-23 15:14:01,518 log 12968 13388 Not Found: /media/spare_parts/images/mrf_zapper_w12SRKN.png
WARNING 2025-11-23 15:14:01,521 log 12968 29328 Not Found: /media/spare_parts/images/motul_7100_h8rs1gX.png
WARNING 2025-11-23 15:14:01,522 basehttp 12968 4620 "GET /media/spare_parts/images/Screenshot_2025-07-30_035610.png HTTP/1.1" 404 4526
WARNING 2025-11-23 15:14:01,522 basehttp 12968 24892 "GET /media/spare_parts/images/castrol_power1_vu5Geaw.png HTTP/1.1" 404 4502
WARNING 2025-11-23 15:14:01,522 basehttp 12968 7296 "GET /media/spare_parts/images/exide_battery_primary_OulVXYE.png HTTP/1.1" 404 4530
WARNING 2025-11-23 15:14:01,523 basehttp 12968 12612 "GET /media/spare_parts/images/kn_air_filter_42aVR9V.png HTTP/1.1" 404 4498
WARNING 2025-11-23 15:14:01,523 basehttp 12968 24156 "GET /media/spare_parts/images/bosch_brake_front_6Z2ac6I.png HTTP/1.1" 404 4514
WARNING 2025-11-23 15:14:01,523 basehttp 12968 13388 "GET /media/spare_parts/images/mrf_zapper_w12SRKN.png HTTP/1.1" 404 4486
WARNING 2025-11-23 15:14:01,524 basehttp 12968 29328 "GET /media/spare_parts/images/motul_7100_h8rs1gX.png HTTP/1.1" 404 4486
WARNING 2025-11-23 15:14:08,636 log 12968 24156 Not Found: /media/services/images/croppedlogo.jpeg
WARNING 2025-11-23 15:14:08,636 basehttp 12968 24156 "GET /media/services/images/croppedlogo.jpeg HTTP/1.1" 404 4450
WARNING 2025-11-23 15:14:08,912 log 12968 24156 Not Found: /media/services/images/croppedlogo.jpeg
WARNING 2025-11-23 15:14:08,913 basehttp 12968 24156 "GET /media/services/images/croppedlogo.jpeg HTTP/1.1" 404 4450
ERROR 2025-11-23 15:15:00,382 authentication 12968 25684 Authentication failed: {'status_code': 401, 'error_type': 'invalid token', 'error_message': 'Received expired token (exp in past) during jwt validation. (sometimes can be due to time glitch (between machines), try to set the jwt_validation_leeway parameter (in DescopeClient) to higher value than 5sec which is the default)'}
INFO 2025-11-23 15:15:01,725 basehttp 12968 25684 "GET /api/bookings/bookings/?phone=8901232357 HTTP/1.1" 200 898
WARNING 2025-11-23 15:15:18,803 log 12968 22700 Not Found: /media/services/images/croppedlogo.jpeg
WARNING 2025-11-23 15:15:18,804 basehttp 12968 22700 "GET /media/services/images/croppedlogo.jpeg HTTP/1.1" 404 4450
INFO 2025-11-23 15:15:20,789 basehttp 12968 17012 "GET /api/vehicles/vehicle-types/ HTTP/1.1" 200 623
INFO 2025-11-23 15:15:21,323 basehttp 12968 17012 "GET /api/vehicles/vehicle-brands/?vehicle_type=1 HTTP/1.1" 200 1078
INFO 2025-11-23 15:15:21,842 basehttp 12968 17012 "GET /api/vehicles/vehicle-models/?vehicle_brand=3 HTTP/1.1" 200 5853
ERROR 2025-11-23 15:16:04,835 authentication 12968 25268 Authentication failed: {'status_code': 401, 'error_type': 'invalid token', 'error_message': 'Received expired token (exp in past) during jwt validation. (sometimes can be due to time glitch (between machines), try to set the jwt_validation_leeway parameter (in DescopeClient) to higher value than 5sec which is the default)'}
INFO 2025-11-23 15:16:06,430 basehttp 12968 25268 "GET /api/bookings/bookings/?phone=8901232357 HTTP/1.1" 200 898
ERROR 2025-11-23 15:17:09,148 authentication 12968 14748 Authentication failed: {'status_code': 401, 'error_type': 'invalid token', 'error_message': 'Received expired token (exp in past) during jwt validation. (sometimes can be due to time glitch (between machines), try to set the jwt_validation_leeway parameter (in DescopeClient) to higher value than 5sec which is the default)'}
INFO 2025-11-23 15:17:10,399 basehttp 12968 14748 "GET /api/bookings/bookings/?phone=8901232357 HTTP/1.1" 200 898
ERROR 2025-11-23 15:18:13,405 authentication 12968 28748 Authentication failed: {'status_code': 401, 'error_type': 'invalid token', 'error_message': 'Received expired token (exp in past) during jwt validation. (sometimes can be due to time glitch (between machines), try to set the jwt_validation_leeway parameter (in DescopeClient) to higher value than 5sec which is the default)'}
INFO 2025-11-23 15:18:14,802 basehttp 12968 28748 "GET /api/bookings/bookings/?phone=8901232357 HTTP/1.1" 200 898
ERROR 2025-11-23 15:19:17,673 authentication 12968 10392 Authentication failed: {'status_code': 401, 'error_type': 'invalid token', 'error_message': 'Received expired token (exp in past) during jwt validation. (sometimes can be due to time glitch (between machines), try to set the jwt_validation_leeway parameter (in DescopeClient) to higher value than 5sec which is the default)'}
INFO 2025-11-23 15:19:19,010 basehttp 12968 10392 "GET /api/bookings/bookings/?phone=8901232357 HTTP/1.1" 200 898
ERROR 2025-11-23 15:20:22,201 authentication 12968 29984 Authentication failed: {'status_code': 401, 'error_type': 'invalid token', 'error_message': 'Received expired token (exp in past) during jwt validation. (sometimes can be due to time glitch (between machines), try to set the jwt_validation_leeway parameter (in DescopeClient) to higher value than 5sec which is the default)'}
INFO 2025-11-23 15:20:23,523 basehttp 12968 29984 "GET /api/bookings/bookings/?phone=8901232357 HTTP/1.1" 200 898
INFO 2025-11-23 15:20:55,798 basehttp 12968 25616 "GET /api/services/service-categories/ HTTP/1.1" 200 375
INFO 2025-11-23 15:20:55,802 basehttp 12968 10856 "GET /api/services/services/ HTTP/1.1" 200 639
INFO 2025-11-23 15:20:58,196 basehttp 12968 11060 "GET /api/subscriptions/plans/ HTTP/1.1" 200 52
INFO 2025-11-23 15:20:58,310 basehttp 12968 10856 "GET /api/services/services/?service_category=1 HTTP/1.1" 200 639
WARNING 2025-11-23 15:20:58,389 log 12968 30336 Not Found: /media/services/images/croppedlogo.jpeg
WARNING 2025-11-23 15:20:58,390 basehttp 12968 30336 "GET /media/services/images/croppedlogo.jpeg HTTP/1.1" 404 4450
INFO 2025-11-23 15:20:58,739 basehttp 12968 30468 "GET /api/spare-parts/cart/?session_id=sess_1763888324426_1781576751 HTTP/1.1" 200 245
ERROR 2025-11-23 15:20:58,784 authentication 12968 6324 Authentication failed: {'status_code': 401, 'error_type': 'invalid token', 'error_message': 'Received expired token (exp in past) during jwt validation. (sometimes can be due to time glitch (between machines), try to set the jwt_validation_leeway parameter (in DescopeClient) to higher value than 5sec which is the default)'}
WARNING 2025-11-23 15:20:59,641 log 12968 30336 Not Found: /media/services/images/croppedlogo.jpeg
WARNING 2025-11-23 15:20:59,642 basehttp 12968 30336 "GET /media/services/images/croppedlogo.jpeg HTTP/1.1" 404 4450
WARNING 2025-11-23 15:20:59,910 log 12968 30336 Not Found: /media/services/images/croppedlogo.jpeg
WARNING 2025-11-23 15:20:59,911 basehttp 12968 30336 "GET /media/services/images/croppedlogo.jpeg HTTP/1.1" 404 4450
INFO 2025-11-23 15:21:00,205 basehttp 12968 6324 "GET /api/bookings/bookings/?phone=8901232357 HTTP/1.1" 200 898
INFO 2025-11-23 15:21:00,870 basehttp 12968 11028 "GET /api/spare-parts/parts/ HTTP/1.1" 200 6248
WARNING 2025-11-23 15:21:05,833 log 12968 30336 Not Found: /media/services/images/croppedlogo.jpeg
WARNING 2025-11-23 15:21:05,834 basehttp 12968 30336 "GET /media/services/images/croppedlogo.jpeg HTTP/1.1" 404 4450
WARNING 2025-11-23 15:21:14,542 log 12968 30336 Not Found: /media/services/images/croppedlogo.jpeg
WARNING 2025-11-23 15:21:14,543 basehttp 12968 30336 "GET /media/services/images/croppedlogo.jpeg HTTP/1.1" 404 4450
WARNING 2025-11-23 15:21:14,859 log 12968 30336 Not Found: /media/services/images/croppedlogo.jpeg
WARNING 2025-11-23 15:21:14,860 basehttp 12968 30336 "GET /media/services/images/croppedlogo.jpeg HTTP/1.1" 404 4450
ERROR 2025-11-23 15:22:03,386 authentication 12968 13320 Authentication failed: {'status_code': 401, 'error_type': 'invalid token', 'error_message': 'Received expired token (exp in past) during jwt validation. (sometimes can be due to time glitch (between machines), try to set the jwt_validation_leeway parameter (in DescopeClient) to higher value than 5sec which is the default)'}
INFO 2025-11-23 15:22:04,793 basehttp 12968 13320 "GET /api/bookings/bookings/?phone=8901232357 HTTP/1.1" 200 898
INFO 2025-11-23 15:34:27,516 autoreload 27360 19956 Watching for file changes with StatReloader
ERROR 2025-11-23 15:34:32,708 log 27360 28288 Invalid HTTP_HOST header: '10.0.2.2:8000'. You may need to add '10.0.2.2' to ALLOWED_HOSTS.
Traceback (most recent call last):
  File "C:\Users\wolf\11sat\repairmybike_backend\venv\Lib\site-packages\django\core\handlers\exception.py", line 55, in inner
    response = get_response(request)
  File "C:\Users\wolf\11sat\repairmybike_backend\venv\Lib\site-packages\django\utils\deprecation.py", line 119, in __call__
    response = self.process_request(request)
  File "C:\Users\wolf\11sat\repairmybike_backend\venv\Lib\site-packages\django\middleware\common.py", line 48, in process_request
    host = request.get_host()
  File "C:\Users\wolf\11sat\repairmybike_backend\venv\Lib\site-packages\django\http\request.py", line 202, in get_host
    raise DisallowedHost(msg)
django.core.exceptions.DisallowedHost: Invalid HTTP_HOST header: '10.0.2.2:8000'. You may need to add '10.0.2.2' to ALLOWED_HOSTS.
WARNING 2025-11-23 15:34:32,711 basehttp 27360 28288 "GET /api/spare-parts/parts/ HTTP/1.1" 400 78337
ERROR 2025-11-23 15:34:33,348 log 27360 26572 Invalid HTTP_HOST header: '10.0.2.2:8000'. You may need to add '10.0.2.2' to ALLOWED_HOSTS.
Traceback (most recent call last):
  File "C:\Users\wolf\11sat\repairmybike_backend\venv\Lib\site-packages\django\core\handlers\exception.py", line 55, in inner
    response = get_response(request)
  File "C:\Users\wolf\11sat\repairmybike_backend\venv\Lib\site-packages\django\utils\deprecation.py", line 119, in __call__
    response = self.process_request(request)
  File "C:\Users\wolf\11sat\repairmybike_backend\venv\Lib\site-packages\django\middleware\common.py", line 48, in process_request
    host = request.get_host()
  File "C:\Users\wolf\11sat\repairmybike_backend\venv\Lib\site-packages\django\http\request.py", line 202, in get_host
    raise DisallowedHost(msg)
django.core.exceptions.DisallowedHost: Invalid HTTP_HOST header: '10.0.2.2:8000'. You may need to add '10.0.2.2' to ALLOWED_HOSTS.
WARNING 2025-11-23 15:34:33,350 basehttp 27360 26572 "GET /api/spare-parts/parts/ HTTP/1.1" 400 78337
ERROR 2025-11-23 15:34:34,362 log 27360 15992 Invalid HTTP_HOST header: '10.0.2.2:8000'. You may need to add '10.0.2.2' to ALLOWED_HOSTS.
Traceback (most recent call last):
  File "C:\Users\wolf\11sat\repairmybike_backend\venv\Lib\site-packages\django\core\handlers\exception.py", line 55, in inner
    response = get_response(request)
  File "C:\Users\wolf\11sat\repairmybike_backend\venv\Lib\site-packages\django\utils\deprecation.py", line 119, in __call__
    response = self.process_request(request)
  File "C:\Users\wolf\11sat\repairmybike_backend\venv\Lib\site-packages\django\middleware\common.py", line 48, in process_request
    host = request.get_host()
  File "C:\Users\wolf\11sat\repairmybike_backend\venv\Lib\site-packages\django\http\request.py", line 202, in get_host
    raise DisallowedHost(msg)
django.core.exceptions.DisallowedHost: Invalid HTTP_HOST header: '10.0.2.2:8000'. You may need to add '10.0.2.2' to ALLOWED_HOSTS.
WARNING 2025-11-23 15:34:34,364 basehttp 27360 15992 "GET /api/spare-parts/parts/ HTTP/1.1" 400 78337
ERROR 2025-11-23 15:34:36,129 log 27360 11456 Invalid HTTP_HOST header: '10.0.2.2:8000'. You may need to add '10.0.2.2' to ALLOWED_HOSTS.
Traceback (most recent call last):
  File "C:\Users\wolf\11sat\repairmybike_backend\venv\Lib\site-packages\django\core\handlers\exception.py", line 55, in inner
    response = get_response(request)
  File "C:\Users\wolf\11sat\repairmybike_backend\venv\Lib\site-packages\django\utils\deprecation.py", line 119, in __call__
    response = self.process_request(request)
  File "C:\Users\wolf\11sat\repairmybike_backend\venv\Lib\site-packages\django\middleware\common.py", line 48, in process_request
    host = request.get_host()
  File "C:\Users\wolf\11sat\repairmybike_backend\venv\Lib\site-packages\django\http\request.py", line 202, in get_host
    raise DisallowedHost(msg)
django.core.exceptions.DisallowedHost: Invalid HTTP_HOST header: '10.0.2.2:8000'. You may need to add '10.0.2.2' to ALLOWED_HOSTS.
WARNING 2025-11-23 15:34:36,132 basehttp 27360 11456 "GET /api/spare-parts/parts/ HTTP/1.1" 400 78337
ERROR 2025-11-23 15:34:39,446 log 27360 5208 Invalid HTTP_HOST header: '10.0.2.2:8000'. You may need to add '10.0.2.2' to ALLOWED_HOSTS.
Traceback (most recent call last):
  File "C:\Users\wolf\11sat\repairmybike_backend\venv\Lib\site-packages\django\core\handlers\exception.py", line 55, in inner
    response = get_response(request)
  File "C:\Users\wolf\11sat\repairmybike_backend\venv\Lib\site-packages\django\utils\deprecation.py", line 119, in __call__
    response = self.process_request(request)
  File "C:\Users\wolf\11sat\repairmybike_backend\venv\Lib\site-packages\django\middleware\common.py", line 48, in process_request
    host = request.get_host()
  File "C:\Users\wolf\11sat\repairmybike_backend\venv\Lib\site-packages\django\http\request.py", line 202, in get_host
    raise DisallowedHost(msg)
django.core.exceptions.DisallowedHost: Invalid HTTP_HOST header: '10.0.2.2:8000'. You may need to add '10.0.2.2' to ALLOWED_HOSTS.
WARNING 2025-11-23 15:34:39,448 basehttp 27360 5208 "GET /api/spare-parts/parts/ HTTP/1.1" 400 78337
ERROR 2025-11-23 15:34:45,992 log 27360 1844 Invalid HTTP_HOST header: '10.0.2.2:8000'. You may need to add '10.0.2.2' to ALLOWED_HOSTS.
Traceback (most recent call last):
  File "C:\Users\wolf\11sat\repairmybike_backend\venv\Lib\site-packages\django\core\handlers\exception.py", line 55, in inner
    response = get_response(request)
  File "C:\Users\wolf\11sat\repairmybike_backend\venv\Lib\site-packages\django\utils\deprecation.py", line 119, in __call__
    response = self.process_request(request)
  File "C:\Users\wolf\11sat\repairmybike_backend\venv\Lib\site-packages\django\middleware\common.py", line 48, in process_request
    host = request.get_host()
  File "C:\Users\wolf\11sat\repairmybike_backend\venv\Lib\site-packages\django\http\request.py", line 202, in get_host
    raise DisallowedHost(msg)
django.core.exceptions.DisallowedHost: Invalid HTTP_HOST header: '10.0.2.2:8000'. You may need to add '10.0.2.2' to ALLOWED_HOSTS.
WARNING 2025-11-23 15:34:45,994 basehttp 27360 1844 "GET /api/spare-parts/parts/ HTTP/1.1" 400 78337
INFO 2025-11-23 15:34:52,239 autoreload 27360 19956 C:\Users\wolf\11sat\repairmybike_backend\repairmybike\settings.py changed, reloading.
INFO 2025-11-23 15:34:53,114 autoreload 8512 26700 Watching for file changes with StatReloader
INFO 2025-11-23 15:35:26,503 autoreload 25676 27940 Watching for file changes with StatReloader
INFO 2025-11-23 15:36:37,367 basehttp 25676 15132 "GET /api/subscriptions/plans/ HTTP/1.1" 200 52
INFO 2025-11-23 15:36:37,726 basehttp 25676 28296 "GET /api/services/service-categories/ HTTP/1.1" 200 375
INFO 2025-11-23 15:36:37,820 basehttp 25676 12752 "GET /api/spare-parts/cart/?session_id=sess_1763888324426_1781576751 HTTP/1.1" 200 245
INFO 2025-11-23 15:36:37,987 basehttp 25676 16800 "GET /api/services/services/ HTTP/1.1" 200 639
ERROR 2025-11-23 15:36:38,647 authentication 25676 12628 Authentication failed: {'status_code': 401, 'error_type': 'invalid token', 'error_message': 'Received expired token (exp in past) during jwt validation. (sometimes can be due to time glitch (between machines), try to set the jwt_validation_leeway parameter (in DescopeClient) to higher value than 5sec which is the default)'}
INFO 2025-11-23 15:36:39,795 basehttp 25676 30428 "GET /api/spare-parts/parts/ HTTP/1.1" 200 6248
INFO 2025-11-23 15:36:39,916 basehttp 25676 12628 "GET /api/bookings/bookings/?phone=8901232357 HTTP/1.1" 200 898
WARNING 2025-11-23 15:36:39,984 log 25676 24156 Not Found: /media/spare_parts/images/castrol_power1_vu5Geaw.png
WARNING 2025-11-23 15:36:39,984 log 25676 25552 Not Found: /media/spare_parts/images/bosch_brake_front_6Z2ac6I.png
WARNING 2025-11-23 15:36:39,984 log 25676 24804 Not Found: /media/spare_parts/images/kn_air_filter_42aVR9V.png
WARNING 2025-11-23 15:36:39,985 log 25676 904 Not Found: /media/spare_parts/images/exide_battery_primary_OulVXYE.png
WARNING 2025-11-23 15:36:39,985 log 25676 27904 Not Found: /media/spare_parts/images/motul_7100_h8rs1gX.png
WARNING 2025-11-23 15:36:39,985 log 25676 28304 Not Found: /media/spare_parts/images/mrf_zapper_w12SRKN.png
WARNING 2025-11-23 15:36:39,985 log 25676 27784 Not Found: /media/spare_parts/images/Screenshot_2025-07-30_035610.png
WARNING 2025-11-23 15:36:39,986 basehttp 25676 24156 "GET /media/spare_parts/images/castrol_power1_vu5Geaw.png HTTP/1.1" 404 4502
WARNING 2025-11-23 15:36:39,986 basehttp 25676 25552 "GET /media/spare_parts/images/bosch_brake_front_6Z2ac6I.png HTTP/1.1" 404 4514
WARNING 2025-11-23 15:36:39,986 basehttp 25676 24804 "GET /media/spare_parts/images/kn_air_filter_42aVR9V.png HTTP/1.1" 404 4498
WARNING 2025-11-23 15:36:39,987 basehttp 25676 904 "GET /media/spare_parts/images/exide_battery_primary_OulVXYE.png HTTP/1.1" 404 4530
WARNING 2025-11-23 15:36:39,987 basehttp 25676 27904 "GET /media/spare_parts/images/motul_7100_h8rs1gX.png HTTP/1.1" 404 4486
WARNING 2025-11-23 15:36:39,987 basehttp 25676 28304 "GET /media/spare_parts/images/mrf_zapper_w12SRKN.png HTTP/1.1" 404 4486
WARNING 2025-11-23 15:36:39,988 basehttp 25676 27784 "GET /media/spare_parts/images/Screenshot_2025-07-30_035610.png HTTP/1.1" 404 4526
INFO 2025-11-23 16:04:47,764 autoreload 30392 16296 Watching for file changes with StatReloader
INFO 2025-11-23 16:05:49,601 basehttp 30392 14748 "GET /api/spare-parts/cart/?session_id=sess_1763911936437_2022255949 HTTP/1.1" 200 245
INFO 2025-11-23 16:05:50,853 basehttp 30392 28316 "GET /api/spare-parts/parts/ HTTP/1.1" 200 6238
WARNING 2025-11-23 16:05:50,991 log 30392 25780 Not Found: /media/spare_parts/images/Screenshot_2025-07-30_035610.png
WARNING 2025-11-23 16:05:50,991 log 30392 11868 Not Found: /media/spare_parts/images/castrol_power1_vu5Geaw.png
WARNING 2025-11-23 16:05:50,991 log 30392 3232 Not Found: /media/spare_parts/images/bosch_brake_front_6Z2ac6I.png
WARNING 2025-11-23 16:05:50,992 basehttp 30392 25780 "GET /media/spare_parts/images/Screenshot_2025-07-30_035610.png HTTP/1.1" 404 4525
WARNING 2025-11-23 16:05:50,992 basehttp 30392 11868 "GET /media/spare_parts/images/castrol_power1_vu5Geaw.png HTTP/1.1" 404 4501
WARNING 2025-11-23 16:05:50,992 basehttp 30392 3232 "GET /media/spare_parts/images/bosch_brake_front_6Z2ac6I.png HTTP/1.1" 404 4513
INFO 2025-11-23 16:12:10,150 basehttp 30392 25368 "GET /api/spare-parts/cart/?session_id=sess_1763911936437_2022255949 HTTP/1.1" 200 245
INFO 2025-11-23 16:12:11,997 basehttp 30392 28284 "GET /api/spare-parts/parts/ HTTP/1.1" 200 6238
WARNING 2025-11-23 16:12:12,119 log 30392 29888 Not Found: /media/spare_parts/images/Screenshot_2025-07-30_035610.png
WARNING 2025-11-23 16:12:12,122 log 30392 22588 Not Found: /media/spare_parts/images/bosch_brake_front_6Z2ac6I.png
WARNING 2025-11-23 16:12:12,123 basehttp 30392 29888 "GET /media/spare_parts/images/Screenshot_2025-07-30_035610.png HTTP/1.1" 404 4525
WARNING 2025-11-23 16:12:12,127 log 30392 7972 Not Found: /media/spare_parts/images/castrol_power1_vu5Geaw.png
WARNING 2025-11-23 16:12:12,127 basehttp 30392 22588 "GET /media/spare_parts/images/bosch_brake_front_6Z2ac6I.png HTTP/1.1" 404 4513
WARNING 2025-11-23 16:12:12,128 basehttp 30392 7972 "GET /media/spare_parts/images/castrol_power1_vu5Geaw.png HTTP/1.1" 404 4501
INFO 2025-11-23 16:12:29,449 basehttp 30392 11228 "GET /api/spare-parts/cart/?session_id=sess_1763911936437_2022255949 HTTP/1.1" 200 245
INFO 2025-11-23 16:12:31,594 basehttp 30392 25948 "GET /api/spare-parts/parts/ HTTP/1.1" 200 6238
WARNING 2025-11-23 16:12:31,713 log 30392 21644 Not Found: /media/spare_parts/images/Screenshot_2025-07-30_035610.png
WARNING 2025-11-23 16:12:31,715 basehttp 30392 21644 "GET /media/spare_parts/images/Screenshot_2025-07-30_035610.png HTTP/1.1" 404 4525
WARNING 2025-11-23 16:12:31,719 log 30392 27024 Not Found: /media/spare_parts/images/castrol_power1_vu5Geaw.png
WARNING 2025-11-23 16:12:31,722 log 30392 15080 Not Found: /media/spare_parts/images/bosch_brake_front_6Z2ac6I.png
WARNING 2025-11-23 16:12:31,722 basehttp 30392 27024 "GET /media/spare_parts/images/castrol_power1_vu5Geaw.png HTTP/1.1" 404 4501
WARNING 2025-11-23 16:12:31,722 basehttp 30392 15080 "GET /media/spare_parts/images/bosch_brake_front_6Z2ac6I.png HTTP/1.1" 404 4513
INFO 2025-11-23 16:18:13,391 basehttp 30392 28824 "GET /api/subscriptions/plans/ HTTP/1.1" 200 52
INFO 2025-11-23 16:18:13,940 basehttp 30392 19172 "GET /api/spare-parts/cart/?session_id=sess_1763888324426_1781576751 HTTP/1.1" 200 245
INFO 2025-11-23 16:18:14,050 basehttp 30392 11968 "GET /api/services/service-categories/ HTTP/1.1" 200 375
ERROR 2025-11-23 16:18:14,418 authentication 30392 9104 Authentication failed: {'status_code': 401, 'error_type': 'invalid token', 'error_message': 'Received expired token (exp in past) during jwt validation. (sometimes can be due to time glitch (between machines), try to set the jwt_validation_leeway parameter (in DescopeClient) to higher value than 5sec which is the default)'}
INFO 2025-11-23 16:18:15,067 basehttp 30392 26752 "GET /api/services/services/ HTTP/1.1" 200 639
INFO 2025-11-23 16:18:15,661 basehttp 30392 9104 "GET /api/bookings/bookings/?phone=8901232357 HTTP/1.1" 200 898
INFO 2025-11-23 16:18:15,770 basehttp 30392 6244 "GET /api/spare-parts/parts/ HTTP/1.1" 200 6248
WARNING 2025-11-23 16:18:15,862 log 30392 20600 Not Found: /media/spare_parts/images/Screenshot_2025-07-30_035610.png
WARNING 2025-11-23 16:18:15,865 log 30392 18060 Not Found: /media/spare_parts/images/bosch_brake_front_6Z2ac6I.png
WARNING 2025-11-23 16:18:15,867 log 30392 12912 Not Found: /media/spare_parts/images/castrol_power1_vu5Geaw.png
WARNING 2025-11-23 16:18:15,871 log 30392 8740 Not Found: /media/spare_parts/images/mrf_zapper_w12SRKN.png
WARNING 2025-11-23 16:18:15,874 log 30392 20572 Not Found: /media/spare_parts/images/motul_7100_h8rs1gX.png
WARNING 2025-11-23 16:18:15,877 log 30392 22376 Not Found: /media/spare_parts/images/exide_battery_primary_OulVXYE.png
WARNING 2025-11-23 16:18:15,881 log 30392 19176 Not Found: /media/spare_parts/images/kn_air_filter_42aVR9V.png
WARNING 2025-11-23 16:18:15,881 basehttp 30392 20600 "GET /media/spare_parts/images/Screenshot_2025-07-30_035610.png HTTP/1.1" 404 4526
WARNING 2025-11-23 16:18:15,881 basehttp 30392 18060 "GET /media/spare_parts/images/bosch_brake_front_6Z2ac6I.png HTTP/1.1" 404 4514
WARNING 2025-11-23 16:18:15,881 basehttp 30392 12912 "GET /media/spare_parts/images/castrol_power1_vu5Geaw.png HTTP/1.1" 404 4502
WARNING 2025-11-23 16:18:15,881 basehttp 30392 8740 "GET /media/spare_parts/images/mrf_zapper_w12SRKN.png HTTP/1.1" 404 4486
WARNING 2025-11-23 16:18:15,882 basehttp 30392 20572 "GET /media/spare_parts/images/motul_7100_h8rs1gX.png HTTP/1.1" 404 4486
WARNING 2025-11-23 16:18:15,882 basehttp 30392 19176 "GET /media/spare_parts/images/kn_air_filter_42aVR9V.png HTTP/1.1" 404 4498
WARNING 2025-11-23 16:18:15,882 basehttp 30392 22376 "GET /media/spare_parts/images/exide_battery_primary_OulVXYE.png HTTP/1.1" 404 4530
WARNING 2025-11-23 16:18:26,488 log 30392 19176 Not Found: /media/spare_parts/images/Screenshot_2025-07-30_035610.png
WARNING 2025-11-23 16:18:26,489 basehttp 30392 19176 "GET /media/spare_parts/images/Screenshot_2025-07-30_035610.png HTTP/1.1" 404 4526
WARNING 2025-11-23 16:18:26,740 log 30392 18060 Not Found: /media/spare_parts/images/motul_7100_h8rs1gX.png
WARNING 2025-11-23 16:18:26,743 log 30392 12912 Not Found: /media/spare_parts/images/bosch_brake_front_6Z2ac6I.png
WARNING 2025-11-23 16:18:26,748 log 30392 8740 Not Found: /media/spare_parts/images/exide_battery_primary_OulVXYE.png
WARNING 2025-11-23 16:18:26,751 log 30392 20572 Not Found: /media/spare_parts/images/mrf_zapper_w12SRKN.png
WARNING 2025-11-23 16:18:26,754 log 30392 19176 Not Found: /media/spare_parts/images/Screenshot_2025-07-30_035610.png
WARNING 2025-11-23 16:18:26,757 log 30392 20600 Not Found: /media/spare_parts/images/castrol_power1_vu5Geaw.png
WARNING 2025-11-23 16:18:26,760 log 30392 22376 Not Found: /media/spare_parts/images/kn_air_filter_42aVR9V.png
WARNING 2025-11-23 16:18:26,761 basehttp 30392 18060 "GET /media/spare_parts/images/motul_7100_h8rs1gX.png HTTP/1.1" 404 4486
WARNING 2025-11-23 16:18:26,761 basehttp 30392 12912 "GET /media/spare_parts/images/bosch_brake_front_6Z2ac6I.png HTTP/1.1" 404 4514
WARNING 2025-11-23 16:18:26,762 basehttp 30392 8740 "GET /media/spare_parts/images/exide_battery_primary_OulVXYE.png HTTP/1.1" 404 4530
WARNING 2025-11-23 16:18:26,762 basehttp 30392 20572 "GET /media/spare_parts/images/mrf_zapper_w12SRKN.png HTTP/1.1" 404 4486
WARNING 2025-11-23 16:18:26,762 basehttp 30392 20600 "GET /media/spare_parts/images/castrol_power1_vu5Geaw.png HTTP/1.1" 404 4502
WARNING 2025-11-23 16:18:26,762 basehttp 30392 19176 "GET /media/spare_parts/images/Screenshot_2025-07-30_035610.png HTTP/1.1" 404 4526
WARNING 2025-11-23 16:18:26,763 basehttp 30392 22376 "GET /media/spare_parts/images/kn_air_filter_42aVR9V.png HTTP/1.1" 404 4498
WARNING 2025-11-23 16:18:41,561 log 30392 20600 Not Found: /media/spare_parts/images/castrol_power1_vu5Geaw.png
WARNING 2025-11-23 16:18:41,564 log 30392 19176 Not Found: /media/spare_parts/images/Screenshot_2025-07-30_035610.png
WARNING 2025-11-23 16:18:41,568 log 30392 18060 Not Found: /media/spare_parts/images/motul_7100_h8rs1gX.png
WARNING 2025-11-23 16:18:41,572 log 30392 12912 Not Found: /media/spare_parts/images/bosch_brake_front_6Z2ac6I.png
WARNING 2025-11-23 16:18:41,574 log 30392 8740 Not Found: /media/spare_parts/images/kn_air_filter_42aVR9V.png
WARNING 2025-11-23 16:18:41,577 log 30392 20572 Not Found: /media/spare_parts/images/mrf_zapper_w12SRKN.png
WARNING 2025-11-23 16:18:41,580 log 30392 22376 Not Found: /media/spare_parts/images/exide_battery_primary_OulVXYE.png
WARNING 2025-11-23 16:18:41,581 basehttp 30392 20600 "GET /media/spare_parts/images/castrol_power1_vu5Geaw.png HTTP/1.1" 404 4502
WARNING 2025-11-23 16:18:41,581 basehttp 30392 19176 "GET /media/spare_parts/images/Screenshot_2025-07-30_035610.png HTTP/1.1" 404 4526
WARNING 2025-11-23 16:18:41,582 basehttp 30392 18060 "GET /media/spare_parts/images/motul_7100_h8rs1gX.png HTTP/1.1" 404 4486
WARNING 2025-11-23 16:18:41,582 basehttp 30392 12912 "GET /media/spare_parts/images/bosch_brake_front_6Z2ac6I.png HTTP/1.1" 404 4514
WARNING 2025-11-23 16:18:41,582 basehttp 30392 8740 "GET /media/spare_parts/images/kn_air_filter_42aVR9V.png HTTP/1.1" 404 4498
WARNING 2025-11-23 16:18:41,582 basehttp 30392 20572 "GET /media/spare_parts/images/mrf_zapper_w12SRKN.png HTTP/1.1" 404 4486
WARNING 2025-11-23 16:18:41,583 basehttp 30392 22376 "GET /media/spare_parts/images/exide_battery_primary_OulVXYE.png HTTP/1.1" 404 4530
INFO 2025-11-23 16:18:49,853 basehttp 30392 28380 "POST /api/spare-parts/cart/add/ HTTP/1.1" 201 373
WARNING 2025-11-23 16:18:50,164 log 30392 19176 Not Found: /media/spare_parts/images/Screenshot_2025-07-30_035610.png
WARNING 2025-11-23 16:18:50,165 basehttp 30392 19176 "GET /media/spare_parts/images/Screenshot_2025-07-30_035610.png HTTP/1.1" 404 4526
WARNING 2025-11-23 16:18:50,434 log 30392 12912 Not Found: /media/spare_parts/images/bosch_brake_front_6Z2ac6I.png
WARNING 2025-11-23 16:18:50,438 log 30392 20600 Not Found: /media/spare_parts/images/castrol_power1_vu5Geaw.png
WARNING 2025-11-23 16:18:50,441 log 30392 22376 Not Found: /media/spare_parts/images/exide_battery_primary_OulVXYE.png
WARNING 2025-11-23 16:18:50,443 log 30392 20572 Not Found: /media/spare_parts/images/mrf_zapper_w12SRKN.png
WARNING 2025-11-23 16:18:50,446 log 30392 18060 Not Found: /media/spare_parts/images/motul_7100_h8rs1gX.png
WARNING 2025-11-23 16:18:50,449 log 30392 8740 Not Found: /media/spare_parts/images/kn_air_filter_42aVR9V.png
WARNING 2025-11-23 16:18:50,452 log 30392 19176 Not Found: /media/spare_parts/images/Screenshot_2025-07-30_035610.png
WARNING 2025-11-23 16:18:50,452 basehttp 30392 12912 "GET /media/spare_parts/images/bosch_brake_front_6Z2ac6I.png HTTP/1.1" 404 4514
WARNING 2025-11-23 16:18:50,452 basehttp 30392 22376 "GET /media/spare_parts/images/exide_battery_primary_OulVXYE.png HTTP/1.1" 404 4530
WARNING 2025-11-23 16:18:50,453 basehttp 30392 20600 "GET /media/spare_parts/images/castrol_power1_vu5Geaw.png HTTP/1.1" 404 4502
WARNING 2025-11-23 16:18:50,453 basehttp 30392 20572 "GET /media/spare_parts/images/mrf_zapper_w12SRKN.png HTTP/1.1" 404 4486
WARNING 2025-11-23 16:18:50,453 basehttp 30392 18060 "GET /media/spare_parts/images/motul_7100_h8rs1gX.png HTTP/1.1" 404 4486
WARNING 2025-11-23 16:18:50,454 basehttp 30392 8740 "GET /media/spare_parts/images/kn_air_filter_42aVR9V.png HTTP/1.1" 404 4498
WARNING 2025-11-23 16:18:50,454 basehttp 30392 19176 "GET /media/spare_parts/images/Screenshot_2025-07-30_035610.png HTTP/1.1" 404 4526
WARNING 2025-11-23 16:18:59,506 log 30392 20572 Not Found: /media/spare_parts/images/mrf_zapper_w12SRKN.png
WARNING 2025-11-23 16:18:59,509 log 30392 19176 Not Found: /media/spare_parts/images/Screenshot_2025-07-30_035610.png
WARNING 2025-11-23 16:18:59,513 log 30392 8740 Not Found: /media/spare_parts/images/exide_battery_primary_OulVXYE.png
WARNING 2025-11-23 16:18:59,515 log 30392 22376 Not Found: /media/spare_parts/images/kn_air_filter_42aVR9V.png
WARNING 2025-11-23 16:18:59,517 log 30392 20600 Not Found: /media/spare_parts/images/castrol_power1_vu5Geaw.png
WARNING 2025-11-23 16:18:59,521 log 30392 12912 Not Found: /media/spare_parts/images/bosch_brake_front_6Z2ac6I.png
WARNING 2025-11-23 16:18:59,524 log 30392 18060 Not Found: /media/spare_parts/images/motul_7100_h8rs1gX.png
WARNING 2025-11-23 16:18:59,525 basehttp 30392 19176 "GET /media/spare_parts/images/Screenshot_2025-07-30_035610.png HTTP/1.1" 404 4526
WARNING 2025-11-23 16:18:59,526 basehttp 30392 20572 "GET /media/spare_parts/images/mrf_zapper_w12SRKN.png HTTP/1.1" 404 4486
WARNING 2025-11-23 16:18:59,526 basehttp 30392 8740 "GET /media/spare_parts/images/exide_battery_primary_OulVXYE.png HTTP/1.1" 404 4530
WARNING 2025-11-23 16:18:59,526 basehttp 30392 20600 "GET /media/spare_parts/images/castrol_power1_vu5Geaw.png HTTP/1.1" 404 4502
WARNING 2025-11-23 16:18:59,526 basehttp 30392 22376 "GET /media/spare_parts/images/kn_air_filter_42aVR9V.png HTTP/1.1" 404 4498
WARNING 2025-11-23 16:18:59,526 basehttp 30392 12912 "GET /media/spare_parts/images/bosch_brake_front_6Z2ac6I.png HTTP/1.1" 404 4514
WARNING 2025-11-23 16:18:59,527 basehttp 30392 18060 "GET /media/spare_parts/images/motul_7100_h8rs1gX.png HTTP/1.1" 404 4486
INFO 2025-11-23 16:19:00,683 basehttp 30392 28208 "POST /api/spare-parts/cart/add/ HTTP/1.1" 201 373
ERROR 2025-11-23 16:19:18,406 authentication 30392 26632 Authentication failed: {'status_code': 401, 'error_type': 'invalid token', 'error_message': 'Received expired token (exp in past) during jwt validation. (sometimes can be due to time glitch (between machines), try to set the jwt_validation_leeway parameter (in DescopeClient) to higher value than 5sec which is the default)'}
INFO 2025-11-23 16:19:19,712 basehttp 30392 26632 "GET /api/bookings/bookings/?phone=8901232357 HTTP/1.1" 200 898
ERROR 2025-11-23 16:20:22,829 authentication 30392 22768 Authentication failed: {'status_code': 401, 'error_type': 'invalid token', 'error_message': 'Received expired token (exp in past) during jwt validation. (sometimes can be due to time glitch (between machines), try to set the jwt_validation_leeway parameter (in DescopeClient) to higher value than 5sec which is the default)'}
INFO 2025-11-23 16:20:24,895 basehttp 30392 22768 "GET /api/bookings/bookings/?phone=8901232357 HTTP/1.1" 200 898
INFO 2025-11-23 16:20:35,020 basehttp 30392 19176 "POST /api/spare-parts/cart/checkout/ HTTP/1.1" 201 581
WARNING 2025-11-23 16:20:49,667 log 30392 28312 Not Found: /media/spare_parts/images/exide_battery_primary_OulVXYE.png
WARNING 2025-11-23 16:20:49,667 basehttp 30392 28312 "GET /media/spare_parts/images/exide_battery_primary_OulVXYE.png HTTP/1.1" 404 4530
INFO 2025-11-23 16:20:53,897 basehttp 30392 7888 "GET /api/services/services/?service_category=1 HTTP/1.1" 200 639
WARNING 2025-11-23 16:20:53,960 log 30392 28312 Not Found: /media/services/images/croppedlogo.jpeg
WARNING 2025-11-23 16:20:53,960 basehttp 30392 28312 "GET /media/services/images/croppedlogo.jpeg HTTP/1.1" 404 4450
WARNING 2025-11-23 16:20:54,184 log 30392 28312 Not Found: /media/spare_parts/images/Screenshot_2025-07-30_035610.png
WARNING 2025-11-23 16:20:54,188 log 30392 17568 Not Found: /media/spare_parts/images/bosch_brake_front_6Z2ac6I.png
WARNING 2025-11-23 16:20:54,189 basehttp 30392 28312 "GET /media/spare_parts/images/Screenshot_2025-07-30_035610.png HTTP/1.1" 404 4526
WARNING 2025-11-23 16:20:54,192 log 30392 28628 Not Found: /media/spare_parts/images/castrol_power1_vu5Geaw.png
WARNING 2025-11-23 16:20:54,192 basehttp 30392 17568 "GET /media/spare_parts/images/bosch_brake_front_6Z2ac6I.png HTTP/1.1" 404 4514
WARNING 2025-11-23 16:20:54,193 basehttp 30392 28628 "GET /media/spare_parts/images/castrol_power1_vu5Geaw.png HTTP/1.1" 404 4502
WARNING 2025-11-23 16:20:55,267 log 30392 17568 Not Found: /media/services/images/croppedlogo.jpeg
WARNING 2025-11-23 16:20:55,267 basehttp 30392 17568 "GET /media/services/images/croppedlogo.jpeg HTTP/1.1" 404 4450
WARNING 2025-11-23 16:20:55,560 log 30392 17568 Not Found: /media/services/images/croppedlogo.jpeg
WARNING 2025-11-23 16:20:55,561 basehttp 30392 17568 "GET /media/services/images/croppedlogo.jpeg HTTP/1.1" 404 4450
WARNING 2025-11-23 16:21:08,152 log 30392 17568 Not Found: /media/services/images/croppedlogo.jpeg
WARNING 2025-11-23 16:21:08,152 basehttp 30392 17568 "GET /media/services/images/croppedlogo.jpeg HTTP/1.1" 404 4450
WARNING 2025-11-23 16:21:09,479 log 30392 17568 Not Found: /media/spare_parts/images/Screenshot_2025-07-30_035610.png
WARNING 2025-11-23 16:21:09,480 basehttp 30392 17568 "GET /media/spare_parts/images/Screenshot_2025-07-30_035610.png HTTP/1.1" 404 4526
WARNING 2025-11-23 16:21:09,484 log 30392 25072 Not Found: /media/spare_parts/images/bosch_brake_front_6Z2ac6I.png
WARNING 2025-11-23 16:21:09,489 log 30392 21936 Not Found: /media/spare_parts/images/castrol_power1_vu5Geaw.png
WARNING 2025-11-23 16:21:09,490 basehttp 30392 25072 "GET /media/spare_parts/images/bosch_brake_front_6Z2ac6I.png HTTP/1.1" 404 4514
WARNING 2025-11-23 16:21:09,490 basehttp 30392 21936 "GET /media/spare_parts/images/castrol_power1_vu5Geaw.png HTTP/1.1" 404 4502
ERROR 2025-11-23 16:21:27,815 authentication 30392 25924 Authentication failed: {'status_code': 401, 'error_type': 'invalid token', 'error_message': 'Received expired token (exp in past) during jwt validation. (sometimes can be due to time glitch (between machines), try to set the jwt_validation_leeway parameter (in DescopeClient) to higher value than 5sec which is the default)'}
INFO 2025-11-23 16:21:29,137 basehttp 30392 25924 "GET /api/bookings/bookings/?phone=8901232357 HTTP/1.1" 200 898
INFO 2025-11-23 16:22:42,987 basehttp 30392 29128 "GET /api/services/service-categories/ HTTP/1.1" 200 375
INFO 2025-11-23 16:22:43,153 basehttp 30392 26636 "GET /api/services/services/ HTTP/1.1" 200 639
INFO 2025-11-23 16:22:45,300 basehttp 30392 25928 "GET /api/subscriptions/plans/ HTTP/1.1" 200 52
ERROR 2025-11-23 16:22:45,859 authentication 30392 23780 Authentication failed: {'status_code': 401, 'error_type': 'invalid token', 'error_message': 'Received expired token (exp in past) during jwt validation. (sometimes can be due to time glitch (between machines), try to set the jwt_validation_leeway parameter (in DescopeClient) to higher value than 5sec which is the default)'}
INFO 2025-11-23 16:22:46,013 basehttp 30392 8132 "GET /api/spare-parts/cart/?session_id=sess_1763888324426_1781576751 HTTP/1.1" 200 245
INFO 2025-11-23 16:22:47,140 basehttp 30392 23780 "GET /api/bookings/bookings/?phone=8901232357 HTTP/1.1" 200 898
INFO 2025-11-23 16:22:47,929 basehttp 30392 29168 "GET /api/spare-parts/parts/ HTTP/1.1" 200 6248
WARNING 2025-11-23 16:22:48,047 log 30392 20468 Not Found: /media/spare_parts/images/Screenshot_2025-07-30_035610.png
WARNING 2025-11-23 16:22:48,056 log 30392 20120 Not Found: /media/spare_parts/images/castrol_power1_vu5Geaw.png
WARNING 2025-11-23 16:22:48,061 log 30392 9420 Not Found: /media/spare_parts/images/exide_battery_primary_OulVXYE.png
WARNING 2025-11-23 16:22:48,067 log 30392 5524 Not Found: /media/spare_parts/images/kn_air_filter_42aVR9V.png
WARNING 2025-11-23 16:22:48,072 log 30392 27352 Not Found: /media/spare_parts/images/bosch_brake_front_6Z2ac6I.png
WARNING 2025-11-23 16:22:48,077 log 30392 2644 Not Found: /media/spare_parts/images/motul_7100_h8rs1gX.png
WARNING 2025-11-23 16:22:48,079 basehttp 30392 20120 "GET /media/spare_parts/images/castrol_power1_vu5Geaw.png HTTP/1.1" 404 4502
WARNING 2025-11-23 16:22:48,079 basehttp 30392 9420 "GET /media/spare_parts/images/exide_battery_primary_OulVXYE.png HTTP/1.1" 404 4530
WARNING 2025-11-23 16:22:48,079 basehttp 30392 20468 "GET /media/spare_parts/images/Screenshot_2025-07-30_035610.png HTTP/1.1" 404 4526
WARNING 2025-11-23 16:22:48,080 basehttp 30392 5524 "GET /media/spare_parts/images/kn_air_filter_42aVR9V.png HTTP/1.1" 404 4498
WARNING 2025-11-23 16:22:48,080 basehttp 30392 2644 "GET /media/spare_parts/images/motul_7100_h8rs1gX.png HTTP/1.1" 404 4486
WARNING 2025-11-23 16:22:48,087 basehttp 30392 27352 "GET /media/spare_parts/images/bosch_brake_front_6Z2ac6I.png HTTP/1.1" 404 4514
WARNING 2025-11-23 16:22:48,087 log 30392 30192 Not Found: /media/spare_parts/images/mrf_zapper_w12SRKN.png
WARNING 2025-11-23 16:22:48,089 basehttp 30392 30192 "GET /media/spare_parts/images/mrf_zapper_w12SRKN.png HTTP/1.1" 404 4486
ERROR 2025-11-23 16:23:49,986 authentication 30392 27184 Authentication failed: {'status_code': 401, 'error_type': 'invalid token', 'error_message': 'Received expired token (exp in past) during jwt validation. (sometimes can be due to time glitch (between machines), try to set the jwt_validation_leeway parameter (in DescopeClient) to higher value than 5sec which is the default)'}
INFO 2025-11-23 16:23:51,281 basehttp 30392 27184 "GET /api/bookings/bookings/?phone=8901232357 HTTP/1.1" 200 898
ERROR 2025-11-23 16:24:53,905 authentication 30392 19184 Authentication failed: {'status_code': 401, 'error_type': 'invalid token', 'error_message': 'Received expired token (exp in past) during jwt validation. (sometimes can be due to time glitch (between machines), try to set the jwt_validation_leeway parameter (in DescopeClient) to higher value than 5sec which is the default)'}
INFO 2025-11-23 16:24:55,146 basehttp 30392 19184 "GET /api/bookings/bookings/?phone=8901232357 HTTP/1.1" 200 898
ERROR 2025-11-23 16:25:58,200 authentication 30392 15524 Authentication failed: {'status_code': 401, 'error_type': 'invalid token', 'error_message': 'Received expired token (exp in past) during jwt validation. (sometimes can be due to time glitch (between machines), try to set the jwt_validation_leeway parameter (in DescopeClient) to higher value than 5sec which is the default)'}
INFO 2025-11-23 16:25:59,539 basehttp 30392 15524 "GET /api/bookings/bookings/?phone=8901232357 HTTP/1.1" 200 898
ERROR 2025-11-23 16:27:02,264 authentication 30392 29552 Authentication failed: {'status_code': 401, 'error_type': 'invalid token', 'error_message': 'Received expired token (exp in past) during jwt validation. (sometimes can be due to time glitch (between machines), try to set the jwt_validation_leeway parameter (in DescopeClient) to higher value than 5sec which is the default)'}
INFO 2025-11-23 16:27:03,540 basehttp 30392 29552 "GET /api/bookings/bookings/?phone=8901232357 HTTP/1.1" 200 898
INFO 2025-11-23 16:29:37,892 basehttp 30392 17764 "GET /api/spare-parts/cart/?session_id=sess_1763911936437_2022255949 HTTP/1.1" 200 245
INFO 2025-11-23 16:29:40,203 basehttp 30392 25624 "GET /api/spare-parts/parts/ HTTP/1.1" 200 6238
WARNING 2025-11-23 16:29:40,406 log 30392 20836 Not Found: /media/spare_parts/images/Screenshot_2025-07-30_035610.png
WARNING 2025-11-23 16:29:40,410 basehttp 30392 20836 "GET /media/spare_parts/images/Screenshot_2025-07-30_035610.png HTTP/1.1" 404 4525
WARNING 2025-11-23 16:29:40,415 log 30392 29340 Not Found: /media/spare_parts/images/bosch_brake_front_6Z2ac6I.png
WARNING 2025-11-23 16:29:40,418 log 30392 24736 Not Found: /media/spare_parts/images/castrol_power1_vu5Geaw.png
WARNING 2025-11-23 16:29:40,419 basehttp 30392 29340 "GET /media/spare_parts/images/bosch_brake_front_6Z2ac6I.png HTTP/1.1" 404 4513
WARNING 2025-11-23 16:29:40,419 basehttp 30392 24736 "GET /media/spare_parts/images/castrol_power1_vu5Geaw.png HTTP/1.1" 404 4501
INFO 2025-11-23 16:34:30,480 basehttp 30392 8340 "GET /api/services/service-categories/ HTTP/1.1" 200 375
INFO 2025-11-23 16:34:30,552 basehttp 30392 25728 "GET /api/services/services/ HTTP/1.1" 200 639
INFO 2025-11-23 16:34:32,720 basehttp 30392 26148 "GET /api/subscriptions/plans/ HTTP/1.1" 200 52
ERROR 2025-11-23 16:34:33,905 authentication 30392 25172 Authentication failed: {'status_code': 401, 'error_type': 'invalid token', 'error_message': 'Received expired token (exp in past) during jwt validation. (sometimes can be due to time glitch (between machines), try to set the jwt_validation_leeway parameter (in DescopeClient) to higher value than 5sec which is the default)'}
INFO 2025-11-23 16:34:34,279 basehttp 30392 23548 "GET /api/spare-parts/cart/?session_id=sess_1763888324426_1781576751 HTTP/1.1" 200 245
INFO 2025-11-23 16:34:35,216 basehttp 30392 25172 "GET /api/bookings/bookings/?phone=8901232357 HTTP/1.1" 200 898
INFO 2025-11-23 16:34:36,589 basehttp 30392 2936 "GET /api/spare-parts/parts/ HTTP/1.1" 200 6248
WARNING 2025-11-23 16:34:36,849 log 30392 21468 Not Found: /media/spare_parts/images/Screenshot_2025-07-30_035610.png
WARNING 2025-11-23 16:34:36,873 log 30392 14836 Not Found: /media/spare_parts/images/bosch_brake_front_6Z2ac6I.png
WARNING 2025-11-23 16:34:36,924 log 30392 28664 Not Found: /media/spare_parts/images/kn_air_filter_42aVR9V.png
WARNING 2025-11-23 16:34:36,941 log 30392 29892 Not Found: /media/spare_parts/images/castrol_power1_vu5Geaw.png
WARNING 2025-11-23 16:34:36,945 log 30392 28252 Not Found: /media/spare_parts/images/exide_battery_primary_OulVXYE.png
WARNING 2025-11-23 16:34:36,946 basehttp 30392 21468 "GET /media/spare_parts/images/Screenshot_2025-07-30_035610.png HTTP/1.1" 404 4526
WARNING 2025-11-23 16:34:36,946 basehttp 30392 14836 "GET /media/spare_parts/images/bosch_brake_front_6Z2ac6I.png HTTP/1.1" 404 4514
WARNING 2025-11-23 16:34:36,947 basehttp 30392 28664 "GET /media/spare_parts/images/kn_air_filter_42aVR9V.png HTTP/1.1" 404 4498
WARNING 2025-11-23 16:34:36,953 log 30392 23276 Not Found: /media/spare_parts/images/motul_7100_h8rs1gX.png
WARNING 2025-11-23 16:34:36,954 basehttp 30392 29892 "GET /media/spare_parts/images/castrol_power1_vu5Geaw.png HTTP/1.1" 404 4502
WARNING 2025-11-23 16:34:36,971 log 30392 27556 Not Found: /media/spare_parts/images/mrf_zapper_w12SRKN.png
WARNING 2025-11-23 16:34:36,972 basehttp 30392 28252 "GET /media/spare_parts/images/exide_battery_primary_OulVXYE.png HTTP/1.1" 404 4530
WARNING 2025-11-23 16:34:36,974 basehttp 30392 23276 "GET /media/spare_parts/images/motul_7100_h8rs1gX.png HTTP/1.1" 404 4486
WARNING 2025-11-23 16:34:36,974 basehttp 30392 27556 "GET /media/spare_parts/images/mrf_zapper_w12SRKN.png HTTP/1.1" 404 4486
INFO 2025-11-23 16:34:52,592 basehttp 30392 24840 "POST /api/spare-parts/cart/add/ HTTP/1.1" 201 373
ERROR 2025-11-23 16:35:37,928 authentication 30392 26612 Authentication failed: {'status_code': 401, 'error_type': 'invalid token', 'error_message': 'Received expired token (exp in past) during jwt validation. (sometimes can be due to time glitch (between machines), try to set the jwt_validation_leeway parameter (in DescopeClient) to higher value than 5sec which is the default)'}
INFO 2025-11-23 16:35:39,193 basehttp 30392 26612 "GET /api/bookings/bookings/?phone=8901232357 HTTP/1.1" 200 898
INFO 2025-11-23 16:37:32,405 basehttp 30392 18776 "GET /api/spare-parts/cart/?session_id=sess_1763911936437_2022255949 HTTP/1.1" 200 245
INFO 2025-11-23 16:37:34,361 basehttp 30392 25304 "GET /api/spare-parts/parts/ HTTP/1.1" 200 6238
WARNING 2025-11-23 16:37:34,520 log 30392 24952 Not Found: /media/spare_parts/images/Screenshot_2025-07-30_035610.png
WARNING 2025-11-23 16:37:34,525 log 30392 27668 Not Found: /media/spare_parts/images/castrol_power1_vu5Geaw.png
WARNING 2025-11-23 16:37:34,526 basehttp 30392 24952 "GET /media/spare_parts/images/Screenshot_2025-07-30_035610.png HTTP/1.1" 404 4525
WARNING 2025-11-23 16:37:34,530 log 30392 10784 Not Found: /media/spare_parts/images/bosch_brake_front_6Z2ac6I.png
WARNING 2025-11-23 16:37:34,530 basehttp 30392 27668 "GET /media/spare_parts/images/castrol_power1_vu5Geaw.png HTTP/1.1" 404 4501
WARNING 2025-11-23 16:37:34,530 basehttp 30392 10784 "GET /media/spare_parts/images/bosch_brake_front_6Z2ac6I.png HTTP/1.1" 404 4513
WARNING 2025-11-23 23:01:50,433 log 16984 17744 Bad Request: /api/bookings/bookings/
INFO 2025-11-23 23:14:44,596 autoreload 7828 13320 Watching for file changes with StatReloader
INFO 2025-11-23 23:16:29,734 basehttp 7828 26980 - Broken pipe from ('127.0.0.1', 55276)
INFO 2025-11-23 23:16:30,359 basehttp 7828 26644 - Broken pipe from ('127.0.0.1', 55278)
WARNING 2025-11-23 23:33:13,043 log 7828 19208 Bad Request: /api/spare-parts/cart/checkout/
WARNING 2025-11-23 23:33:13,044 basehttp 7828 19208 "POST /api/spare-parts/cart/checkout/ HTTP/1.1" 400 40
INFO 2025-11-23 23:35:29,491 basehttp 7828 26876 "GET /api/spare-parts/parts/ HTTP/1.1" 200 6248
INFO 2025-11-23 23:35:49,067 basehttp 7828 26876 "GET /api/spare-parts/parts/ HTTP/1.1" 200 6248
INFO 2025-11-23 23:36:10,620 basehttp 7828 26876 "POST /api/spare-parts/cart/add/ HTTP/1.1" 201 355
INFO 2025-11-23 23:36:13,528 basehttp 7828 26876 "POST /api/spare-parts/cart/checkout/ HTTP/1.1" 201 544
INFO 2025-11-23 23:40:58,367 basehttp 7828 25468 "GET /api/subscriptions/plans/ HTTP/1.1" 200 52
INFO 2025-11-23 23:40:58,765 basehttp 7828 10784 "GET /api/services/service-categories/ HTTP/1.1" 200 375
INFO 2025-11-23 23:40:58,861 basehttp 7828 29324 "GET /api/services/services/ HTTP/1.1" 200 639
INFO 2025-11-23 23:40:59,089 basehttp 7828 3192 "GET /api/spare-parts/cart/?session_id=sess_1763888324426_1781576751 HTTP/1.1" 200 382
ERROR 2025-11-23 23:40:59,652 authentication 7828 28304 Authentication failed: {'status_code': 401, 'error_type': 'invalid token', 'error_message': 'Received expired token (exp in past) during jwt validation. (sometimes can be due to time glitch (between machines), try to set the jwt_validation_leeway parameter (in DescopeClient) to higher value than 5sec which is the default)'}
INFO 2025-11-23 23:41:00,630 basehttp 7828 28224 "GET /api/spare-parts/parts/ HTTP/1.1" 200 6248
WARNING 2025-11-23 23:41:00,782 log 7828 29376 Not Found: /media/spare_parts/images/castrol_power1_vu5Geaw.png
WARNING 2025-11-23 23:41:00,785 log 7828 28328 Not Found: /media/spare_parts/images/exide_battery_primary_OulVXYE.png
WARNING 2025-11-23 23:41:00,789 log 7828 19320 Not Found: /media/spare_parts/images/bosch_brake_front_6Z2ac6I.png
WARNING 2025-11-23 23:41:00,792 log 7828 6992 Not Found: /media/spare_parts/images/motul_7100_h8rs1gX.png
WARNING 2025-11-23 23:41:00,795 log 7828 25532 Not Found: /media/spare_parts/images/mrf_zapper_w12SRKN.png
WARNING 2025-11-23 23:41:00,797 log 7828 18536 Not Found: /media/spare_parts/images/kn_air_filter_42aVR9V.png
WARNING 2025-11-23 23:41:00,800 log 7828 12192 Not Found: /media/spare_parts/images/Screenshot_2025-07-30_035610.png
WARNING 2025-11-23 23:41:00,801 basehttp 7828 29376 "GET /media/spare_parts/images/castrol_power1_vu5Geaw.png HTTP/1.1" 404 4502
WARNING 2025-11-23 23:41:00,801 basehttp 7828 28328 "GET /media/spare_parts/images/exide_battery_primary_OulVXYE.png HTTP/1.1" 404 4530
WARNING 2025-11-23 23:41:00,802 basehttp 7828 19320 "GET /media/spare_parts/images/bosch_brake_front_6Z2ac6I.png HTTP/1.1" 404 4514
WARNING 2025-11-23 23:41:00,802 basehttp 7828 6992 "GET /media/spare_parts/images/motul_7100_h8rs1gX.png HTTP/1.1" 404 4486
WARNING 2025-11-23 23:41:00,802 basehttp 7828 25532 "GET /media/spare_parts/images/mrf_zapper_w12SRKN.png HTTP/1.1" 404 4486
WARNING 2025-11-23 23:41:00,802 basehttp 7828 18536 "GET /media/spare_parts/images/kn_air_filter_42aVR9V.png HTTP/1.1" 404 4498
WARNING 2025-11-23 23:41:00,803 basehttp 7828 12192 "GET /media/spare_parts/images/Screenshot_2025-07-30_035610.png HTTP/1.1" 404 4526
INFO 2025-11-23 23:41:01,073 basehttp 7828 28304 "GET /api/bookings/bookings/?phone=8901232357 HTTP/1.1" 200 898
INFO 2025-11-23 23:41:04,607 basehttp 7828 29248 "GET /api/spare-parts/orders/?session_id=sess_1763888324426_1781576751 HTTP/1.1" 200 1223
WARNING 2025-11-23 23:41:14,839 log 7828 12192 Not Found: /media/spare_parts/images/Screenshot_2025-07-30_035610.png
WARNING 2025-11-23 23:41:14,840 basehttp 7828 12192 "GET /media/spare_parts/images/Screenshot_2025-07-30_035610.png HTTP/1.1" 404 4526
WARNING 2025-11-23 23:41:15,105 log 7828 28328 Not Found: /media/spare_parts/images/exide_battery_primary_OulVXYE.png
WARNING 2025-11-23 23:41:15,107 log 7828 6992 Not Found: /media/spare_parts/images/kn_air_filter_42aVR9V.png
WARNING 2025-11-23 23:41:15,109 log 7828 12192 Not Found: /media/spare_parts/images/Screenshot_2025-07-30_035610.png
WARNING 2025-11-23 23:41:15,114 log 7828 18536 Not Found: /media/spare_parts/images/bosch_brake_front_6Z2ac6I.png
WARNING 2025-11-23 23:41:15,116 log 7828 29376 Not Found: /media/spare_parts/images/motul_7100_h8rs1gX.png
WARNING 2025-11-23 23:41:15,119 log 7828 19320 Not Found: /media/spare_parts/images/mrf_zapper_w12SRKN.png
WARNING 2025-11-23 23:41:15,123 log 7828 25532 Not Found: /media/spare_parts/images/castrol_power1_vu5Geaw.png
WARNING 2025-11-23 23:41:15,123 basehttp 7828 28328 "GET /media/spare_parts/images/exide_battery_primary_OulVXYE.png HTTP/1.1" 404 4530
WARNING 2025-11-23 23:41:15,123 basehttp 7828 6992 "GET /media/spare_parts/images/kn_air_filter_42aVR9V.png HTTP/1.1" 404 4498
WARNING 2025-11-23 23:41:15,124 basehttp 7828 12192 "GET /media/spare_parts/images/Screenshot_2025-07-30_035610.png HTTP/1.1" 404 4526
WARNING 2025-11-23 23:41:15,124 basehttp 7828 29376 "GET /media/spare_parts/images/motul_7100_h8rs1gX.png HTTP/1.1" 404 4486
WARNING 2025-11-23 23:41:15,124 basehttp 7828 18536 "GET /media/spare_parts/images/bosch_brake_front_6Z2ac6I.png HTTP/1.1" 404 4514
WARNING 2025-11-23 23:41:15,125 basehttp 7828 19320 "GET /media/spare_parts/images/mrf_zapper_w12SRKN.png HTTP/1.1" 404 4486
WARNING 2025-11-23 23:41:15,125 basehttp 7828 25532 "GET /media/spare_parts/images/castrol_power1_vu5Geaw.png HTTP/1.1" 404 4502
WARNING 2025-11-23 23:41:19,015 log 7828 28328 Not Found: /media/spare_parts/images/exide_battery_primary_OulVXYE.png
WARNING 2025-11-23 23:41:19,019 log 7828 25532 Not Found: /media/spare_parts/images/castrol_power1_vu5Geaw.png
WARNING 2025-11-23 23:41:19,023 log 7828 18536 Not Found: /media/spare_parts/images/bosch_brake_front_6Z2ac6I.png
WARNING 2025-11-23 23:41:19,026 log 7828 12192 Not Found: /media/spare_parts/images/Screenshot_2025-07-30_035610.png
WARNING 2025-11-23 23:41:19,028 log 7828 19320 Not Found: /media/spare_parts/images/motul_7100_h8rs1gX.png
WARNING 2025-11-23 23:41:19,032 log 7828 29376 Not Found: /media/spare_parts/images/mrf_zapper_w12SRKN.png
WARNING 2025-11-23 23:41:19,035 log 7828 6992 Not Found: /media/spare_parts/images/kn_air_filter_42aVR9V.png
WARNING 2025-11-23 23:41:19,036 basehttp 7828 28328 "GET /media/spare_parts/images/exide_battery_primary_OulVXYE.png HTTP/1.1" 404 4530
WARNING 2025-11-23 23:41:19,036 basehttp 7828 25532 "GET /media/spare_parts/images/castrol_power1_vu5Geaw.png HTTP/1.1" 404 4502
WARNING 2025-11-23 23:41:19,036 basehttp 7828 18536 "GET /media/spare_parts/images/bosch_brake_front_6Z2ac6I.png HTTP/1.1" 404 4514
WARNING 2025-11-23 23:41:19,037 basehttp 7828 12192 "GET /media/spare_parts/images/Screenshot_2025-07-30_035610.png HTTP/1.1" 404 4526
WARNING 2025-11-23 23:41:19,037 basehttp 7828 19320 "GET /media/spare_parts/images/motul_7100_h8rs1gX.png HTTP/1.1" 404 4486
WARNING 2025-11-23 23:41:19,037 basehttp 7828 29376 "GET /media/spare_parts/images/mrf_zapper_w12SRKN.png HTTP/1.1" 404 4486
WARNING 2025-11-23 23:41:19,038 basehttp 7828 6992 "GET /media/spare_parts/images/kn_air_filter_42aVR9V.png HTTP/1.1" 404 4498
WARNING 2025-11-23 23:41:20,502 log 7828 12192 Not Found: /media/spare_parts/images/Screenshot_2025-07-30_035610.png
WARNING 2025-11-23 23:41:20,503 basehttp 7828 12192 "GET /media/spare_parts/images/Screenshot_2025-07-30_035610.png HTTP/1.1" 404 4526
WARNING 2025-11-23 23:41:20,790 log 7828 12192 Not Found: /media/spare_parts/images/Screenshot_2025-07-30_035610.png
WARNING 2025-11-23 23:41:20,796 log 7828 6992 Not Found: /media/spare_parts/images/kn_air_filter_42aVR9V.png
WARNING 2025-11-23 23:41:20,799 log 7828 19320 Not Found: /media/spare_parts/images/mrf_zapper_w12SRKN.png
WARNING 2025-11-23 23:41:20,803 log 7828 29376 Not Found: /media/spare_parts/images/motul_7100_h8rs1gX.png
WARNING 2025-11-23 23:41:20,808 log 7828 28328 Not Found: /media/spare_parts/images/exide_battery_primary_OulVXYE.png
WARNING 2025-11-23 23:41:20,812 log 7828 18536 Not Found: /media/spare_parts/images/bosch_brake_front_6Z2ac6I.png
WARNING 2025-11-23 23:41:20,817 log 7828 25532 Not Found: /media/spare_parts/images/castrol_power1_vu5Geaw.png
WARNING 2025-11-23 23:41:20,817 basehttp 7828 12192 "GET /media/spare_parts/images/Screenshot_2025-07-30_035610.png HTTP/1.1" 404 4526
WARNING 2025-11-23 23:41:20,817 basehttp 7828 6992 "GET /media/spare_parts/images/kn_air_filter_42aVR9V.png HTTP/1.1" 404 4498
WARNING 2025-11-23 23:41:20,818 basehttp 7828 19320 "GET /media/spare_parts/images/mrf_zapper_w12SRKN.png HTTP/1.1" 404 4486
WARNING 2025-11-23 23:41:20,818 basehttp 7828 29376 "GET /media/spare_parts/images/motul_7100_h8rs1gX.png HTTP/1.1" 404 4486
WARNING 2025-11-23 23:41:20,818 basehttp 7828 28328 "GET /media/spare_parts/images/exide_battery_primary_OulVXYE.png HTTP/1.1" 404 4530
WARNING 2025-11-23 23:41:20,819 basehttp 7828 18536 "GET /media/spare_parts/images/bosch_brake_front_6Z2ac6I.png HTTP/1.1" 404 4514
WARNING 2025-11-23 23:41:20,819 basehttp 7828 25532 "GET /media/spare_parts/images/castrol_power1_vu5Geaw.png HTTP/1.1" 404 4502
WARNING 2025-11-23 23:41:30,149 log 7828 18536 Not Found: /media/spare_parts/images/bosch_brake_front_6Z2ac6I.png
WARNING 2025-11-23 23:41:30,153 log 7828 12192 Not Found: /media/spare_parts/images/Screenshot_2025-07-30_035610.png
WARNING 2025-11-23 23:41:30,156 log 7828 19320 Not Found: /media/spare_parts/images/mrf_zapper_w12SRKN.png
WARNING 2025-11-23 23:41:30,159 log 7828 6992 Not Found: /media/spare_parts/images/kn_air_filter_42aVR9V.png
WARNING 2025-11-23 23:41:30,162 log 7828 29376 Not Found: /media/spare_parts/images/motul_7100_h8rs1gX.png
WARNING 2025-11-23 23:41:30,165 log 7828 28328 Not Found: /media/spare_parts/images/exide_battery_primary_OulVXYE.png
WARNING 2025-11-23 23:41:30,170 log 7828 25532 Not Found: /media/spare_parts/images/castrol_power1_vu5Geaw.png
WARNING 2025-11-23 23:41:30,170 basehttp 7828 18536 "GET /media/spare_parts/images/bosch_brake_front_6Z2ac6I.png HTTP/1.1" 404 4514
WARNING 2025-11-23 23:41:30,171 basehttp 7828 19320 "GET /media/spare_parts/images/mrf_zapper_w12SRKN.png HTTP/1.1" 404 4486
WARNING 2025-11-23 23:41:30,171 basehttp 7828 12192 "GET /media/spare_parts/images/Screenshot_2025-07-30_035610.png HTTP/1.1" 404 4526
WARNING 2025-11-23 23:41:30,171 basehttp 7828 6992 "GET /media/spare_parts/images/kn_air_filter_42aVR9V.png HTTP/1.1" 404 4498
WARNING 2025-11-23 23:41:30,172 basehttp 7828 29376 "GET /media/spare_parts/images/motul_7100_h8rs1gX.png HTTP/1.1" 404 4486
WARNING 2025-11-23 23:41:30,172 basehttp 7828 28328 "GET /media/spare_parts/images/exide_battery_primary_OulVXYE.png HTTP/1.1" 404 4530
WARNING 2025-11-23 23:41:30,172 basehttp 7828 25532 "GET /media/spare_parts/images/castrol_power1_vu5Geaw.png HTTP/1.1" 404 4502
INFO 2025-11-23 23:41:31,691 basehttp 7828 28688 "POST /api/spare-parts/cart/add/ HTTP/1.1" 201 373
WARNING 2025-11-23 23:41:33,444 log 7828 12192 Not Found: /media/spare_parts/images/Screenshot_2025-07-30_035610.png
WARNING 2025-11-23 23:41:33,448 log 7828 25532 Not Found: /media/spare_parts/images/castrol_power1_vu5Geaw.png
WARNING 2025-11-23 23:41:33,452 log 7828 18536 Not Found: /media/spare_parts/images/bosch_brake_front_6Z2ac6I.png
WARNING 2025-11-23 23:41:33,453 basehttp 7828 12192 "GET /media/spare_parts/images/Screenshot_2025-07-30_035610.png HTTP/1.1" 404 4526
WARNING 2025-11-23 23:41:33,453 basehttp 7828 25532 "GET /media/spare_parts/images/castrol_power1_vu5Geaw.png HTTP/1.1" 404 4502
WARNING 2025-11-23 23:41:33,454 basehttp 7828 18536 "GET /media/spare_parts/images/bosch_brake_front_6Z2ac6I.png HTTP/1.1" 404 4514
INFO 2025-11-23 23:41:46,513 basehttp 7828 29212 "POST /api/spare-parts/cart/checkout/ HTTP/1.1" 201 581
ERROR 2025-11-23 23:41:49,450 authentication 7828 2744 Authentication failed: {'status_code': 401, 'error_type': 'invalid token', 'error_message': 'Received expired token (exp in past) during jwt validation. (sometimes can be due to time glitch (between machines), try to set the jwt_validation_leeway parameter (in DescopeClient) to higher value than 5sec which is the default)'}
INFO 2025-11-23 23:41:50,791 basehttp 7828 2744 "GET /api/bookings/bookings/?phone=8901232357 HTTP/1.1" 200 898
INFO 2025-11-23 23:41:54,814 basehttp 7828 24896 "GET /api/spare-parts/orders/?session_id=sess_1763888324426_1781576751 HTTP/1.1" 200 1727
ERROR 2025-11-23 23:42:07,430 authentication 7828 6280 Authentication failed: {'status_code': 401, 'error_type': 'invalid token', 'error_message': 'Received expired token (exp in past) during jwt validation. (sometimes can be due to time glitch (between machines), try to set the jwt_validation_leeway parameter (in DescopeClient) to higher value than 5sec which is the default)'}
INFO 2025-11-23 23:42:08,759 basehttp 7828 6280 "GET /api/bookings/bookings/?phone=8901232357 HTTP/1.1" 200 898
INFO 2025-11-23 23:42:12,799 basehttp 7828 396 - Broken pipe from ('127.0.0.1', 55637)
ERROR 2025-11-23 23:48:29,712 authentication 7828 26564 Authentication failed: {'status_code': 401, 'error_type': 'invalid token', 'error_message': 'Received expired token (exp in past) during jwt validation. (sometimes can be due to time glitch (between machines), try to set the jwt_validation_leeway parameter (in DescopeClient) to higher value than 5sec which is the default)'}
INFO 2025-11-23 23:48:29,946 basehttp 7828 30196 "GET /api/spare-parts/cart/?session_id=sess_1763916490568_1155112145 HTTP/1.1" 200 385
INFO 2025-11-23 23:48:30,992 basehttp 7828 26564 "GET /api/bookings/bookings/?phone=8901232357 HTTP/1.1" 200 898
INFO 2025-11-23 23:48:31,872 basehttp 7828 25768 "GET /api/spare-parts/parts/ HTTP/1.1" 200 6237
WARNING 2025-11-23 23:48:32,040 log 7828 22440 Not Found: /media/spare_parts/images/Screenshot_2025-07-30_035610.png
WARNING 2025-11-23 23:48:32,043 log 7828 27180 Not Found: /media/spare_parts/images/bosch_brake_front_6Z2ac6I.png
WARNING 2025-11-23 23:48:32,044 basehttp 7828 22440 "GET /media/spare_parts/images/Screenshot_2025-07-30_035610.png HTTP/1.1" 404 4525
WARNING 2025-11-23 23:48:32,044 basehttp 7828 27180 "GET /media/spare_parts/images/bosch_brake_front_6Z2ac6I.png HTTP/1.1" 404 4513
WARNING 2025-11-23 23:48:32,048 log 7828 26632 Not Found: /media/spare_parts/images/castrol_power1_vu5Geaw.png
WARNING 2025-11-23 23:48:32,049 basehttp 7828 26632 "GET /media/spare_parts/images/castrol_power1_vu5Geaw.png HTTP/1.1" 404 4501
INFO 2025-11-23 23:48:33,513 basehttp 7828 22664 "GET /api/spare-parts/orders/?session_id=sess_1763916490568_1155112145 HTTP/1.1" 200 67
INFO 2025-11-23 23:49:35,610 basehttp 7828 3264 "GET /api/services/service-categories/ HTTP/1.1" 200 375
INFO 2025-11-23 23:49:35,667 basehttp 7828 27468 "GET /api/services/services/ HTTP/1.1" 200 639
INFO 2025-11-23 23:49:37,927 basehttp 7828 8620 "GET /api/subscriptions/plans/ HTTP/1.1" 200 52
ERROR 2025-11-23 23:49:38,318 authentication 7828 12700 Authentication failed: {'status_code': 401, 'error_type': 'invalid token', 'error_message': 'Received expired token (exp in past) during jwt validation. (sometimes can be due to time glitch (between machines), try to set the jwt_validation_leeway parameter (in DescopeClient) to higher value than 5sec which is the default)'}
INFO 2025-11-23 23:49:38,377 basehttp 7828 23000 "GET /api/spare-parts/cart/?session_id=sess_1763888324426_1781576751 HTTP/1.1" 200 245
INFO 2025-11-23 23:49:39,564 basehttp 7828 12700 "GET /api/bookings/bookings/?phone=8901232357 HTTP/1.1" 200 898
INFO 2025-11-23 23:49:40,443 basehttp 7828 12992 "GET /api/spare-parts/parts/ HTTP/1.1" 200 6247
WARNING 2025-11-23 23:49:40,550 log 7828 30324 Not Found: /media/spare_parts/images/castrol_power1_vu5Geaw.png
WARNING 2025-11-23 23:49:40,556 log 7828 13724 Not Found: /media/spare_parts/images/Screenshot_2025-07-30_035610.png
WARNING 2025-11-23 23:49:40,559 log 7828 16436 Not Found: /media/spare_parts/images/kn_air_filter_42aVR9V.png
WARNING 2025-11-23 23:49:40,563 log 7828 10116 Not Found: /media/spare_parts/images/exide_battery_primary_OulVXYE.png
WARNING 2025-11-23 23:49:40,566 log 7828 28124 Not Found: /media/spare_parts/images/motul_7100_h8rs1gX.png
WARNING 2025-11-23 23:49:40,571 log 7828 12948 Not Found: /media/spare_parts/images/bosch_brake_front_6Z2ac6I.png
WARNING 2025-11-23 23:49:40,577 log 7828 9464 Not Found: /media/spare_parts/images/mrf_zapper_w12SRKN.png
WARNING 2025-11-23 23:49:40,577 basehttp 7828 30324 "GET /media/spare_parts/images/castrol_power1_vu5Geaw.png HTTP/1.1" 404 4502
WARNING 2025-11-23 23:49:40,578 basehttp 7828 13724 "GET /media/spare_parts/images/Screenshot_2025-07-30_035610.png HTTP/1.1" 404 4526
WARNING 2025-11-23 23:49:40,578 basehttp 7828 16436 "GET /media/spare_parts/images/kn_air_filter_42aVR9V.png HTTP/1.1" 404 4498
WARNING 2025-11-23 23:49:40,579 basehttp 7828 28124 "GET /media/spare_parts/images/motul_7100_h8rs1gX.png HTTP/1.1" 404 4486
WARNING 2025-11-23 23:49:40,579 basehttp 7828 10116 "GET /media/spare_parts/images/exide_battery_primary_OulVXYE.png HTTP/1.1" 404 4530
WARNING 2025-11-23 23:49:40,579 basehttp 7828 12948 "GET /media/spare_parts/images/bosch_brake_front_6Z2ac6I.png HTTP/1.1" 404 4514
WARNING 2025-11-23 23:49:40,579 basehttp 7828 9464 "GET /media/spare_parts/images/mrf_zapper_w12SRKN.png HTTP/1.1" 404 4486
WARNING 2025-11-23 23:49:43,209 log 7828 28124 Not Found: /media/spare_parts/images/Screenshot_2025-07-30_035610.png
WARNING 2025-11-23 23:49:43,210 basehttp 7828 28124 "GET /media/spare_parts/images/Screenshot_2025-07-30_035610.png HTTP/1.1" 404 4526
WARNING 2025-11-23 23:49:43,458 log 7828 30324 Not Found: /media/spare_parts/images/bosch_brake_front_6Z2ac6I.png
WARNING 2025-11-23 23:49:43,462 log 7828 28124 Not Found: /media/spare_parts/images/Screenshot_2025-07-30_035610.png
WARNING 2025-11-23 23:49:43,465 log 7828 16436 Not Found: /media/spare_parts/images/mrf_zapper_w12SRKN.png
WARNING 2025-11-23 23:49:43,467 log 7828 12948 Not Found: /media/spare_parts/images/castrol_power1_vu5Geaw.png
WARNING 2025-11-23 23:49:43,471 log 7828 10116 Not Found: /media/spare_parts/images/exide_battery_primary_OulVXYE.png
WARNING 2025-11-23 23:49:43,474 log 7828 13724 Not Found: /media/spare_parts/images/kn_air_filter_42aVR9V.png
WARNING 2025-11-23 23:49:43,476 log 7828 9464 Not Found: /media/spare_parts/images/motul_7100_h8rs1gX.png
WARNING 2025-11-23 23:49:43,477 basehttp 7828 30324 "GET /media/spare_parts/images/bosch_brake_front_6Z2ac6I.png HTTP/1.1" 404 4514
WARNING 2025-11-23 23:49:43,477 basehttp 7828 28124 "GET /media/spare_parts/images/Screenshot_2025-07-30_035610.png HTTP/1.1" 404 4526
WARNING 2025-11-23 23:49:43,478 basehttp 7828 12948 "GET /media/spare_parts/images/castrol_power1_vu5Geaw.png HTTP/1.1" 404 4502
WARNING 2025-11-23 23:49:43,478 basehttp 7828 16436 "GET /media/spare_parts/images/mrf_zapper_w12SRKN.png HTTP/1.1" 404 4486
WARNING 2025-11-23 23:49:43,478 basehttp 7828 10116 "GET /media/spare_parts/images/exide_battery_primary_OulVXYE.png HTTP/1.1" 404 4530
WARNING 2025-11-23 23:49:43,478 basehttp 7828 13724 "GET /media/spare_parts/images/kn_air_filter_42aVR9V.png HTTP/1.1" 404 4498
WARNING 2025-11-23 23:49:43,479 basehttp 7828 9464 "GET /media/spare_parts/images/motul_7100_h8rs1gX.png HTTP/1.1" 404 4486
INFO 2025-11-23 23:49:43,836 basehttp 7828 7588 "GET /api/spare-parts/orders/?session_id=sess_1763888324426_1781576751 HTTP/1.1" 200 1727
WARNING 2025-11-23 23:49:53,389 log 7828 9464 Not Found: /media/spare_parts/images/kn_air_filter_42aVR9V.png
WARNING 2025-11-23 23:49:53,393 log 7828 30324 Not Found: /media/spare_parts/images/bosch_brake_front_6Z2ac6I.png
WARNING 2025-11-23 23:49:53,396 log 7828 13724 Not Found: /media/spare_parts/images/motul_7100_h8rs1gX.png
WARNING 2025-11-23 23:49:53,399 log 7828 28124 Not Found: /media/spare_parts/images/Screenshot_2025-07-30_035610.png
WARNING 2025-11-23 23:49:53,404 log 7828 12948 Not Found: /media/spare_parts/images/castrol_power1_vu5Geaw.png
WARNING 2025-11-23 23:49:53,407 log 7828 10116 Not Found: /media/spare_parts/images/exide_battery_primary_OulVXYE.png
WARNING 2025-11-23 23:49:53,409 basehttp 7828 9464 "GET /media/spare_parts/images/kn_air_filter_42aVR9V.png HTTP/1.1" 404 4498
WARNING 2025-11-23 23:49:53,412 log 7828 16436 Not Found: /media/spare_parts/images/mrf_zapper_w12SRKN.png
WARNING 2025-11-23 23:49:53,412 basehttp 7828 30324 "GET /media/spare_parts/images/bosch_brake_front_6Z2ac6I.png HTTP/1.1" 404 4514
WARNING 2025-11-23 23:49:53,412 basehttp 7828 13724 "GET /media/spare_parts/images/motul_7100_h8rs1gX.png HTTP/1.1" 404 4486
WARNING 2025-11-23 23:49:53,413 basehttp 7828 10116 "GET /media/spare_parts/images/exide_battery_primary_OulVXYE.png HTTP/1.1" 404 4530
WARNING 2025-11-23 23:49:53,413 basehttp 7828 28124 "GET /media/spare_parts/images/Screenshot_2025-07-30_035610.png HTTP/1.1" 404 4526
WARNING 2025-11-23 23:49:53,413 basehttp 7828 12948 "GET /media/spare_parts/images/castrol_power1_vu5Geaw.png HTTP/1.1" 404 4502
WARNING 2025-11-23 23:49:53,414 basehttp 7828 16436 "GET /media/spare_parts/images/mrf_zapper_w12SRKN.png HTTP/1.1" 404 4486
INFO 2025-11-23 23:49:55,535 basehttp 7828 29152 "POST /api/spare-parts/cart/add/ HTTP/1.1" 201 374
WARNING 2025-11-23 23:50:04,107 log 7828 13724 Not Found: /media/spare_parts/images/kn_air_filter_42aVR9V.png
WARNING 2025-11-23 23:50:04,111 log 7828 9464 Not Found: /media/spare_parts/images/motul_7100_h8rs1gX.png
WARNING 2025-11-23 23:50:04,113 log 7828 12948 Not Found: /media/spare_parts/images/castrol_power1_vu5Geaw.png
WARNING 2025-11-23 23:50:04,117 log 7828 16436 Not Found: /media/spare_parts/images/mrf_zapper_w12SRKN.png
WARNING 2025-11-23 23:50:04,120 log 7828 30324 Not Found: /media/spare_parts/images/bosch_brake_front_6Z2ac6I.png
WARNING 2025-11-23 23:50:04,124 log 7828 28124 Not Found: /media/spare_parts/images/Screenshot_2025-07-30_035610.png
WARNING 2025-11-23 23:50:04,127 log 7828 10116 Not Found: /media/spare_parts/images/exide_battery_primary_OulVXYE.png
WARNING 2025-11-23 23:50:04,127 basehttp 7828 13724 "GET /media/spare_parts/images/kn_air_filter_42aVR9V.png HTTP/1.1" 404 4498
WARNING 2025-11-23 23:50:04,127 basehttp 7828 9464 "GET /media/spare_parts/images/motul_7100_h8rs1gX.png HTTP/1.1" 404 4486
WARNING 2025-11-23 23:50:04,128 basehttp 7828 12948 "GET /media/spare_parts/images/castrol_power1_vu5Geaw.png HTTP/1.1" 404 4502
WARNING 2025-11-23 23:50:04,128 basehttp 7828 28124 "GET /media/spare_parts/images/Screenshot_2025-07-30_035610.png HTTP/1.1" 404 4526
WARNING 2025-11-23 23:50:04,128 basehttp 7828 16436 "GET /media/spare_parts/images/mrf_zapper_w12SRKN.png HTTP/1.1" 404 4486
WARNING 2025-11-23 23:50:04,128 basehttp 7828 30324 "GET /media/spare_parts/images/bosch_brake_front_6Z2ac6I.png HTTP/1.1" 404 4514
WARNING 2025-11-23 23:50:04,129 basehttp 7828 10116 "GET /media/spare_parts/images/exide_battery_primary_OulVXYE.png HTTP/1.1" 404 4530
INFO 2025-11-23 23:50:26,825 basehttp 7828 27808 "POST /api/spare-parts/cart/checkout/ HTTP/1.1" 201 581
ERROR 2025-11-23 23:50:29,576 authentication 7828 25332 Authentication failed: {'status_code': 401, 'error_type': 'invalid token', 'error_message': 'Received expired token (exp in past) during jwt validation. (sometimes can be due to time glitch (between machines), try to set the jwt_validation_leeway parameter (in DescopeClient) to higher value than 5sec which is the default)'}
INFO 2025-11-23 23:50:30,874 basehttp 7828 25332 "GET /api/bookings/bookings/?phone=8901232357 HTTP/1.1" 200 898
INFO 2025-11-23 23:50:35,382 basehttp 7828 27420 "GET /api/spare-parts/orders/?session_id=sess_1763888324426_1781576751 HTTP/1.1" 200 2231
ERROR 2025-11-23 23:50:46,490 authentication 7828 28348 Authentication failed: {'status_code': 401, 'error_type': 'invalid token', 'error_message': 'Received expired token (exp in past) during jwt validation. (sometimes can be due to time glitch (between machines), try to set the jwt_validation_leeway parameter (in DescopeClient) to higher value than 5sec which is the default)'}
INFO 2025-11-23 23:50:47,741 basehttp 7828 28348 "GET /api/bookings/bookings/?phone=8901232357 HTTP/1.1" 200 898
INFO 2025-11-23 23:50:52,237 basehttp 7828 4612 "GET /api/spare-parts/orders/?session_id=sess_1763888324426_1781576751 HTTP/1.1" 200 2231
ERROR 2025-11-23 23:51:38,055 authentication 7828 25128 Authentication failed: {'status_code': 401, 'error_type': 'invalid token', 'error_message': 'Received expired token (exp in past) during jwt validation. (sometimes can be due to time glitch (between machines), try to set the jwt_validation_leeway parameter (in DescopeClient) to higher value than 5sec which is the default)'}
INFO 2025-11-23 23:51:39,327 basehttp 7828 25128 "GET /api/bookings/bookings/?phone=8901232357 HTTP/1.1" 200 898
INFO 2025-11-23 23:51:44,136 basehttp 7828 23548 "GET /api/spare-parts/orders/?session_id=sess_1763888324426_1781576751 HTTP/1.1" 200 2231
INFO 2025-11-24 00:00:43,479 basehttp 7828 22224 "GET /api/services/service-categories/ HTTP/1.1" 200 375
INFO 2025-11-24 00:00:43,485 basehttp 7828 20644 "GET /api/services/services/ HTTP/1.1" 200 639
INFO 2025-11-24 00:00:45,988 basehttp 7828 25048 "GET /api/subscriptions/plans/ HTTP/1.1" 200 52
INFO 2025-11-24 00:00:46,502 basehttp 7828 26900 "GET /api/spare-parts/cart/?session_id=sess_1763888324426_1781576751 HTTP/1.1" 200 245
ERROR 2025-11-24 00:00:47,190 authentication 7828 27388 Authentication failed: {'status_code': 401, 'error_type': 'invalid token', 'error_message': 'Received expired token (exp in past) during jwt validation. (sometimes can be due to time glitch (between machines), try to set the jwt_validation_leeway parameter (in DescopeClient) to higher value than 5sec which is the default)'}
INFO 2025-11-24 00:00:48,492 basehttp 7828 26176 "GET /api/spare-parts/parts/ HTTP/1.1" 200 6247
INFO 2025-11-24 00:00:48,513 basehttp 7828 27388 "GET /api/bookings/bookings/?phone=8901232357 HTTP/1.1" 200 898
INFO 2025-11-24 00:00:49,993 basehttp 7828 26176 - Broken pipe from ('127.0.0.1', 58733)
INFO 2025-11-24 00:00:49,994 basehttp 7828 27388 - Broken pipe from ('127.0.0.1', 58730)
INFO 2025-11-24 00:00:53,184 basehttp 7828 12264 - Broken pipe from ('127.0.0.1', 58755)
INFO 2025-11-24 00:02:28,505 basehttp 7828 28492 "GET /api/services/services/ HTTP/1.1" 200 639
ERROR 2025-11-24 00:02:31,242 authentication 7828 14748 Authentication failed: {'status_code': 401, 'error_type': 'invalid token', 'error_message': 'Received expired token (exp in past) during jwt validation. (sometimes can be due to time glitch (between machines), try to set the jwt_validation_leeway parameter (in DescopeClient) to higher value than 5sec which is the default)'}
INFO 2025-11-24 00:02:31,728 basehttp 7828 25316 "GET /api/spare-parts/cart/?session_id=sess_1763916490568_1155112145 HTTP/1.1" 200 385
INFO 2025-11-24 00:02:32,496 basehttp 7828 14748 "GET /api/bookings/bookings/?phone=8901232357 HTTP/1.1" 200 898
INFO 2025-11-24 00:02:33,842 basehttp 7828 6356 "GET /api/spare-parts/parts/ HTTP/1.1" 200 6237
WARNING 2025-11-24 00:02:34,040 log 7828 14028 Not Found: /media/spare_parts/images/castrol_power1_vu5Geaw.png
WARNING 2025-11-24 00:02:34,044 log 7828 3812 Not Found: /media/spare_parts/images/Screenshot_2025-07-30_035610.png
WARNING 2025-11-24 00:02:34,048 log 7828 21936 Not Found: /media/spare_parts/images/bosch_brake_front_6Z2ac6I.png
WARNING 2025-11-24 00:02:34,048 basehttp 7828 14028 "GET /media/spare_parts/images/castrol_power1_vu5Geaw.png HTTP/1.1" 404 4501
WARNING 2025-11-24 00:02:34,049 basehttp 7828 3812 "GET /media/spare_parts/images/Screenshot_2025-07-30_035610.png HTTP/1.1" 404 4525
WARNING 2025-11-24 00:02:34,049 basehttp 7828 21936 "GET /media/spare_parts/images/bosch_brake_front_6Z2ac6I.png HTTP/1.1" 404 4513
INFO 2025-11-24 00:02:34,930 basehttp 7828 24612 "GET /api/spare-parts/orders/?session_id=sess_1763916490568_1155112145 HTTP/1.1" 200 67
INFO 2025-11-29 21:32:24,322 autoreload 12732 23380 Watching for file changes with StatReloader
WARNING 2025-11-29 21:32:32,340 log 12732 17608 Not Found: /
WARNING 2025-11-29 21:32:32,341 basehttp 12732 17608 "GET / HTTP/1.1" 404 4077
WARNING 2025-11-29 21:32:32,459 log 12732 17608 Not Found: /favicon.ico
WARNING 2025-11-29 21:32:32,460 basehttp 12732 17608 "GET /favicon.ico HTTP/1.1" 404 4128
INFO 2025-11-29 21:32:40,079 basehttp 12732 17608 "GET /admin/ HTTP/1.1" 302 0
INFO 2025-11-29 21:32:40,111 basehttp 12732 17608 "GET /admin/login/?next=/admin/ HTTP/1.1" 200 4177
INFO 2025-11-29 21:32:40,288 basehttp 12732 5816 "GET /static/admin/css/responsive.css HTTP/1.1" 200 16565
INFO 2025-11-29 21:32:40,304 basehttp 12732 23680 "GET /static/admin/css/nav_sidebar.css HTTP/1.1" 200 2810
INFO 2025-11-29 21:32:40,307 basehttp 12732 17880 "GET /static/admin/css/dark_mode.css HTTP/1.1" 200 2808
INFO 2025-11-29 21:32:40,307 basehttp 12732 12748 "GET /static/admin/js/theme.js HTTP/1.1" 200 1653
INFO 2025-11-29 21:32:40,312 basehttp 12732 17608 "GET /static/admin/css/base.css HTTP/1.1" 200 22120
INFO 2025-11-29 21:32:40,312 basehttp 12732 14648 "GET /static/admin/css/login.css HTTP/1.1" 200 951
INFO 2025-11-29 21:32:40,315 basehttp 12732 17608 "GET /static/admin/js/nav_sidebar.js HTTP/1.1" 200 3063
INFO 2026-01-11 14:12:09,174 autoreload 25232 28808 Watching for file changes with StatReloader
INFO 2026-01-11 14:16:47,980 autoreload 27948 33460 Watching for file changes with StatReloader
INFO 2026-01-11 14:19:10,934 basehttp 27948 30184 "GET / HTTP/1.1" 301 0
INFO 2026-01-11 14:19:10,940 basehttp 27948 33604 code 400, message Bad request syntax ('\x16\x03\x01\x06À\x01\x00\x06¼\x03\x03¯æqI+YÜçm\x17m<')
ERROR 2026-01-11 14:19:10,941 basehttp 27948 33604 You're accessing the development server over HTTPS, but it only supports HTTP.
INFO 2026-01-11 14:19:10,943 basehttp 27948 32772 code 400, message Bad request version ('ýNwù(VZ£xC/')
ERROR 2026-01-11 14:19:10,943 basehttp 27948 32772 You're accessing the development server over HTTPS, but it only supports HTTP.
INFO 2026-01-11 14:19:20,026 basehttp 27948 29904 code 400, message Bad request version ("¦&\x80evGJ¸{\x08Æcv1\x91\x8a\x07'É")
ERROR 2026-01-11 14:19:20,027 basehttp 27948 29904 You're accessing the development server over HTTPS, but it only supports HTTP.
INFO 2026-01-11 14:19:20,027 basehttp 27948 25196 code 400, message Bad request version ('Ó\x84\x9eÁ5¿Ú\x95\x9b²Ð+\x14j×}D1FGNÆé\x9f\x8bf¢\x7f&x/\x91\x9fMtÉ\x07Ê4\x12ÝÙ1\x04\x92¿JýZ®¤[\x12-¸lÛ\\\x13õ\x13d')
ERROR 2026-01-11 14:19:20,028 basehttp 27948 25196 You're accessing the development server over HTTPS, but it only supports HTTP.
INFO 2026-01-11 14:19:20,029 basehttp 27948 32944 code 400, message Bad request version ('ªz\x86')
ERROR 2026-01-11 14:19:20,029 basehttp 27948 32944 You're accessing the development server over HTTPS, but it only supports HTTP.
INFO 2026-01-11 14:19:20,029 basehttp 27948 29804 code 400, message Bad request version ('xöøl4eþ.£0U\x18ãKIM')
ERROR 2026-01-11 14:19:20,030 basehttp 27948 29804 You're accessing the development server over HTTPS, but it only supports HTTP.
INFO 2026-01-11 14:19:23,585 basehttp 27948 29724 code 400, message Bad request version ('\x02h2\x08http/1.1\x00')
ERROR 2026-01-11 14:19:23,585 basehttp 27948 29724 You're accessing the development server over HTTPS, but it only supports HTTP.
INFO 2026-01-11 14:19:23,587 basehttp 27948 27096 code 400, message Bad request version ('\\')
ERROR 2026-01-11 14:19:23,587 basehttp 27948 27096 You're accessing the development server over HTTPS, but it only supports HTTP.
INFO 2026-01-11 14:19:23,591 basehttp 27948 33272 code 400, message Bad request version ('\x02h2\x08http/1.1\x00')
INFO 2026-01-11 14:19:23,592 basehttp 27948 5456 code 400, message Bad request version ('ã@}Ì\\³\x01¼¯U;èÙ\x8a7t\x00\x95à«\xadJ\x11\x9aæ6\x06Cf63\x93`fZe\x9a\x8firO2ú\x12=¢/Ô´£\x04¦Ïss\x04')
ERROR 2026-01-11 14:19:23,592 basehttp 27948 33272 You're accessing the development server over HTTPS, but it only supports HTTP.
ERROR 2026-01-11 14:19:23,592 basehttp 27948 5456 You're accessing the development server over HTTPS, but it only supports HTTP.
INFO 2026-01-11 14:19:23,594 basehttp 27948 7716 code 400, message Bad request version ('\x00\x12\x00\x10\x04\x03\x08\x04\x04\x01\x05\x03\x08\x05\x05\x01\x08\x06\x06\x01\x00\x1b\x00\x03\x02\x00\x02\x00\x12\x00\x00\x00')
INFO 2026-01-11 14:19:23,594 basehttp 27948 23828 code 400, message Bad request version ('Ó\x83ÛCäe)ÀýþòÆÖG\x17³\x81')
ERROR 2026-01-11 14:19:23,594 basehttp 27948 7716 You're accessing the development server over HTTPS, but it only supports HTTP.
ERROR 2026-01-11 14:19:23,594 basehttp 27948 23828 You're accessing the development server over HTTPS, but it only supports HTTP.
INFO 2026-01-11 14:29:03,639 autoreload 30660 32496 Watching for file changes with StatReloader
INFO 2026-01-11 14:29:09,217 basehttp 30660 360 code 400, message Bad request syntax ('\x16\x03\x01\x06À\x01\x00\x06¼\x03\x03Qü\x8b;×i²òÍ\x8djP')
ERROR 2026-01-11 14:29:09,226 basehttp 30660 360 You're accessing the development server over HTTPS, but it only supports HTTP.
INFO 2026-01-11 14:29:09,229 basehttp 30660 23616 code 400, message Bad request version ('®B#')
ERROR 2026-01-11 14:29:09,229 basehttp 30660 23616 You're accessing the development server over HTTPS, but it only supports HTTP.
INFO 2026-01-11 14:29:19,521 basehttp 30660 4976 code 400, message Bad HTTP/0.9 request type ('\x16\x03\x01\x06À\x01\x00\x06¼\x03\x03X~gadn\x9f^')
ERROR 2026-01-11 14:29:19,522 basehttp 30660 4976 You're accessing the development server over HTTPS, but it only supports HTTP.
INFO 2026-01-11 14:29:19,523 basehttp 30660 3080 code 400, message Bad request version ('ämºúV\x7f\x1b\x93A·Ý\x00')
ERROR 2026-01-11 14:29:19,523 basehttp 30660 3080 You're accessing the development server over HTTPS, but it only supports HTTP.
INFO 2026-01-11 14:29:19,529 basehttp 30660 31120 code 400, message Bad request version ('\x10\x17\x90gËF\x12·2\x11\x81J\x1b)AZ')
ERROR 2026-01-11 14:29:19,529 basehttp 30660 31120 You're accessing the development server over HTTPS, but it only supports HTTP.
INFO 2026-01-11 14:29:19,529 basehttp 30660 16132 code 400, message Bad request version ('e\x0fAd\x95£}\x8byz"\x946')
ERROR 2026-01-11 14:29:19,530 basehttp 30660 16132 You're accessing the development server over HTTPS, but it only supports HTTP.
INFO 2026-01-11 14:29:19,531 basehttp 30660 26080 code 400, message Bad request version ('VßÉ¨Òæ8$Ä¡V\x87\x00\x11õnãåµ5EË\x93rº\x06i\x9fçBLó\x97\x08n¦\x8b:D\x07\x07\x82\x8f\x83¹%\x93Xq¡P¢ÝHV=«\x96Iq¿@rEÐ¤»\x8bÑ')
ERROR 2026-01-11 14:29:19,531 basehttp 30660 26080 You're accessing the development server over HTTPS, but it only supports HTTP.
INFO 2026-01-11 14:29:19,532 basehttp 30660 20448 code 400, message Bad HTTP/0.9 request type ('\x16\x03\x01\x06')
ERROR 2026-01-11 14:29:19,532 basehttp 30660 20448 You're accessing the development server over HTTPS, but it only supports HTTP.
INFO 2026-01-11 14:32:35,604 autoreload 25076 19108 Watching for file changes with StatReloader
INFO 2026-01-11 14:32:40,759 basehttp 25076 18228 code 400, message Bad request version ('\x00\x02\x01\x00\x00\x17\x00\x00\x003\x04ï\x04í')
ERROR 2026-01-11 14:32:40,760 basehttp 25076 18228 You're accessing the development server over HTTPS, but it only supports HTTP.
INFO 2026-01-11 14:32:40,762 basehttp 25076 28856 code 400, message Bad request syntax ('\x16\x03\x01\x06À\x01\x00\x06¼\x03\x03!\x14ð')
ERROR 2026-01-11 14:32:40,763 basehttp 25076 28856 You're accessing the development server over HTTPS, but it only supports HTTP.
WARNING 2026-01-11 14:33:20,893 log 25076 4232 Not Found: /
WARNING 2026-01-11 14:33:20,894 basehttp 25076 4232 "GET / HTTP/1.1" 404 3463
INFO 2026-01-11 14:33:27,831 basehttp 25076 4232 "GET /admin/ HTTP/1.1" 302 0
INFO 2026-01-11 14:33:28,380 basehttp 25076 4232 "GET /admin/login/?next=/admin/ HTTP/1.1" 200 4162
INFO 2026-01-11 14:33:28,652 basehttp 25076 14652 "GET /static/admin/css/login.css HTTP/1.1" 200 958
INFO 2026-01-11 14:33:28,653 basehttp 25076 27180 "GET /static/admin/css/dark_mode.css HTTP/1.1" 200 2682
INFO 2026-01-11 14:33:28,653 basehttp 25076 20396 "GET /static/admin/css/nav_sidebar.css HTTP/1.1" 200 2810
INFO 2026-01-11 14:33:28,657 basehttp 25076 4232 "GET /static/admin/css/base.css HTTP/1.1" 200 21544
INFO 2026-01-11 14:33:28,660 basehttp 25076 31728 "GET /static/admin/js/theme.js HTTP/1.1" 200 1943
INFO 2026-01-11 14:33:28,669 basehttp 25076 19124 "GET /static/admin/js/theme.js HTTP/1.1" 200 1943
INFO 2026-01-11 14:33:28,674 basehttp 25076 14652 "GET /static/admin/css/responsive.css HTTP/1.1" 200 17905
INFO 2026-01-11 14:33:28,678 basehttp 25076 25096 "GET /static/admin/js/nav_sidebar.js HTTP/1.1" 200 3063
INFO 2026-01-11 14:33:28,707 basehttp 25076 19124 "GET /static/admin/js/nav_sidebar.js HTTP/1.1" 200 3063
INFO 2026-01-11 14:33:41,433 basehttp 25076 4232 "POST /admin/login/?next=/admin/ HTTP/1.1" 302 0
INFO 2026-01-11 14:33:42,969 basehttp 25076 4232 "GET /admin/ HTTP/1.1" 200 19073
INFO 2026-01-11 14:33:43,024 basehttp 25076 14652 "GET /static/admin/css/dashboard.css HTTP/1.1" 200 441
INFO 2026-01-11 14:33:43,051 basehttp 25076 14652 "GET /static/admin/img/icon-addlink.svg HTTP/1.1" 200 331
INFO 2026-01-11 14:33:43,053 basehttp 25076 25096 "GET /static/admin/img/icon-changelink.svg HTTP/1.1" 200 380
INFO 2026-01-11 14:33:43,055 basehttp 25076 20396 "GET /static/admin/img/icon-deletelink.svg HTTP/1.1" 200 392
INFO 2026-01-11 14:35:03,008 basehttp 25076 4232 "GET /admin/vehicles/vehiclebrand/ HTTP/1.1" 200 24210
INFO 2026-01-11 14:35:03,080 basehttp 25076 14652 "GET /static/admin/css/changelists.css HTTP/1.1" 200 6811
INFO 2026-01-11 14:35:03,098 basehttp 25076 31728 "GET /static/admin/js/filters.js HTTP/1.1" 200 978
INFO 2026-01-11 14:35:03,100 basehttp 25076 27180 "GET /static/admin/js/jquery.init.js HTTP/1.1" 200 347
INFO 2026-01-11 14:35:03,117 basehttp 25076 4232 "GET /static/admin/js/core.js HTTP/1.1" 200 6208
INFO 2026-01-11 14:35:03,139 basehttp 25076 14652 "GET /static/admin/js/admin/RelatedObjectLookups.js HTTP/1.1" 200 9042
INFO 2026-01-11 14:35:03,151 basehttp 25076 19124 "GET /static/admin/js/filters.js HTTP/1.1" 200 978
INFO 2026-01-11 14:35:03,155 basehttp 25076 19124 "GET /static/admin/js/core.js HTTP/1.1" 200 6208
INFO 2026-01-11 14:35:03,164 basehttp 25076 27180 "GET /static/admin/js/urlify.js HTTP/1.1" 200 7887
INFO 2026-01-11 14:35:03,165 basehttp 25076 31728 "GET /static/admin/js/actions.js HTTP/1.1" 200 8067
INFO 2026-01-11 14:35:03,167 basehttp 25076 4232 "GET /static/admin/js/prepopulate.js HTTP/1.1" 200 1531
INFO 2026-01-11 14:35:03,167 basehttp 25076 19124 "GET /static/admin/js/admin/RelatedObjectLookups.js HTTP/1.1" 200 9042
INFO 2026-01-11 14:35:03,167 basehttp 25076 32116 "GET /static/admin/js/jquery.init.js HTTP/1.1" 200 347
INFO 2026-01-11 14:35:03,191 basehttp 25076 19124 "GET /static/admin/js/urlify.js HTTP/1.1" 200 7887
INFO 2026-01-11 14:35:03,198 basehttp 25076 20396 "GET /static/admin/js/vendor/jquery/jquery.js HTTP/1.1" 200 285314
INFO 2026-01-11 14:35:03,245 basehttp 25076 19124 "GET /static/admin/js/actions.js HTTP/1.1" 200 8067
INFO 2026-01-11 14:35:03,246 basehttp 25076 32116 "GET /static/admin/js/prepopulate.js HTTP/1.1" 200 1531
INFO 2026-01-11 14:35:03,257 basehttp 25076 19124 "GET /static/admin/js/vendor/jquery/jquery.js HTTP/1.1" 200 285314
INFO 2026-01-11 14:35:03,319 basehttp 25076 14652 "GET /static/admin/js/vendor/xregexp/xregexp.js HTTP/1.1" 200 325171
INFO 2026-01-11 14:35:03,460 basehttp 25076 19124 "GET /static/admin/js/vendor/xregexp/xregexp.js HTTP/1.1" 200 325171
INFO 2026-01-11 14:35:06,215 basehttp 25076 25096 "GET /admin/jsi18n/ HTTP/1.1" 200 3342
INFO 2026-01-11 14:35:06,238 basehttp 25076 14652 "GET /static/admin/img/search.svg HTTP/1.1" 200 458
INFO 2026-01-11 14:35:06,251 basehttp 25076 20396 "GET /static/admin/img/tooltag-add.svg HTTP/1.1" 200 331
INFO 2026-01-11 14:35:06,251 basehttp 25076 27180 "GET /static/admin/img/icon-viewlink.svg HTTP/1.1" 200 581
INFO 2026-01-11 14:35:06,252 basehttp 25076 31728 "GET /static/admin/img/sorting-icons.svg HTTP/1.1" 200 1097
INFO 2026-01-11 14:35:09,189 basehttp 25076 19124 "GET /admin/jsi18n/ HTTP/1.1" 200 3342
INFO 2026-01-11 14:37:27,250 basehttp 25076 33092 "GET /admin/ HTTP/1.1" 302 0
INFO 2026-01-11 14:37:27,587 basehttp 25076 33092 "GET /admin/login/?next=/admin/ HTTP/1.1" 200 4162
INFO 2026-01-11 14:37:27,611 basehttp 25076 33092 "GET /static/admin/css/base.css HTTP/1.1" 200 21544
INFO 2026-01-11 14:37:27,617 basehttp 25076 26432 "GET /static/admin/css/nav_sidebar.css HTTP/1.1" 200 2810
INFO 2026-01-11 14:37:27,617 basehttp 25076 33092 "GET /static/admin/css/dark_mode.css HTTP/1.1" 200 2682
INFO 2026-01-11 14:37:27,618 basehttp 25076 18576 "GET /static/admin/css/login.css HTTP/1.1" 200 958
INFO 2026-01-11 14:37:27,618 basehttp 25076 31444 "GET /static/admin/css/responsive.css HTTP/1.1" 200 17905
INFO 2026-01-11 14:37:27,760 basehttp 25076 31444 "GET /static/admin/js/theme.js HTTP/1.1" 200 1943
INFO 2026-01-11 14:37:27,761 basehttp 25076 33092 "GET /static/admin/js/nav_sidebar.js HTTP/1.1" 200 3063
WARNING 2026-01-11 14:37:27,875 log 25076 33092 Not Found: /favicon.ico
WARNING 2026-01-11 14:37:27,875 basehttp 25076 33092 "GET /favicon.ico HTTP/1.1" 404 3514
INFO 2026-01-11 14:40:17,725 autoreload 25076 19108 D:\developer\repairmybike\repairmybike_backend\repairmybike\settings.py changed, reloading.
INFO 2026-01-11 14:40:18,738 autoreload 30704 27772 Watching for file changes with StatReloader
INFO 2026-01-11 14:41:33,223 autoreload 30704 27772 D:\developer\repairmybike\repairmybike_backend\spare_parts\admin.py changed, reloading.
INFO 2026-01-11 14:41:34,166 autoreload 24620 9180 Watching for file changes with StatReloader
INFO 2026-01-11 14:41:35,713 autoreload 24620 9180 D:\developer\repairmybike\repairmybike_backend\spare_parts\admin.py changed, reloading.
INFO 2026-01-11 14:41:36,490 autoreload 33452 30196 Watching for file changes with StatReloader
INFO 2026-01-11 14:41:58,850 autoreload 33008 24864 Watching for file changes with StatReloader
INFO 2026-01-11 14:43:36,979 autoreload 29076 16332 Watching for file changes with StatReloader
INFO 2026-01-11 14:43:46,095 basehttp 29076 33640 "GET /admin/ HTTP/1.1" 302 0
INFO 2026-01-11 14:43:46,366 basehttp 29076 33640 "GET /admin/login/?next=/admin/ HTTP/1.1" 200 4162
INFO 2026-01-11 14:43:46,544 basehttp 29076 33640 "GET /static/admin/css/base.css HTTP/1.1" 200 21544
INFO 2026-01-11 14:43:46,558 basehttp 29076 33640 "GET /static/admin/js/theme.js HTTP/1.1" 200 1943
INFO 2026-01-11 14:43:46,559 basehttp 29076 27824 "GET /static/admin/js/nav_sidebar.js HTTP/1.1" 200 3063
INFO 2026-01-11 14:43:46,583 basehttp 29076 6684 "GET /static/admin/css/dark_mode.css HTTP/1.1" 200 2682
INFO 2026-01-11 14:43:46,585 basehttp 29076 32052 "GET /static/admin/css/login.css HTTP/1.1" 200 958
INFO 2026-01-11 14:43:46,586 basehttp 29076 26776 "GET /static/admin/css/responsive.css HTTP/1.1" 200 17905
INFO 2026-01-11 14:43:46,587 basehttp 29076 33128 "GET /static/admin/css/nav_sidebar.css HTTP/1.1" 200 2810
WARNING 2026-01-11 14:43:46,710 log 29076 33128 Not Found: /favicon.ico
WARNING 2026-01-11 14:43:46,711 basehttp 29076 33128 "GET /favicon.ico HTTP/1.1" 404 3517
INFO 2026-01-11 14:44:12,099 basehttp 29076 26048 "GET /admin/login/?next=/admin/ HTTP/1.1" 200 4162
INFO 2026-01-11 14:44:12,182 basehttp 29076 26048 "GET /static/admin/css/base.css HTTP/1.1" 200 21544
INFO 2026-01-11 14:44:12,195 basehttp 29076 13344 "GET /static/admin/css/dark_mode.css HTTP/1.1" 200 2682
INFO 2026-01-11 14:44:12,201 basehttp 29076 22676 "GET /static/admin/css/login.css HTTP/1.1" 200 958
INFO 2026-01-11 14:44:12,202 basehttp 29076 26960 "GET /static/admin/css/nav_sidebar.css HTTP/1.1" 200 2810
INFO 2026-01-11 14:44:12,204 basehttp 29076 30808 "GET /static/admin/js/theme.js HTTP/1.1" 200 1943
INFO 2026-01-11 14:44:12,204 basehttp 29076 28772 "GET /static/admin/css/responsive.css HTTP/1.1" 200 17905
INFO 2026-01-11 14:44:12,204 basehttp 29076 26048 "GET /static/admin/js/nav_sidebar.js HTTP/1.1" 200 3063
WARNING 2026-01-11 14:44:12,344 log 29076 22676 Not Found: /favicon.ico
WARNING 2026-01-11 14:44:12,345 basehttp 29076 22676 "GET /favicon.ico HTTP/1.1" 404 3517
INFO 2026-01-11 14:44:28,285 basehttp 29076 22676 "POST /admin/login/?next=/admin/ HTTP/1.1" 200 4323
INFO 2026-01-11 14:44:30,090 basehttp 29076 28772 "POST /admin/login/?next=/admin/ HTTP/1.1" 200 4323
INFO 2026-01-11 14:44:43,698 basehttp 29076 28772 "POST /admin/login/?next=/admin/ HTTP/1.1" 302 0
INFO 2026-01-11 14:44:45,302 basehttp 29076 28772 "GET /admin/ HTTP/1.1" 200 19954
INFO 2026-01-11 14:44:45,370 basehttp 29076 28772 "GET /static/admin/css/dashboard.css HTTP/1.1" 200 441
INFO 2026-01-11 14:44:45,484 basehttp 29076 28772 "GET /static/admin/img/icon-addlink.svg HTTP/1.1" 200 331
INFO 2026-01-11 14:44:45,486 basehttp 29076 26048 "GET /static/admin/img/icon-changelink.svg HTTP/1.1" 200 380
INFO 2026-01-11 14:44:45,490 basehttp 29076 30808 "GET /static/admin/img/icon-deletelink.svg HTTP/1.1" 200 392
INFO 2026-01-11 14:45:15,952 basehttp 29076 30808 "GET /admin/subscriptions/plan/ HTTP/1.1" 200 18273
INFO 2026-01-11 14:45:16,545 basehttp 29076 26048 "GET /admin/subscriptions/plan/ HTTP/1.1" 200 18273
INFO 2026-01-11 14:45:16,790 basehttp 29076 28772 "GET /admin/subscriptions/plan/ HTTP/1.1" 200 18273
INFO 2026-01-11 14:45:16,856 basehttp 29076 28772 "GET /static/admin/css/changelists.css HTTP/1.1" 200 6811
INFO 2026-01-11 14:45:16,867 basehttp 29076 33568 "GET /static/admin/js/jquery.init.js HTTP/1.1" 200 347
INFO 2026-01-11 14:45:16,867 basehttp 29076 23904 "GET /static/admin/js/core.js HTTP/1.1" 200 6208
INFO 2026-01-11 14:45:16,868 basehttp 29076 32388 "GET /static/admin/js/admin/RelatedObjectLookups.js HTTP/1.1" 200 9042
INFO 2026-01-11 14:45:16,872 basehttp 29076 28772 "GET /static/admin/js/actions.js HTTP/1.1" 200 8067
INFO 2026-01-11 14:45:16,896 basehttp 29076 23904 "GET /static/admin/js/urlify.js HTTP/1.1" 200 7887
INFO 2026-01-11 14:45:16,896 basehttp 29076 28772 "GET /static/admin/js/prepopulate.js HTTP/1.1" 200 1531
INFO 2026-01-11 14:45:16,920 basehttp 29076 23904 "GET /static/admin/img/search.svg HTTP/1.1" 200 458
INFO 2026-01-11 14:45:16,921 basehttp 29076 13344 "GET /static/admin/js/vendor/jquery/jquery.js HTTP/1.1" 200 285314
INFO 2026-01-11 14:45:17,075 basehttp 29076 32388 "GET /static/admin/js/vendor/xregexp/xregexp.js HTTP/1.1" 200 325171
INFO 2026-01-11 14:45:17,103 basehttp 29076 32388 "GET /static/admin/js/filters.js HTTP/1.1" 200 978
INFO 2026-01-11 14:45:20,699 basehttp 29076 26960 "GET /admin/jsi18n/ HTTP/1.1" 200 3342
INFO 2026-01-11 14:45:20,788 basehttp 29076 26960 "GET /static/admin/img/tooltag-add.svg HTTP/1.1" 200 331
INFO 2026-01-11 14:45:20,788 basehttp 29076 32388 "GET /static/admin/img/icon-viewlink.svg HTTP/1.1" 200 581
INFO 2026-01-11 14:45:27,899 basehttp 29076 32388 "GET /admin/subscriptions/plan/add/ HTTP/1.1" 200 25867
INFO 2026-01-11 14:45:27,993 basehttp 29076 32388 "GET /static/admin/css/forms.css HTTP/1.1" 200 9090
INFO 2026-01-11 14:45:28,000 basehttp 29076 26960 "GET /static/admin/js/prepopulate_init.js HTTP/1.1" 200 586
INFO 2026-01-11 14:45:28,067 basehttp 29076 32388 "GET /static/admin/css/widgets.css HTTP/1.1" 200 11800
INFO 2026-01-11 14:45:28,104 basehttp 29076 32388 "GET /static/admin/js/change_form.js HTTP/1.1" 200 606
INFO 2026-01-11 14:45:31,034 basehttp 29076 23904 "GET /admin/jsi18n/ HTTP/1.1" 200 3342
INFO 2026-01-11 14:49:08,246 basehttp 33452 26008 "GET /admin/subscriptions/plan/ HTTP/1.1" 200 18273
INFO 2026-01-11 14:49:09,528 basehttp 33452 26008 "GET /admin/jsi18n/ HTTP/1.1" 200 3342
INFO 2026-01-11 14:49:14,018 basehttp 33452 26008 "GET /admin/subscriptions/plan/add/ HTTP/1.1" 200 25867
INFO 2026-01-11 14:49:14,147 basehttp 33452 29856 "GET /static/admin/css/forms.css HTTP/1.1" 200 9090
INFO 2026-01-11 14:49:14,148 basehttp 33452 32820 "GET /static/admin/js/change_form.js HTTP/1.1" 200 606
INFO 2026-01-11 14:49:14,152 basehttp 33452 32032 "GET /static/admin/js/prepopulate_init.js HTTP/1.1" 200 586
INFO 2026-01-11 14:49:14,154 basehttp 33452 29856 "GET /static/admin/css/widgets.css HTTP/1.1" 200 11800
INFO 2026-01-11 14:49:15,276 basehttp 33452 26008 "GET /admin/jsi18n/ HTTP/1.1" 200 3342
INFO 2026-01-11 14:49:57,009 basehttp 33452 26008 "GET /admin/bookings/bookingservice/ HTTP/1.1" 200 18260
INFO 2026-01-11 14:50:00,009 basehttp 33452 29856 "GET /admin/jsi18n/ HTTP/1.1" 200 3342
INFO 2026-01-11 14:50:05,077 basehttp 33452 26008 "GET /admin/subscriptions/subscription/ HTTP/1.1" 200 18215
INFO 2026-01-11 14:50:06,296 basehttp 33452 29856 "GET /admin/jsi18n/ HTTP/1.1" 200 3342
INFO 2026-01-11 14:50:11,843 basehttp 33452 26008 "GET /admin/subscriptions/subscription/add/ HTTP/1.1" 200 29433
INFO 2026-01-11 14:50:11,920 basehttp 33452 32820 "GET /static/admin/js/calendar.js HTTP/1.1" 200 9141
INFO 2026-01-11 14:50:11,920 basehttp 33452 32032 "GET /static/admin/js/admin/DateTimeShortcuts.js HTTP/1.1" 200 19319
INFO 2026-01-11 14:50:13,111 basehttp 33452 29856 "GET /admin/jsi18n/ HTTP/1.1" 200 3342
INFO 2026-01-11 14:50:13,184 basehttp 33452 32032 "GET /static/admin/img/icon-calendar.svg HTTP/1.1" 200 1086
INFO 2026-01-11 14:50:13,184 basehttp 33452 29856 "GET /static/admin/img/icon-clock.svg HTTP/1.1" 200 677
INFO 2026-01-11 14:50:26,164 basehttp 33452 26008 "GET /admin/subscriptions/plan/ HTTP/1.1" 200 18273
INFO 2026-01-11 14:50:29,046 basehttp 33452 32032 "GET /admin/jsi18n/ HTTP/1.1" 200 3342
INFO 2026-01-11 14:52:07,291 autoreload 33452 30196 D:\developer\repairmybike\repairmybike_backend\subscriptions\models.py changed, reloading.
INFO 2026-01-11 14:52:07,294 autoreload 29076 16332 D:\developer\repairmybike\repairmybike_backend\subscriptions\models.py changed, reloading.
INFO 2026-01-11 14:52:08,387 autoreload 21752 28620 Watching for file changes with StatReloader
INFO 2026-01-11 14:52:08,387 autoreload 18564 12588 Watching for file changes with StatReloader
INFO 2026-01-11 14:52:23,820 autoreload 21752 28620 D:\developer\repairmybike\repairmybike_backend\subscriptions\models.py changed, reloading.
INFO 2026-01-11 14:52:23,823 autoreload 18564 12588 D:\developer\repairmybike\repairmybike_backend\subscriptions\models.py changed, reloading.
INFO 2026-01-11 14:52:24,669 autoreload 9440 27084 Watching for file changes with StatReloader
INFO 2026-01-11 14:52:24,670 autoreload 10180 29032 Watching for file changes with StatReloader
INFO 2026-01-11 14:52:32,181 autoreload 10180 29032 D:\developer\repairmybike\repairmybike_backend\subscriptions\admin.py changed, reloading.
INFO 2026-01-11 14:52:32,185 autoreload 9440 27084 D:\developer\repairmybike\repairmybike_backend\subscriptions\admin.py changed, reloading.
INFO 2026-01-11 14:52:33,332 autoreload 33192 3412 Watching for file changes with StatReloader
INFO 2026-01-11 14:52:33,335 autoreload 29852 32616 Watching for file changes with StatReloader
INFO 2026-01-11 14:53:44,517 basehttp 33192 28880 "GET /admin/subscriptions/plan/ HTTP/1.1" 200 18598
INFO 2026-01-11 14:53:45,789 basehttp 33192 28880 "GET /admin/jsi18n/ HTTP/1.1" 200 3342
INFO 2026-01-11 14:54:04,928 basehttp 33192 28880 "GET /admin/subscriptions/plan/add/ HTTP/1.1" 200 31280
INFO 2026-01-11 14:54:05,112 basehttp 33192 22904 "GET /static/admin/js/collapse.js HTTP/1.1" 200 1803
INFO 2026-01-11 14:54:05,116 basehttp 33192 18552 "GET /static/admin/js/SelectBox.js HTTP/1.1" 200 4530
INFO 2026-01-11 14:54:05,117 basehttp 33192 25944 "GET /static/admin/js/SelectFilter2.js HTTP/1.1" 200 15492
INFO 2026-01-11 14:54:05,133 basehttp 33192 30932 "GET /static/admin/js/inlines.js HTTP/1.1" 200 15526
INFO 2026-01-11 14:54:06,250 basehttp 33192 28880 "GET /admin/jsi18n/ HTTP/1.1" 200 3342
INFO 2026-01-11 14:54:06,314 basehttp 33192 18552 "GET /static/admin/img/icon-unknown-alt.svg HTTP/1.1" 200 655
INFO 2026-01-11 14:54:06,314 basehttp 33192 30932 "GET /static/admin/img/icon-unknown.svg HTTP/1.1" 200 655
INFO 2026-01-11 14:54:06,315 basehttp 33192 25944 "GET /static/admin/img/selector-icons.svg HTTP/1.1" 200 3291
INFO 2026-01-11 14:54:06,338 basehttp 33192 30932 "GET /static/admin/img/inline-delete.svg HTTP/1.1" 200 560
INFO 2026-01-11 14:54:19,763 basehttp 29852 24056 "GET /admin/subscriptions/plan/add/ HTTP/1.1" 200 31280
INFO 2026-01-11 14:54:19,901 basehttp 29852 30460 "GET /static/admin/js/collapse.js HTTP/1.1" 200 1803
INFO 2026-01-11 14:54:19,966 basehttp 29852 4896 "GET /static/admin/js/inlines.js HTTP/1.1" 200 15526
INFO 2026-01-11 14:54:19,967 basehttp 29852 9936 "GET /static/admin/js/SelectBox.js HTTP/1.1" 200 4530
INFO 2026-01-11 14:54:19,970 basehttp 29852 33328 "GET /static/admin/js/SelectFilter2.js HTTP/1.1" 200 15492
INFO 2026-01-11 14:54:21,071 basehttp 29852 24056 "GET /admin/jsi18n/ HTTP/1.1" 200 3342
INFO 2026-01-11 14:54:21,196 basehttp 29852 24056 "GET /static/admin/img/icon-unknown.svg HTTP/1.1" 200 655
INFO 2026-01-11 14:54:21,196 basehttp 29852 33328 "GET /static/admin/img/icon-unknown-alt.svg HTTP/1.1" 200 655
INFO 2026-01-11 14:54:21,196 basehttp 29852 9936 "GET /static/admin/img/selector-icons.svg HTTP/1.1" 200 3291
INFO 2026-01-11 14:54:21,241 basehttp 29852 9936 "GET /static/admin/img/inline-delete.svg HTTP/1.1" 200 560
INFO 2026-01-11 14:54:23,891 basehttp 33192 28880 "GET /admin/subscriptions/planbenefit/ HTTP/1.1" 200 18099
INFO 2026-01-11 14:54:26,824 basehttp 33192 30932 "GET /admin/jsi18n/ HTTP/1.1" 200 3342
INFO 2026-01-11 14:54:31,783 basehttp 33192 28880 "GET /admin/subscriptions/planbenefit/add/ HTTP/1.1" 200 20071
INFO 2026-01-11 14:54:33,073 basehttp 33192 30932 "GET /admin/jsi18n/ HTTP/1.1" 200 3342
INFO 2026-01-11 14:54:48,785 basehttp 33192 28880 "GET /admin/subscriptions/plan/ HTTP/1.1" 200 18598
INFO 2026-01-11 14:54:50,020 basehttp 33192 30932 "GET /admin/jsi18n/ HTTP/1.1" 200 3342
INFO 2026-01-11 14:55:27,856 basehttp 33192 28880 "GET /admin/subscriptions/plan/add/ HTTP/1.1" 200 31280
INFO 2026-01-11 14:55:29,088 basehttp 33192 30932 "GET /admin/jsi18n/ HTTP/1.1" 200 3342
INFO 2026-01-11 14:56:27,247 autoreload 29852 32616 D:\developer\repairmybike\repairmybike_backend\subscriptions\models.py changed, reloading.
INFO 2026-01-11 14:56:27,277 autoreload 33192 3412 D:\developer\repairmybike\repairmybike_backend\subscriptions\models.py changed, reloading.
INFO 2026-01-11 14:56:28,376 autoreload 32780 25772 Watching for file changes with StatReloader
INFO 2026-01-11 14:56:28,379 autoreload 24308 30644 Watching for file changes with StatReloader
INFO 2026-01-11 14:57:05,300 basehttp 24308 23056 "GET /admin/services/service/add/?_to_field=id&_popup=1 HTTP/1.1" 200 9963
INFO 2026-01-11 14:57:06,641 basehttp 24308 23056 "GET /admin/jsi18n/ HTTP/1.1" 200 3342
INFO 2026-01-11 14:58:05,280 autoreload 32780 25772 D:\developer\repairmybike\repairmybike_backend\subscriptions\admin.py changed, reloading.
INFO 2026-01-11 14:58:05,583 autoreload 24308 30644 D:\developer\repairmybike\repairmybike_backend\subscriptions\admin.py changed, reloading.
INFO 2026-01-11 14:58:06,246 autoreload 26856 30976 Watching for file changes with StatReloader
INFO 2026-01-11 14:58:06,585 autoreload 30112 15624 Watching for file changes with StatReloader
INFO 2026-01-11 14:58:16,597 basehttp 30112 25412 "GET /admin/services/service/add/?_to_field=id&_popup=1 HTTP/1.1" 200 9963
INFO 2026-01-11 14:58:17,893 basehttp 30112 25412 "GET /admin/jsi18n/ HTTP/1.1" 200 3342
INFO 2026-01-11 14:59:07,091 basehttp 30112 25412 "GET /admin/services/servicecategory/ HTTP/1.1" 200 20739
INFO 2026-01-11 14:59:08,362 basehttp 30112 25412 "GET /admin/jsi18n/ HTTP/1.1" 200 3342
INFO 2026-01-11 14:59:08,457 basehttp 30112 25412 "GET /static/admin/img/sorting-icons.svg HTTP/1.1" 200 1097
INFO 2026-01-11 14:59:27,829 basehttp 30112 25412 "GET /admin/vehicles/vehiclebrand/ HTTP/1.1" 200 25144
INFO 2026-01-11 14:59:29,055 basehttp 30112 25412 "GET /admin/jsi18n/ HTTP/1.1" 200 3342
INFO 2026-01-11 14:59:41,835 basehttp 30112 25412 "GET /admin/vehicles/vehiclebrand/7/change/ HTTP/1.1" 200 22106
INFO 2026-01-11 14:59:43,118 basehttp 30112 25412 "GET /admin/jsi18n/ HTTP/1.1" 200 3342
INFO 2026-01-11 15:00:17,930 basehttp 30112 25412 "GET /admin/login/?next=/admin/ HTTP/1.1" 302 0
INFO 2026-01-11 15:00:19,467 basehttp 30112 25412 "GET /admin/ HTTP/1.1" 200 20421
INFO 2026-01-11 15:00:25,708 basehttp 30112 25412 "GET /admin/vehicles/vehiclebrand/ HTTP/1.1" 200 25144
INFO 2026-01-11 15:00:26,954 basehttp 30112 25412 "GET /admin/jsi18n/ HTTP/1.1" 200 3342
INFO 2026-01-11 15:00:44,864 basehttp 30112 25412 "GET /admin/vehicles/vehiclebrand/7/change/ HTTP/1.1" 200 22106
INFO 2026-01-11 15:00:46,106 basehttp 30112 25412 "GET /admin/jsi18n/ HTTP/1.1" 200 3342
INFO 2026-01-11 15:01:03,839 autoreload 26856 30976 D:\developer\repairmybike\repairmybike_backend\subscriptions\models.py changed, reloading.
INFO 2026-01-11 15:01:03,847 autoreload 30112 15624 D:\developer\repairmybike\repairmybike_backend\subscriptions\models.py changed, reloading.
INFO 2026-01-11 15:01:04,876 autoreload 4348 19272 Watching for file changes with StatReloader
INFO 2026-01-11 15:01:04,902 autoreload 9632 25256 Watching for file changes with StatReloader
INFO 2026-01-11 15:01:06,854 autoreload 4348 19272 D:\developer\repairmybike\repairmybike_backend\subscriptions\admin.py changed, reloading.
INFO 2026-01-11 15:01:06,902 autoreload 9632 25256 D:\developer\repairmybike\repairmybike_backend\subscriptions\admin.py changed, reloading.
INFO 2026-01-11 15:01:07,823 autoreload 25604 29932 Watching for file changes with StatReloader
INFO 2026-01-11 15:01:07,848 autoreload 32048 33556 Watching for file changes with StatReloader
INFO 2026-01-11 15:01:39,186 basehttp 32048 29560 "POST /admin/vehicles/vehiclebrand/7/change/ HTTP/1.1" 302 0
INFO 2026-01-11 15:01:41,538 basehttp 32048 29560 "GET /admin/vehicles/vehiclebrand/ HTTP/1.1" 200 25368
INFO 2026-01-11 15:01:49,914 basehttp 32048 8164 "GET /admin/login/?next=/admin/ HTTP/1.1" 302 0
INFO 2026-01-11 15:01:51,438 basehttp 32048 8164 "GET /admin/ HTTP/1.1" 200 21018
INFO 2026-01-11 15:01:51,559 basehttp 32048 8164 "GET /static/admin/img/icon-yes.svg HTTP/1.1" 200 436
INFO 2026-01-11 15:02:08,663 basehttp 32048 8164 "GET /admin/vehicles/vehiclebrand/ HTTP/1.1" 200 25144
INFO 2026-01-11 15:02:09,899 basehttp 32048 8164 "GET /admin/jsi18n/ HTTP/1.1" 200 3342
INFO 2026-01-11 15:02:16,195 basehttp 32048 8164 "GET /admin/vehicles/vehiclebrand/7/change/ HTTP/1.1" 200 22085
INFO 2026-01-11 15:02:17,480 basehttp 32048 8164 "GET /admin/jsi18n/ HTTP/1.1" 200 3342
INFO 2026-01-11 15:02:42,343 basehttp 32048 27544 "GET /admin/login/?next=/admin/\ HTTP/1.1" 302 0
INFO 2026-01-11 15:02:43,850 basehttp 32048 27544 "GET /admin/ HTTP/1.1" 200 20794
WARNING 2026-01-11 15:02:44,096 log 32048 24476 Not Found: /favicon.ico
WARNING 2026-01-11 15:02:44,096 basehttp 32048 24476 "GET /favicon.ico HTTP/1.1" 404 3517
INFO 2026-01-11 15:02:45,290 basehttp 32048 27544 "GET /admin/login/?next=/admin/ HTTP/1.1" 302 0
INFO 2026-01-11 15:02:46,792 basehttp 32048 27544 "GET /admin/ HTTP/1.1" 200 20794
INFO 2026-01-11 15:02:55,657 basehttp 32048 32540 "GET /admin/vehicles/vehiclebrand/ HTTP/1.1" 200 25144
INFO 2026-01-11 15:02:57,088 basehttp 32048 32540 "GET /admin/jsi18n/ HTTP/1.1" 200 3342
INFO 2026-01-11 15:03:04,069 basehttp 32048 32540 "GET /admin/vehicles/vehiclebrand/7/change/ HTTP/1.1" 200 22085
INFO 2026-01-11 15:03:05,430 basehttp 32048 32540 "GET /admin/jsi18n/ HTTP/1.1" 200 3342
INFO 2026-01-11 15:03:26,522 basehttp 32048 27760 "GET /admin/login/?next=/admin/ HTTP/1.1" 302 0
INFO 2026-01-11 15:03:28,088 basehttp 32048 27760 "GET /admin/ HTTP/1.1" 200 20794
WARNING 2026-01-11 15:03:28,344 log 32048 27760 Not Found: /favicon.ico
WARNING 2026-01-11 15:03:28,345 basehttp 32048 27760 "GET /favicon.ico HTTP/1.1" 404 3517
INFO 2026-01-11 15:03:33,356 basehttp 32048 27760 "GET /admin/vehicles/vehiclebrand/ HTTP/1.1" 200 25144
INFO 2026-01-11 15:03:34,650 basehttp 32048 27760 "GET /admin/jsi18n/ HTTP/1.1" 200 3342
INFO 2026-01-11 15:03:40,409 basehttp 32048 27760 "GET /admin/vehicles/vehiclebrand/3/change/ HTTP/1.1" 200 22065
INFO 2026-01-11 15:03:41,640 basehttp 32048 27760 "GET /admin/jsi18n/ HTTP/1.1" 200 3342
INFO 2026-01-11 15:03:50,498 basehttp 32048 27760 "POST /admin/vehicles/vehiclebrand/3/change/ HTTP/1.1" 302 0
INFO 2026-01-11 15:03:52,811 basehttp 32048 27760 "GET /admin/vehicles/vehiclebrand/ HTTP/1.1" 200 25365
INFO 2026-01-11 15:03:54,137 basehttp 32048 27760 "GET /admin/jsi18n/ HTTP/1.1" 200 3342
INFO 2026-01-11 15:04:00,515 basehttp 32048 27760 "GET /admin/vehicles/vehiclebrand/6/change/ HTTP/1.1" 200 22108
INFO 2026-01-11 15:04:01,868 basehttp 32048 27760 "GET /admin/jsi18n/ HTTP/1.1" 200 3342
INFO 2026-01-11 15:04:12,639 basehttp 32048 27760 "POST /admin/vehicles/vehiclebrand/6/change/ HTTP/1.1" 302 0
INFO 2026-01-11 15:04:14,896 basehttp 32048 27760 "GET /admin/vehicles/vehiclebrand/ HTTP/1.1" 200 25367
INFO 2026-01-11 15:04:16,318 basehttp 32048 27760 "GET /admin/jsi18n/ HTTP/1.1" 200 3342
INFO 2026-01-11 15:04:23,945 basehttp 32048 27760 "GET /admin/vehicles/vehiclebrand/1/change/ HTTP/1.1" 200 22084
INFO 2026-01-11 15:04:25,224 basehttp 32048 27760 "GET /admin/jsi18n/ HTTP/1.1" 200 3342
INFO 2026-01-11 15:04:35,654 basehttp 32048 27760 "POST /admin/vehicles/vehiclebrand/1/change/ HTTP/1.1" 302 0
INFO 2026-01-11 15:04:37,873 basehttp 32048 27760 "GET /admin/vehicles/vehiclebrand/ HTTP/1.1" 200 25364
INFO 2026-01-11 15:04:39,100 basehttp 32048 27760 "GET /admin/jsi18n/ HTTP/1.1" 200 3342
INFO 2026-01-11 15:05:01,392 basehttp 32048 27760 "GET /admin/vehicles/vehiclebrand/2/change/ HTTP/1.1" 200 22057
INFO 2026-01-11 15:05:02,626 basehttp 32048 27760 "GET /admin/jsi18n/ HTTP/1.1" 200 3342
INFO 2026-01-11 15:05:20,272 basehttp 32048 27760 "POST /admin/vehicles/vehiclebrand/2/change/ HTTP/1.1" 302 0
INFO 2026-01-11 15:05:22,582 basehttp 32048 27760 "GET /admin/vehicles/vehiclebrand/ HTTP/1.1" 200 25368
INFO 2026-01-11 15:05:23,804 basehttp 32048 27760 "GET /admin/jsi18n/ HTTP/1.1" 200 3342
INFO 2026-01-11 15:05:31,043 basehttp 32048 27760 "GET /admin/vehicles/vehiclebrand/11/change/ HTTP/1.1" 200 22110
INFO 2026-01-11 15:05:32,402 basehttp 32048 27760 "GET /admin/jsi18n/ HTTP/1.1" 200 3342
INFO 2026-01-11 15:05:42,579 basehttp 32048 27760 "POST /admin/vehicles/vehiclebrand/11/change/ HTTP/1.1" 302 0
INFO 2026-01-11 15:05:44,804 basehttp 32048 27760 "GET /admin/vehicles/vehiclebrand/ HTTP/1.1" 200 25372
INFO 2026-01-11 15:05:46,035 basehttp 32048 27760 "GET /admin/jsi18n/ HTTP/1.1" 200 3342
INFO 2026-01-11 15:05:52,165 basehttp 32048 27760 "GET /admin/vehicles/vehiclebrand/5/change/ HTTP/1.1" 200 22131
INFO 2026-01-11 15:05:53,387 basehttp 32048 27760 "GET /admin/jsi18n/ HTTP/1.1" 200 3342
INFO 2026-01-11 15:06:03,729 basehttp 32048 27760 "POST /admin/vehicles/vehiclebrand/5/change/ HTTP/1.1" 302 0
INFO 2026-01-11 15:06:06,005 basehttp 32048 27760 "GET /admin/vehicles/vehiclebrand/ HTTP/1.1" 200 25373
INFO 2026-01-11 15:06:07,410 basehttp 32048 27760 "GET /admin/jsi18n/ HTTP/1.1" 200 3342
INFO 2026-01-11 15:06:25,318 basehttp 32048 27760 "GET /admin/vehicles/vehiclebrand/9/change/ HTTP/1.1" 200 22048
INFO 2026-01-11 15:06:26,531 basehttp 32048 27760 "GET /admin/jsi18n/ HTTP/1.1" 200 3342
INFO 2026-01-11 15:06:38,404 basehttp 32048 27760 "POST /admin/vehicles/vehiclebrand/9/change/ HTTP/1.1" 302 0
INFO 2026-01-11 15:06:40,632 basehttp 32048 27760 "GET /admin/vehicles/vehiclebrand/ HTTP/1.1" 200 25369
INFO 2026-01-11 15:06:41,881 basehttp 32048 27760 "GET /admin/jsi18n/ HTTP/1.1" 200 3342
INFO 2026-01-11 15:06:52,233 basehttp 32048 27760 "GET /admin/vehicles/vehiclebrand/8/change/ HTTP/1.1" 200 22034
INFO 2026-01-11 15:06:53,478 basehttp 32048 27760 "GET /admin/jsi18n/ HTTP/1.1" 200 3342
INFO 2026-01-11 15:07:02,803 basehttp 32048 27760 "POST /admin/vehicles/vehiclebrand/8/change/ HTTP/1.1" 302 0
INFO 2026-01-11 15:07:05,100 basehttp 32048 27760 "GET /admin/vehicles/vehiclebrand/ HTTP/1.1" 200 25366
INFO 2026-01-11 15:07:06,334 basehttp 32048 27760 "GET /admin/jsi18n/ HTTP/1.1" 200 3342
INFO 2026-01-11 15:07:11,943 basehttp 32048 27760 "GET /admin/vehicles/vehiclebrand/4/change/ HTTP/1.1" 200 22041
INFO 2026-01-11 15:07:13,207 basehttp 32048 27760 "GET /admin/jsi18n/ HTTP/1.1" 200 3342
INFO 2026-01-11 15:07:22,413 basehttp 32048 27760 "POST /admin/vehicles/vehiclebrand/4/change/ HTTP/1.1" 302 0
INFO 2026-01-11 15:07:24,725 basehttp 32048 27760 "GET /admin/vehicles/vehiclebrand/ HTTP/1.1" 200 25363
INFO 2026-01-11 15:07:26,115 basehttp 32048 27760 "GET /admin/jsi18n/ HTTP/1.1" 200 3342
INFO 2026-01-11 15:07:31,418 basehttp 32048 27760 "GET /admin/vehicles/vehiclebrand/10/change/ HTTP/1.1" 200 22072
INFO 2026-01-11 15:07:32,655 basehttp 32048 27760 "GET /admin/jsi18n/ HTTP/1.1" 200 3342
INFO 2026-01-11 15:07:43,121 basehttp 32048 27760 "POST /admin/vehicles/vehiclebrand/10/change/ HTTP/1.1" 302 0
INFO 2026-01-11 15:07:45,437 basehttp 32048 27760 "GET /admin/vehicles/vehiclebrand/ HTTP/1.1" 200 25370
INFO 2026-01-11 15:07:46,657 basehttp 32048 27760 "GET /admin/jsi18n/ HTTP/1.1" 200 3342
INFO 2026-01-11 15:08:53,078 basehttp 25604 31908 "GET /admin/subscriptions/plan/add/ HTTP/1.1" 200 31889
INFO 2026-01-11 15:08:54,616 basehttp 25604 31908 "GET /admin/jsi18n/ HTTP/1.1" 200 3342
INFO 2026-01-11 15:10:30,275 autoreload 24660 31620 Watching for file changes with StatReloader
INFO 2026-01-11 15:10:39,137 basehttp 32048 27760 "GET /admin/vehicles/vehicletype/ HTTP/1.1" 200 21084
INFO 2026-01-11 15:10:40,364 basehttp 32048 27760 "GET /admin/jsi18n/ HTTP/1.1" 200 3342
INFO 2026-01-11 15:10:46,258 basehttp 32048 27760 "GET /admin/vehicles/vehicletype/1/change/ HTTP/1.1" 200 20272
INFO 2026-01-11 15:10:47,719 basehttp 32048 27760 "GET /admin/jsi18n/ HTTP/1.1" 200 3342
INFO 2026-01-11 15:10:54,708 basehttp 32048 27760 "GET /admin/vehicles/vehicletype/1/change/ HTTP/1.1" 200 20272
INFO 2026-01-11 15:13:00,336 basehttp 32048 27760 "GET /admin/vehicles/vehiclemodel/ HTTP/1.1" 200 59330
INFO 2026-01-11 15:13:03,577 basehttp 32048 32928 "GET /admin/jsi18n/ HTTP/1.1" 200 3342
INFO 2026-01-11 15:13:45,229 basehttp 32048 32928 "GET /admin/vehicles/vehiclemodel/71/change/ HTTP/1.1" 200 22553
INFO 2026-01-11 15:13:46,495 basehttp 32048 32928 "GET /admin/jsi18n/ HTTP/1.1" 200 3342
INFO 2026-01-11 15:13:56,433 basehttp 32048 32928 "GET /admin/vehicles/vehiclemodel/71/change/ HTTP/1.1" 200 22553
INFO 2026-01-11 15:14:40,828 basehttp 32048 32928 "POST /admin/vehicles/vehiclemodel/71/change/ HTTP/1.1" 302 0
INFO 2026-01-11 15:14:46,272 basehttp 32048 32928 "GET /admin/vehicles/vehiclemodel/ HTTP/1.1" 200 59559
INFO 2026-01-11 15:14:47,604 basehttp 32048 32928 "GET /admin/jsi18n/ HTTP/1.1" 200 3342
INFO 2026-01-11 15:14:56,442 basehttp 32048 32928 "GET /admin/vehicles/vehiclemodel/71/change/ HTTP/1.1" 200 22625
INFO 2026-01-11 15:14:57,756 basehttp 32048 32928 "GET /admin/jsi18n/ HTTP/1.1" 200 3342
INFO 2026-01-11 15:15:08,917 basehttp 32048 32928 "GET /admin/vehicles/vehiclemodel/71/change/ HTTP/1.1" 200 22625
INFO 2026-01-11 15:15:14,897 basehttp 32048 32928 "POST /admin/vehicles/vehiclemodel/71/change/ HTTP/1.1" 302 0
INFO 2026-01-11 15:15:20,153 basehttp 32048 32928 "GET /admin/vehicles/vehiclemodel/ HTTP/1.1" 200 59559
INFO 2026-01-11 15:15:21,401 basehttp 32048 32928 "GET /admin/jsi18n/ HTTP/1.1" 200 3342
INFO 2026-01-11 15:15:32,941 basehttp 32048 32928 "GET /admin/vehicles/vehiclemodel/13/change/ HTTP/1.1" 200 22518
INFO 2026-01-11 15:15:34,381 basehttp 32048 32928 "GET /admin/jsi18n/ HTTP/1.1" 200 3342
INFO 2026-01-11 15:17:49,291 basehttp 32048 32928 "GET /admin/vehicles/vehiclemodel/ HTTP/1.1" 200 59330
INFO 2026-01-11 15:18:12,575 basehttp 32048 32928 "GET /admin/vehicles/vehiclemodel/?vehicle_brand__id__exact=7 HTTP/1.1" 200 22450
INFO 2026-01-11 15:18:14,031 basehttp 32048 32928 "GET /admin/jsi18n/ HTTP/1.1" 200 3342
INFO 2026-01-11 15:18:22,975 basehttp 32048 32928 "GET /admin/vehicles/vehiclemodel/61/change/?_changelist_filters=vehicle_brand__id__exact%3D7 HTTP/1.1" 200 22754
INFO 2026-01-11 15:18:24,307 basehttp 32048 32928 "GET /admin/jsi18n/ HTTP/1.1" 200 3342
INFO 2026-01-11 15:20:32,342 basehttp 32048 32928 "GET /admin/vehicles/vehiclemodel/ HTTP/1.1" 200 59330
INFO 2026-01-11 15:20:33,652 basehttp 32048 32928 "GET /admin/jsi18n/ HTTP/1.1" 200 3342
INFO 2026-01-11 15:20:42,735 basehttp 32048 32928 "GET /admin/vehicles/vehiclemodel/?vehicle_brand__id__exact=1 HTTP/1.1" 200 29158
INFO 2026-01-11 15:20:44,062 basehttp 32048 32928 "GET /admin/jsi18n/ HTTP/1.1" 200 3342
INFO 2026-01-11 15:21:05,381 basehttp 32048 32928 "GET /admin/vehicles/vehiclemodel/13/change/?_changelist_filters=vehicle_brand__id__exact%3D1 HTTP/1.1" 200 22675
INFO 2026-01-11 15:21:06,744 basehttp 32048 32928 "GET /admin/jsi18n/ HTTP/1.1" 200 3342
INFO 2026-01-11 15:21:09,939 autoreload 19092 29256 Watching for file changes with StatReloader
INFO 2026-01-11 15:21:26,609 basehttp 19092 28752 "GET /admin/subscriptions/plan/add/ HTTP/1.1" 200 31889
INFO 2026-01-11 15:21:27,860 basehttp 19092 28752 "GET /admin/jsi18n/ HTTP/1.1" 200 3342
INFO 2026-01-11 15:22:18,042 basehttp 19092 28752 "GET /admin/services/service/add/?_to_field=id&_popup=1 HTTP/1.1" 200 9963
INFO 2026-01-11 15:22:19,283 basehttp 19092 28752 "GET /admin/jsi18n/ HTTP/1.1" 200 3342
INFO 2026-01-11 15:25:06,525 basehttp 32048 32928 "POST /admin/vehicles/vehiclemodel/13/change/?_changelist_filters=vehicle_brand__id__exact%3D1 HTTP/1.1" 302 0
INFO 2026-01-11 15:25:11,922 basehttp 32048 32928 "GET /admin/vehicles/vehiclemodel/?vehicle_brand__id__exact=1 HTTP/1.1" 200 29387
INFO 2026-01-11 15:25:13,230 basehttp 32048 32928 "GET /admin/jsi18n/ HTTP/1.1" 200 3342
INFO 2026-01-11 15:25:23,820 basehttp 32048 32928 "GET /admin/vehicles/vehiclemodel/10/change/?_changelist_filters=vehicle_brand__id__exact%3D1 HTTP/1.1" 200 22625
INFO 2026-01-11 15:25:25,118 basehttp 32048 32928 "GET /admin/jsi18n/ HTTP/1.1" 200 3342
INFO 2026-01-11 15:25:41,440 basehttp 32048 32928 "POST /admin/vehicles/vehiclemodel/10/change/?_changelist_filters=vehicle_brand__id__exact%3D1 HTTP/1.1" 302 0
INFO 2026-01-11 15:25:46,604 basehttp 32048 32928 "GET /admin/vehicles/vehiclemodel/?vehicle_brand__id__exact=1 HTTP/1.1" 200 29378
INFO 2026-01-11 15:25:48,078 basehttp 32048 32928 "GET /admin/jsi18n/ HTTP/1.1" 200 3342
INFO 2026-01-11 15:25:56,465 basehttp 32048 32928 "GET /admin/vehicles/vehiclemodel/8/change/?_changelist_filters=vehicle_brand__id__exact%3D1 HTTP/1.1" 200 22713
INFO 2026-01-11 15:25:57,861 basehttp 32048 32928 "GET /admin/jsi18n/ HTTP/1.1" 200 3342
INFO 2026-01-11 15:26:21,568 basehttp 32048 32928 "POST /admin/vehicles/vehiclemodel/8/change/?_changelist_filters=vehicle_brand__id__exact%3D1 HTTP/1.1" 302 0
INFO 2026-01-11 15:26:26,730 basehttp 32048 32928 "GET /admin/vehicles/vehiclemodel/?vehicle_brand__id__exact=1 HTTP/1.1" 200 29380
INFO 2026-01-11 15:26:28,083 basehttp 32048 32928 "GET /admin/jsi18n/ HTTP/1.1" 200 3342
INFO 2026-01-11 15:26:36,379 basehttp 32048 32928 "GET /admin/vehicles/vehiclemodel/14/change/?_changelist_filters=vehicle_brand__id__exact%3D1 HTTP/1.1" 200 22667
INFO 2026-01-11 15:26:37,689 basehttp 32048 32928 "GET /admin/jsi18n/ HTTP/1.1" 200 3342
INFO 2026-01-11 15:26:48,069 basehttp 32048 32928 "POST /admin/vehicles/vehiclemodel/14/change/?_changelist_filters=vehicle_brand__id__exact%3D1 HTTP/1.1" 302 0
INFO 2026-01-11 15:26:53,288 basehttp 32048 32928 "GET /admin/vehicles/vehiclemodel/?vehicle_brand__id__exact=1 HTTP/1.1" 200 29385
INFO 2026-01-11 15:26:54,588 basehttp 32048 32928 "GET /admin/jsi18n/ HTTP/1.1" 200 3342
INFO 2026-01-11 15:27:03,415 basehttp 32048 32928 "GET /admin/vehicles/vehiclemodel/5/change/?_changelist_filters=vehicle_brand__id__exact%3D1 HTTP/1.1" 200 22707
INFO 2026-01-11 15:27:04,784 basehttp 32048 32928 "GET /admin/jsi18n/ HTTP/1.1" 200 3342
INFO 2026-01-11 15:27:44,631 basehttp 32048 32928 "POST /admin/vehicles/vehiclemodel/5/change/?_changelist_filters=vehicle_brand__id__exact%3D1 HTTP/1.1" 200 22928
INFO 2026-01-11 15:27:45,932 basehttp 32048 32928 "GET /admin/jsi18n/ HTTP/1.1" 200 3342
INFO 2026-01-11 15:28:13,784 basehttp 32048 32928 "POST /admin/vehicles/vehiclemodel/5/change/?_changelist_filters=vehicle_brand__id__exact%3D1 HTTP/1.1" 200 22928
INFO 2026-01-11 15:28:15,131 basehttp 32048 32928 "GET /admin/jsi18n/ HTTP/1.1" 200 3342
INFO 2026-01-11 15:28:47,172 basehttp 32048 32928 "POST /admin/vehicles/vehiclemodel/5/change/?_changelist_filters=vehicle_brand__id__exact%3D1 HTTP/1.1" 200 22928
INFO 2026-01-11 15:28:48,465 basehttp 32048 32928 "GET /admin/jsi18n/ HTTP/1.1" 200 3342
INFO 2026-01-11 15:29:31,377 basehttp 32048 32928 "POST /admin/vehicles/vehiclemodel/5/change/?_changelist_filters=vehicle_brand__id__exact%3D1 HTTP/1.1" 302 0
INFO 2026-01-11 15:29:36,404 basehttp 32048 32928 "GET /admin/vehicles/vehiclemodel/?vehicle_brand__id__exact=1 HTTP/1.1" 200 29391
INFO 2026-01-11 15:29:37,700 basehttp 32048 32928 "GET /admin/jsi18n/ HTTP/1.1" 200 3342
INFO 2026-01-11 15:29:48,049 basehttp 32048 32928 "GET /admin/vehicles/vehiclemodel/13/change/?_changelist_filters=vehicle_brand__id__exact%3D1 HTTP/1.1" 200 22676
INFO 2026-01-11 15:29:49,666 basehttp 32048 32928 "GET /admin/jsi18n/ HTTP/1.1" 200 3342
INFO 2026-01-11 15:29:59,303 basehttp 19092 33700 "GET /admin/services/servicecategory/ HTTP/1.1" 200 20739
INFO 2026-01-11 15:30:00,644 basehttp 19092 33700 "GET /admin/jsi18n/ HTTP/1.1" 200 3342
INFO 2026-01-11 15:30:05,554 basehttp 19092 33700 "GET /admin/services/servicecategory/add/ HTTP/1.1" 200 20292
INFO 2026-01-11 15:30:06,868 basehttp 19092 33700 "GET /admin/jsi18n/ HTTP/1.1" 200 3342
INFO 2026-01-11 15:30:55,003 basehttp 32048 32928 "POST /admin/vehicles/vehiclemodel/13/change/?_changelist_filters=vehicle_brand__id__exact%3D1 HTTP/1.1" 302 0
INFO 2026-01-11 15:31:00,110 basehttp 32048 32928 "GET /admin/vehicles/vehiclemodel/?vehicle_brand__id__exact=1 HTTP/1.1" 200 29387
INFO 2026-01-11 15:31:01,435 basehttp 32048 32928 "GET /admin/jsi18n/ HTTP/1.1" 200 3342
INFO 2026-01-11 15:31:10,918 basehttp 32048 32928 "GET /admin/vehicles/vehiclemodel/6/change/?_changelist_filters=vehicle_brand__id__exact%3D1 HTTP/1.1" 200 22743
INFO 2026-01-11 15:31:12,222 basehttp 32048 32928 "GET /admin/jsi18n/ HTTP/1.1" 200 3342
INFO 2026-01-11 15:31:23,334 basehttp 32048 32928 "POST /admin/vehicles/vehiclemodel/6/change/?_changelist_filters=vehicle_brand__id__exact%3D1 HTTP/1.1" 302 0
INFO 2026-01-11 15:31:28,614 basehttp 32048 32928 "GET /admin/vehicles/vehiclemodel/?vehicle_brand__id__exact=1 HTTP/1.1" 200 29396
INFO 2026-01-11 15:31:29,928 basehttp 32048 32928 "GET /admin/jsi18n/ HTTP/1.1" 200 3342
INFO 2026-01-11 15:31:39,139 basehttp 32048 32928 "GET /admin/vehicles/vehiclemodel/4/change/?_changelist_filters=vehicle_brand__id__exact%3D1 HTTP/1.1" 200 22659
INFO 2026-01-11 15:31:40,477 basehttp 32048 32928 "GET /admin/jsi18n/ HTTP/1.1" 200 3342
INFO 2026-01-11 15:31:54,113 basehttp 32048 32928 "POST /admin/vehicles/vehiclemodel/4/change/?_changelist_filters=vehicle_brand__id__exact%3D1 HTTP/1.1" 302 0
INFO 2026-01-11 15:31:59,230 basehttp 32048 32928 "GET /admin/vehicles/vehiclemodel/?vehicle_brand__id__exact=1 HTTP/1.1" 200 29383
INFO 2026-01-11 15:32:00,662 basehttp 32048 32928 "GET /admin/jsi18n/ HTTP/1.1" 200 3342
INFO 2026-01-11 15:32:13,815 basehttp 32048 32928 "GET /admin/vehicles/vehiclemodel/11/change/?_changelist_filters=vehicle_brand__id__exact%3D1 HTTP/1.1" 200 22665
INFO 2026-01-11 15:32:15,113 basehttp 32048 32928 "GET /admin/jsi18n/ HTTP/1.1" 200 3342
INFO 2026-01-11 15:32:30,461 basehttp 32048 32928 "POST /admin/vehicles/vehiclemodel/11/change/?_changelist_filters=vehicle_brand__id__exact%3D1 HTTP/1.1" 302 0
INFO 2026-01-11 15:32:35,522 basehttp 32048 32928 "GET /admin/vehicles/vehiclemodel/?vehicle_brand__id__exact=1 HTTP/1.1" 200 29385
INFO 2026-01-11 15:32:36,866 basehttp 32048 32928 "GET /admin/jsi18n/ HTTP/1.1" 200 3342
INFO 2026-01-11 15:32:48,229 basehttp 32048 32928 "GET /admin/vehicles/vehiclemodel/9/change/?_changelist_filters=vehicle_brand__id__exact%3D1 HTTP/1.1" 200 22671
INFO 2026-01-11 15:32:49,556 basehttp 32048 32928 "GET /admin/jsi18n/ HTTP/1.1" 200 3342
INFO 2026-01-11 15:33:08,036 basehttp 32048 32928 "POST /admin/vehicles/vehiclemodel/9/change/?_changelist_filters=vehicle_brand__id__exact%3D1 HTTP/1.1" 302 0
INFO 2026-01-11 15:33:13,212 basehttp 32048 32928 "GET /admin/vehicles/vehiclemodel/?vehicle_brand__id__exact=1 HTTP/1.1" 200 29385
INFO 2026-01-11 15:33:14,572 basehttp 32048 32928 "GET /admin/jsi18n/ HTTP/1.1" 200 3342
INFO 2026-01-11 15:33:24,034 basehttp 32048 32928 "GET /admin/vehicles/vehiclemodel/12/change/?_changelist_filters=vehicle_brand__id__exact%3D1 HTTP/1.1" 200 22659
INFO 2026-01-11 15:33:27,575 basehttp 32048 26092 "GET /admin/jsi18n/ HTTP/1.1" 200 3342
INFO 2026-01-11 15:33:50,667 basehttp 32048 26092 "POST /admin/vehicles/vehiclemodel/12/change/?_changelist_filters=vehicle_brand__id__exact%3D1 HTTP/1.1" 302 0
INFO 2026-01-11 15:33:55,554 basehttp 32048 26092 "GET /admin/vehicles/vehiclemodel/?vehicle_brand__id__exact=1 HTTP/1.1" 200 29382
INFO 2026-01-11 15:33:56,771 basehttp 32048 26092 "GET /admin/jsi18n/ HTTP/1.1" 200 3342
INFO 2026-01-11 15:34:25,701 basehttp 32048 26092 "GET /admin/vehicles/vehiclemodel/1/change/?_changelist_filters=vehicle_brand__id__exact%3D1 HTTP/1.1" 200 22654
INFO 2026-01-11 15:34:27,069 basehttp 32048 26092 "GET /admin/jsi18n/ HTTP/1.1" 200 3342
INFO 2026-01-11 15:34:43,014 basehttp 32048 26092 "POST /admin/vehicles/vehiclemodel/1/change/?_changelist_filters=vehicle_brand__id__exact%3D1 HTTP/1.1" 302 0
INFO 2026-01-11 15:34:48,029 basehttp 32048 26092 "GET /admin/vehicles/vehiclemodel/?vehicle_brand__id__exact=1 HTTP/1.1" 200 29382
INFO 2026-01-11 15:34:49,340 basehttp 32048 26092 "GET /admin/jsi18n/ HTTP/1.1" 200 3342
INFO 2026-01-11 15:34:58,664 basehttp 32048 26092 "GET /admin/vehicles/vehiclemodel/3/change/?_changelist_filters=vehicle_brand__id__exact%3D1 HTTP/1.1" 200 22713
INFO 2026-01-11 15:35:00,629 basehttp 32048 26092 "GET /admin/jsi18n/ HTTP/1.1" 200 3342
INFO 2026-01-18 11:06:40,078 autoreload 10512 9888 Watching for file changes with StatReloader
INFO 2026-01-18 11:06:54,113 basehttp 10512 25636 code 400, message Bad request version ('\x11WJ*\x07\x93¹h\x07\x11@\x94È\x05\x0eARY\x14')
ERROR 2026-01-18 11:06:54,114 basehttp 10512 25636 You're accessing the development server over HTTPS, but it only supports HTTP.
INFO 2026-01-18 11:06:54,117 basehttp 10512 27244 code 400, message Bad request version ('êê\x13\x01\x13\x02\x13\x03À+À/À,À0Ì©Ì¨À\x13À\x14\x00\x9c\x00\x9d\x00/\x005\x01\x00\x06S\x1a\x1a\x00\x00\x00')
ERROR 2026-01-18 11:06:54,117 basehttp 10512 27244 You're accessing the development server over HTTPS, but it only supports HTTP.
INFO 2026-05-03 20:54:38,055 autoreload 8624 10016 Watching for file changes with StatReloader
WARNING 2026-05-03 20:54:49,507 log 8624 5072 Not Found: /
WARNING 2026-05-03 20:54:49,508 basehttp 8624 5072 "GET / HTTP/1.1" 404 4077
WARNING 2026-05-03 20:54:49,767 log 8624 5072 Not Found: /favicon.ico
WARNING 2026-05-03 20:54:49,768 basehttp 8624 5072 "GET /favicon.ico HTTP/1.1" 404 4128
INFO 2026-05-03 21:03:22,392 autoreload 8624 10016 E:\develop\repairmybike\repairmybike_backend\bookings\models.py changed, reloading.
INFO 2026-05-03 21:03:23,648 autoreload 17152 13688 Watching for file changes with StatReloader
INFO 2026-05-03 21:04:40,283 autoreload 17152 13688 E:\develop\repairmybike\repairmybike_backend\bookings\models.py changed, reloading.
INFO 2026-05-03 21:04:41,745 autoreload 22976 7624 Watching for file changes with StatReloader
INFO 2026-05-03 21:05:58,396 autoreload 22976 7624 E:\develop\repairmybike\repairmybike_backend\bookings\serializers.py changed, reloading.
INFO 2026-05-03 21:05:59,907 autoreload 17500 1632 Watching for file changes with StatReloader
INFO 2026-05-03 21:06:58,735 autoreload 17500 1632 E:\develop\repairmybike\repairmybike_backend\bookings\serializers.py changed, reloading.
INFO 2026-05-03 21:07:00,312 autoreload 17616 24012 Watching for file changes with StatReloader
INFO 2026-05-03 21:07:46,701 autoreload 17616 24012 E:\develop\repairmybike\repairmybike_backend\bookings\serializers.py changed, reloading.
INFO 2026-05-03 21:07:48,242 autoreload 10768 3028 Watching for file changes with StatReloader
INFO 2026-05-03 21:08:37,694 autoreload 10768 3028 E:\develop\repairmybike\repairmybike_backend\staff\views.py changed, reloading.
INFO 2026-05-03 21:08:39,234 autoreload 20068 20148 Watching for file changes with StatReloader
INFO 2026-05-03 21:08:51,193 autoreload 20068 20148 E:\develop\repairmybike\repairmybike_backend\bookings\models.py changed, reloading.
INFO 2026-05-03 21:08:52,704 autoreload 17064 20820 Watching for file changes with StatReloader
INFO 2026-05-03 21:09:23,824 autoreload 17064 20820 E:\develop\repairmybike\repairmybike_backend\bookings\models.py changed, reloading.
INFO 2026-05-03 21:09:25,255 autoreload 12984 2360 Watching for file changes with StatReloader
INFO 2026-05-03 21:18:29,301 autoreload 12984 2360 E:\develop\repairmybike\repairmybike_backend\staff\models.py changed, reloading.
INFO 2026-05-03 21:18:31,110 autoreload 22620 13132 Watching for file changes with StatReloader
INFO 2026-05-03 21:20:22,799 autoreload 22620 13132 E:\develop\repairmybike\repairmybike_backend\staff\views.py changed, reloading.
INFO 2026-05-03 21:20:24,481 autoreload 23328 14896 Watching for file changes with StatReloader
INFO 2026-05-03 21:22:05,239 autoreload 23328 14896 E:\develop\repairmybike\repairmybike_backend\staff\urls.py changed, reloading.
INFO 2026-05-03 21:22:06,796 autoreload 21100 10580 Watching for file changes with StatReloader
INFO 2026-05-03 21:23:21,500 autoreload 21100 10580 E:\develop\repairmybike\repairmybike_backend\spare_parts\views.py changed, reloading.
INFO 2026-05-03 21:23:22,856 autoreload 9996 6876 Watching for file changes with StatReloader
INFO 2026-05-03 21:24:16,885 autoreload 9996 6876 E:\develop\repairmybike\repairmybike_backend\spare_parts\views.py changed, reloading.
INFO 2026-05-03 21:24:17,726 autoreload 11924 7260 Watching for file changes with StatReloader
INFO 2026-05-03 21:34:54,657 autoreload 2356 9128 Watching for file changes with StatReloader
WARNING 2026-05-03 21:39:27,754 log 2356 21392 Not Found: /
WARNING 2026-05-03 21:39:27,755 basehttp 2356 21392 "GET / HTTP/1.1" 404 4077
WARNING 2026-05-03 21:39:44,079 log 2356 21392 Not Found: /staff
WARNING 2026-05-03 21:39:44,079 basehttp 2356 21392 "GET /staff HTTP/1.1" 404 4110
WARNING 2026-05-03 21:39:54,696 log 2356 21392 Not Found: /ai/staff
WARNING 2026-05-03 21:39:54,697 basehttp 2356 21392 "GET /ai/staff HTTP/1.1" 404 4119
INFO 2026-05-03 21:40:03,927 basehttp 2356 21392 "GET /api/staff HTTP/1.1" 301 0
INFO 2026-05-03 21:40:06,322 basehttp 2356 21664 "GET /api/staff/ HTTP/1.1" 200 103
INFO 2026-05-03 22:13:52,004 autoreload 15400 15272 Watching for file changes with StatReloader
INFO 2026-05-03 22:24:42,546 autoreload 18312 1708 Watching for file changes with StatReloader
INFO 2026-05-03 22:26:47,236 autoreload 12172 13864 Watching for file changes with StatReloader
INFO 2026-05-03 22:34:54,918 autoreload 19328 4584 Watching for file changes with StatReloader
INFO 2026-05-03 22:39:05,842 autoreload 22744 13500 Watching for file changes with StatReloader
INFO 2026-05-04 23:43:47,724 autoreload 2848 15384 Watching for file changes with StatReloader
WARNING 2026-05-04 23:45:26,426 log 2848 13592 Bad Request: /api/auth/staff/login/password/
WARNING 2026-05-04 23:45:26,427 basehttp 2848 13592 "POST /api/auth/staff/login/password/ HTTP/1.1" 400 42
WARNING 2026-05-04 23:45:31,640 log 2848 13592 Bad Request: /api/auth/staff/login/password/
WARNING 2026-05-04 23:45:31,641 basehttp 2848 13592 "POST /api/auth/staff/login/password/ HTTP/1.1" 400 42
WARNING 2026-05-04 23:46:44,592 log 2848 9512 Bad Request: /api/auth/staff/login/password/
WARNING 2026-05-04 23:46:44,593 basehttp 2848 9512 "POST /api/auth/staff/login/password/ HTTP/1.1" 400 42
WARNING 2026-05-04 23:48:08,266 log 2848 4924 Bad Request: /api/auth/staff/login/password/
WARNING 2026-05-04 23:48:08,267 basehttp 2848 4924 "POST /api/auth/staff/login/password/ HTTP/1.1" 400 42
INFO 2026-05-04 23:49:32,198 autoreload 5240 11016 Watching for file changes with StatReloader
INFO 2026-05-04 23:50:46,835 basehttp 2848 9456 "GET /health/ HTTP/1.1" 200 66
INFO 2026-05-04 23:51:06,026 basehttp 2848 9456 - Broken pipe from ('127.0.0.1', 65063)
WARNING 2026-05-04 23:58:08,515 log 2848 8160 Bad Request: /api/auth/staff/login/password/
WARNING 2026-05-04 23:58:08,515 basehttp 2848 8160 "POST /api/auth/staff/login/password/ HTTP/1.1" 400 42
WARNING 2026-05-04 23:59:20,265 log 2848 5320 Unauthorized: /api/auth/staff/login/password/
WARNING 2026-05-04 23:59:20,266 basehttp 2848 5320 "POST /api/auth/staff/login/password/ HTTP/1.1" 401 31
WARNING 2026-05-04 23:59:53,122 log 2848 15932 Unauthorized: /api/auth/staff/login/password/
WARNING 2026-05-04 23:59:53,123 basehttp 2848 15932 "POST /api/auth/staff/login/password/ HTTP/1.1" 401 31
WARNING 2026-05-05 00:01:30,051 log 2848 9952 Unauthorized: /api/auth/staff/login/password/
WARNING 2026-05-05 00:01:30,051 basehttp 2848 9952 "POST /api/auth/staff/login/password/ HTTP/1.1" 401 31
INFO 2026-05-05 00:05:29,792 basehttp 2848 13168 "POST /api/auth/staff/login/password/ HTTP/1.1" 200 424
INFO 2026-05-05 00:12:18,925 autoreload 15068 20280 Watching for file changes with StatReloader
INFO 2026-05-05 00:13:50,039 autoreload 13172 12352 Watching for file changes with StatReloader
INFO 2026-05-05 00:15:09,158 basehttp 13172 16808 "POST /api/auth/staff/login/password/ HTTP/1.1" 200 424
INFO 2026-05-05 00:15:26,164 basehttp 13172 13780 "POST /api/auth/staff/login/password/ HTTP/1.1" 200 424
INFO 2026-05-05 00:28:27,276 basehttp 13172 19016 "POST /api/auth/staff/login/password/ HTTP/1.1" 200 424
INFO 2026-05-05 00:32:14,965 basehttp 13172 19468 "OPTIONS /api/staff/bookings/stats/ HTTP/1.1" 200 0
INFO 2026-05-05 00:32:14,968 basehttp 13172 12040 "OPTIONS /api/staff/logs/?limit=10 HTTP/1.1" 200 0
INFO 2026-05-05 00:32:14,968 basehttp 13172 19468 "OPTIONS /api/staff/bookings/?limit=5&ordering=-created_at HTTP/1.1" 200 0
WARNING 2026-05-05 00:32:16,916 log 13172 19468 Forbidden: /api/staff/bookings/stats/
WARNING 2026-05-05 00:32:16,916 basehttp 13172 19468 "GET /api/staff/bookings/stats/ HTTP/1.1" 403 58
WARNING 2026-05-05 00:32:16,959 log 13172 12040 Forbidden: /api/staff/logs/
WARNING 2026-05-05 00:32:16,960 basehttp 13172 12040 "GET /api/staff/logs/?limit=10 HTTP/1.1" 403 58
WARNING 2026-05-05 00:32:16,963 log 13172 7880 Forbidden: /api/staff/bookings/
WARNING 2026-05-05 00:32:16,964 basehttp 13172 7880 "GET /api/staff/bookings/?limit=5&ordering=-created_at HTTP/1.1" 403 58
WARNING 2026-05-05 00:32:17,157 log 13172 19468 Forbidden: /api/staff/bookings/stats/
WARNING 2026-05-05 00:32:17,158 basehttp 13172 19468 "GET /api/staff/bookings/stats/ HTTP/1.1" 403 58
WARNING 2026-05-05 00:32:17,206 log 13172 12040 Forbidden: /api/staff/logs/
WARNING 2026-05-05 00:32:17,207 basehttp 13172 12040 "GET /api/staff/logs/?limit=10 HTTP/1.1" 403 58
WARNING 2026-05-05 00:32:17,210 log 13172 7880 Forbidden: /api/staff/bookings/
WARNING 2026-05-05 00:32:17,210 basehttp 13172 7880 "GET /api/staff/bookings/?limit=5&ordering=-created_at HTTP/1.1" 403 58
WARNING 2026-05-05 00:32:18,115 log 13172 19468 Forbidden: /api/staff/bookings/
WARNING 2026-05-05 00:32:18,116 basehttp 13172 19468 "GET /api/staff/bookings/?limit=5&ordering=-created_at HTTP/1.1" 403 58
WARNING 2026-05-05 00:32:18,121 log 13172 7880 Forbidden: /api/staff/bookings/stats/
WARNING 2026-05-05 00:32:18,122 log 13172 12040 Forbidden: /api/staff/logs/
WARNING 2026-05-05 00:32:18,123 basehttp 13172 7880 "GET /api/staff/bookings/stats/ HTTP/1.1" 403 58
WARNING 2026-05-05 00:32:18,123 basehttp 13172 12040 "GET /api/staff/logs/?limit=10 HTTP/1.1" 403 58
WARNING 2026-05-05 00:32:19,036 log 13172 19468 Forbidden: /api/staff/bookings/
WARNING 2026-05-05 00:32:19,037 basehttp 13172 19468 "GET /api/staff/bookings/?limit=5&ordering=-created_at HTTP/1.1" 403 58
WARNING 2026-05-05 00:32:19,038 log 13172 12040 Forbidden: /api/staff/bookings/stats/
WARNING 2026-05-05 00:32:19,039 basehttp 13172 12040 "GET /api/staff/bookings/stats/ HTTP/1.1" 403 58
WARNING 2026-05-05 00:32:19,043 log 13172 7880 Forbidden: /api/staff/logs/
WARNING 2026-05-05 00:32:19,044 basehttp 13172 7880 "GET /api/staff/logs/?limit=10 HTTP/1.1" 403 58
WARNING 2026-05-05 00:32:19,765 log 13172 19468 Forbidden: /api/staff/bookings/
WARNING 2026-05-05 00:32:19,765 basehttp 13172 19468 "GET /api/staff/bookings/?limit=5&ordering=-created_at HTTP/1.1" 403 58
WARNING 2026-05-05 00:32:19,766 log 13172 7880 Forbidden: /api/staff/bookings/stats/
WARNING 2026-05-05 00:32:19,767 basehttp 13172 7880 "GET /api/staff/bookings/stats/ HTTP/1.1" 403 58
WARNING 2026-05-05 00:32:19,770 log 13172 12040 Forbidden: /api/staff/logs/
WARNING 2026-05-05 00:32:19,771 basehttp 13172 12040 "GET /api/staff/logs/?limit=10 HTTP/1.1" 403 58
WARNING 2026-05-05 00:32:20,055 log 13172 19468 Forbidden: /api/staff/bookings/
WARNING 2026-05-05 00:32:20,056 log 13172 12040 Forbidden: /api/staff/bookings/stats/
WARNING 2026-05-05 00:32:20,058 basehttp 13172 19468 "GET /api/staff/bookings/?limit=5&ordering=-created_at HTTP/1.1" 403 58
WARNING 2026-05-05 00:32:20,059 log 13172 7880 Forbidden: /api/staff/logs/
WARNING 2026-05-05 00:32:20,059 basehttp 13172 12040 "GET /api/staff/bookings/stats/ HTTP/1.1" 403 58
WARNING 2026-05-05 00:32:20,060 basehttp 13172 7880 "GET /api/staff/logs/?limit=10 HTTP/1.1" 403 58
WARNING 2026-05-05 00:32:20,935 log 13172 19468 Forbidden: /api/staff/bookings/
WARNING 2026-05-05 00:32:20,935 basehttp 13172 19468 "GET /api/staff/bookings/?limit=5&ordering=-created_at HTTP/1.1" 403 58
WARNING 2026-05-05 00:32:20,937 log 13172 12040 Forbidden: /api/staff/logs/
WARNING 2026-05-05 00:32:20,938 log 13172 7880 Forbidden: /api/staff/bookings/stats/
WARNING 2026-05-05 00:32:20,938 basehttp 13172 12040 "GET /api/staff/logs/?limit=10 HTTP/1.1" 403 58
WARNING 2026-05-05 00:32:20,939 basehttp 13172 7880 "GET /api/staff/bookings/stats/ HTTP/1.1" 403 58
WARNING 2026-05-05 00:32:21,745 log 13172 19468 Forbidden: /api/staff/bookings/
WARNING 2026-05-05 00:32:21,746 basehttp 13172 19468 "GET /api/staff/bookings/?limit=5&ordering=-created_at HTTP/1.1" 403 58
WARNING 2026-05-05 00:32:21,748 log 13172 7880 Forbidden: /api/staff/bookings/stats/
WARNING 2026-05-05 00:32:21,749 basehttp 13172 7880 "GET /api/staff/bookings/stats/ HTTP/1.1" 403 58
WARNING 2026-05-05 00:32:21,751 log 13172 12040 Forbidden: /api/staff/logs/
WARNING 2026-05-05 00:32:21,752 basehttp 13172 12040 "GET /api/staff/logs/?limit=10 HTTP/1.1" 403 58
WARNING 2026-05-05 00:32:21,986 log 13172 19468 Forbidden: /api/staff/bookings/
WARNING 2026-05-05 00:32:21,987 basehttp 13172 19468 "GET /api/staff/bookings/?limit=5&ordering=-created_at HTTP/1.1" 403 58
WARNING 2026-05-05 00:32:21,999 log 13172 7880 Forbidden: /api/staff/bookings/stats/
WARNING 2026-05-05 00:32:22,000 log 13172 12040 Forbidden: /api/staff/logs/
WARNING 2026-05-05 00:32:22,001 basehttp 13172 7880 "GET /api/staff/bookings/stats/ HTTP/1.1" 403 58
WARNING 2026-05-05 00:32:22,001 basehttp 13172 12040 "GET /api/staff/logs/?limit=10 HTTP/1.1" 403 58
WARNING 2026-05-05 00:32:22,627 log 13172 19468 Forbidden: /api/staff/bookings/
WARNING 2026-05-05 00:32:22,627 basehttp 13172 19468 "GET /api/staff/bookings/?limit=5&ordering=-created_at HTTP/1.1" 403 58
WARNING 2026-05-05 00:32:22,632 log 13172 12040 Forbidden: /api/staff/bookings/stats/
WARNING 2026-05-05 00:32:22,633 log 13172 7880 Forbidden: /api/staff/logs/
WARNING 2026-05-05 00:32:22,633 basehttp 13172 12040 "GET /api/staff/bookings/stats/ HTTP/1.1" 403 58
WARNING 2026-05-05 00:32:22,633 basehttp 13172 7880 "GET /api/staff/logs/?limit=10 HTTP/1.1" 403 58
WARNING 2026-05-05 00:32:23,506 log 13172 19468 Forbidden: /api/staff/bookings/
WARNING 2026-05-05 00:32:23,507 basehttp 13172 19468 "GET /api/staff/bookings/?limit=5&ordering=-created_at HTTP/1.1" 403 58
WARNING 2026-05-05 00:32:23,508 log 13172 12040 Forbidden: /api/staff/bookings/stats/
WARNING 2026-05-05 00:32:23,510 log 13172 7880 Forbidden: /api/staff/logs/
WARNING 2026-05-05 00:32:23,511 basehttp 13172 12040 "GET /api/staff/bookings/stats/ HTTP/1.1" 403 58
WARNING 2026-05-05 00:32:23,511 basehttp 13172 7880 "GET /api/staff/logs/?limit=10 HTTP/1.1" 403 58
WARNING 2026-05-05 00:32:23,747 log 13172 19468 Forbidden: /api/staff/bookings/
WARNING 2026-05-05 00:32:23,748 basehttp 13172 19468 "GET /api/staff/bookings/?limit=5&ordering=-created_at HTTP/1.1" 403 58
WARNING 2026-05-05 00:32:23,758 log 13172 7880 Forbidden: /api/staff/logs/
WARNING 2026-05-05 00:32:23,759 log 13172 12040 Forbidden: /api/staff/bookings/stats/
INFO 2026-05-05 00:32:23,760 basehttp 13172 12040 - Broken pipe from ('127.0.0.1', 62416)
WARNING 2026-05-05 00:32:23,760 basehttp 13172 7880 "GET /api/staff/logs/?limit=10 HTTP/1.1" 403 58
WARNING 2026-05-05 00:32:24,547 log 13172 19468 Forbidden: /api/staff/logs/
WARNING 2026-05-05 00:32:24,547 basehttp 13172 19468 "GET /api/staff/logs/?limit=10 HTTP/1.1" 403 58
WARNING 2026-05-05 00:32:24,553 log 13172 7880 Forbidden: /api/staff/bookings/stats/
WARNING 2026-05-05 00:32:24,554 basehttp 13172 7880 "GET /api/staff/bookings/stats/ HTTP/1.1" 403 58
WARNING 2026-05-05 00:32:25,386 log 13172 19468 Forbidden: /api/staff/logs/
WARNING 2026-05-05 00:32:25,387 basehttp 13172 19468 "GET /api/staff/logs/?limit=10 HTTP/1.1" 403 58
WARNING 2026-05-05 00:32:25,392 log 13172 7880 Forbidden: /api/staff/bookings/stats/
WARNING 2026-05-05 00:32:25,394 basehttp 13172 7880 "GET /api/staff/bookings/stats/ HTTP/1.1" 403 58
WARNING 2026-05-05 00:32:25,627 log 13172 19468 Forbidden: /api/staff/bookings/
INFO 2026-05-05 00:32:25,627 basehttp 13172 19468 - Broken pipe from ('127.0.0.1', 52934)
WARNING 2026-05-05 00:32:25,643 log 13172 7880 Forbidden: /api/staff/logs/
WARNING 2026-05-05 00:32:25,644 basehttp 13172 7880 "GET /api/staff/logs/?limit=10 HTTP/1.1" 403 58
WARNING 2026-05-05 00:32:25,893 log 13172 7880 Forbidden: /api/staff/bookings/
INFO 2026-05-05 00:32:25,893 basehttp 13172 7880 - Broken pipe from ('127.0.0.1', 57628)
WARNING 2026-05-05 00:32:26,266 log 13172 19380 Forbidden: /api/staff/bookings/
INFO 2026-05-05 00:32:26,267 basehttp 13172 19380 - Broken pipe from ('127.0.0.1', 50480)
WARNING 2026-05-05 00:32:27,398 log 13172 19736 Forbidden: /api/staff/bookings/stats/
INFO 2026-05-05 00:32:27,399 basehttp 13172 19736 - Broken pipe from ('127.0.0.1', 58206)
WARNING 2026-05-05 00:32:27,792 log 13172 588 Forbidden: /api/staff/bookings/stats/
WARNING 2026-05-05 00:32:27,792 basehttp 13172 588 "GET /api/staff/bookings/stats/ HTTP/1.1" 403 58
WARNING 2026-05-05 00:32:27,815 log 13172 21244 Forbidden: /api/staff/logs/
WARNING 2026-05-05 00:32:27,816 basehttp 13172 21244 "GET /api/staff/logs/?limit=10 HTTP/1.1" 403 58
WARNING 2026-05-05 00:32:27,931 log 13172 19504 Forbidden: /api/staff/bookings/
WARNING 2026-05-05 00:32:27,941 basehttp 13172 19504 "GET /api/staff/bookings/?limit=5&ordering=-created_at HTTP/1.1" 403 58
WARNING 2026-05-05 00:32:28,031 log 13172 588 Forbidden: /api/staff/bookings/stats/
WARNING 2026-05-05 00:32:28,031 basehttp 13172 588 "GET /api/staff/bookings/stats/ HTTP/1.1" 403 58
WARNING 2026-05-05 00:32:28,060 log 13172 21244 Forbidden: /api/staff/logs/
WARNING 2026-05-05 00:32:28,061 basehttp 13172 21244 "GET /api/staff/logs/?limit=10 HTTP/1.1" 403 58
WARNING 2026-05-05 00:32:28,205 log 13172 19504 Forbidden: /api/staff/bookings/
WARNING 2026-05-05 00:32:28,206 basehttp 13172 19504 "GET /api/staff/bookings/?limit=5&ordering=-created_at HTTP/1.1" 403 58
WARNING 2026-05-05 00:32:28,749 log 13172 588 Forbidden: /api/staff/bookings/
WARNING 2026-05-05 00:32:28,750 basehttp 13172 588 "GET /api/staff/bookings/?limit=5&ordering=-created_at HTTP/1.1" 403 58
WARNING 2026-05-05 00:32:28,751 log 13172 21244 Forbidden: /api/staff/logs/
WARNING 2026-05-05 00:32:28,751 basehttp 13172 21244 "GET /api/staff/logs/?limit=10 HTTP/1.1" 403 58
WARNING 2026-05-05 00:32:28,765 log 13172 19504 Forbidden: /api/staff/bookings/stats/
WARNING 2026-05-05 00:32:28,766 basehttp 13172 19504 "GET /api/staff/bookings/stats/ HTTP/1.1" 403 58
WARNING 2026-05-05 00:32:29,478 log 13172 588 Forbidden: /api/staff/bookings/
WARNING 2026-05-05 00:32:29,478 basehttp 13172 588 "GET /api/staff/bookings/?limit=5&ordering=-created_at HTTP/1.1" 403 58
WARNING 2026-05-05 00:32:29,480 log 13172 21244 Forbidden: /api/staff/logs/
WARNING 2026-05-05 00:32:29,480 basehttp 13172 21244 "GET /api/staff/logs/?limit=10 HTTP/1.1" 403 58
WARNING 2026-05-05 00:32:29,490 log 13172 19504 Forbidden: /api/staff/bookings/stats/
WARNING 2026-05-05 00:32:29,490 basehttp 13172 19504 "GET /api/staff/bookings/stats/ HTTP/1.1" 403 58
WARNING 2026-05-05 00:32:29,783 log 13172 21244 Forbidden: /api/staff/logs/
WARNING 2026-05-05 00:32:29,784 log 13172 588 Forbidden: /api/staff/bookings/
WARNING 2026-05-05 00:32:29,785 basehttp 13172 21244 "GET /api/staff/logs/?limit=10 HTTP/1.1" 403 58
WARNING 2026-05-05 00:32:29,785 basehttp 13172 588 "GET /api/staff/bookings/?limit=5&ordering=-created_at HTTP/1.1" 403 58
WARNING 2026-05-05 00:32:29,797 log 13172 19504 Forbidden: /api/staff/bookings/stats/
WARNING 2026-05-05 00:32:29,798 basehttp 13172 19504 "GET /api/staff/bookings/stats/ HTTP/1.1" 403 58
WARNING 2026-05-05 00:32:30,422 log 13172 588 Forbidden: /api/staff/logs/
WARNING 2026-05-05 00:32:30,424 log 13172 21244 Forbidden: /api/staff/bookings/
WARNING 2026-05-05 00:32:30,424 basehttp 13172 588 "GET /api/staff/logs/?limit=10 HTTP/1.1" 403 58
WARNING 2026-05-05 00:32:30,425 basehttp 13172 21244 "GET /api/staff/bookings/?limit=5&ordering=-created_at HTTP/1.1" 403 58
WARNING 2026-05-05 00:32:30,441 log 13172 19504 Forbidden: /api/staff/bookings/stats/
WARNING 2026-05-05 00:32:30,442 basehttp 13172 19504 "GET /api/staff/bookings/stats/ HTTP/1.1" 403 58
WARNING 2026-05-05 00:32:31,217 log 13172 21244 Forbidden: /api/staff/logs/
WARNING 2026-05-05 00:32:31,218 basehttp 13172 21244 "GET /api/staff/logs/?limit=10 HTTP/1.1" 403 58
WARNING 2026-05-05 00:32:31,220 log 13172 588 Forbidden: /api/staff/bookings/
WARNING 2026-05-05 00:32:31,221 basehttp 13172 588 "GET /api/staff/bookings/?limit=5&ordering=-created_at HTTP/1.1" 403 58
WARNING 2026-05-05 00:32:31,231 log 13172 19504 Forbidden: /api/staff/bookings/stats/
WARNING 2026-05-05 00:32:31,232 basehttp 13172 19504 "GET /api/staff/bookings/stats/ HTTP/1.1" 403 58
WARNING 2026-05-05 00:32:31,688 log 13172 588 Forbidden: /api/staff/logs/
WARNING 2026-05-05 00:32:31,689 basehttp 13172 588 "GET /api/staff/logs/?limit=10 HTTP/1.1" 403 58
WARNING 2026-05-05 00:32:31,691 log 13172 21244 Forbidden: /api/staff/bookings/
WARNING 2026-05-05 00:32:31,692 basehttp 13172 21244 "GET /api/staff/bookings/?limit=5&ordering=-created_at HTTP/1.1" 403 58
WARNING 2026-05-05 00:32:31,697 log 13172 19504 Forbidden: /api/staff/bookings/stats/
WARNING 2026-05-05 00:32:31,698 basehttp 13172 19504 "GET /api/staff/bookings/stats/ HTTP/1.1" 403 58
WARNING 2026-05-05 00:32:32,041 log 13172 588 Forbidden: /api/staff/bookings/
WARNING 2026-05-05 00:32:32,042 basehttp 13172 588 "GET /api/staff/bookings/?limit=5&ordering=-created_at HTTP/1.1" 403 58
WARNING 2026-05-05 00:32:32,043 log 13172 21244 Forbidden: /api/staff/logs/
WARNING 2026-05-05 00:32:32,044 basehttp 13172 21244 "GET /api/staff/logs/?limit=10 HTTP/1.1" 403 58
WARNING 2026-05-05 00:32:32,058 log 13172 19504 Forbidden: /api/staff/bookings/stats/
WARNING 2026-05-05 00:32:32,058 basehttp 13172 19504 "GET /api/staff/bookings/stats/ HTTP/1.1" 403 58
WARNING 2026-05-05 00:32:32,836 log 13172 588 Forbidden: /api/staff/bookings/
WARNING 2026-05-05 00:32:32,837 basehttp 13172 588 "GET /api/staff/bookings/?limit=5&ordering=-created_at HTTP/1.1" 403 58
WARNING 2026-05-05 00:32:32,841 log 13172 21244 Forbidden: /api/staff/logs/
WARNING 2026-05-05 00:32:32,841 basehttp 13172 21244 "GET /api/staff/logs/?limit=10 HTTP/1.1" 403 58
WARNING 2026-05-05 00:32:32,854 log 13172 19504 Forbidden: /api/staff/bookings/stats/
WARNING 2026-05-05 00:32:32,855 basehttp 13172 19504 "GET /api/staff/bookings/stats/ HTTP/1.1" 403 58
WARNING 2026-05-05 00:32:33,484 log 13172 588 Forbidden: /api/staff/bookings/
WARNING 2026-05-05 00:32:33,485 basehttp 13172 588 "GET /api/staff/bookings/?limit=5&ordering=-created_at HTTP/1.1" 403 58
WARNING 2026-05-05 00:32:33,488 log 13172 21244 Forbidden: /api/staff/logs/
WARNING 2026-05-05 00:32:33,488 basehttp 13172 21244 "GET /api/staff/logs/?limit=10 HTTP/1.1" 403 58
WARNING 2026-05-05 00:32:33,497 log 13172 19504 Forbidden: /api/staff/bookings/stats/
WARNING 2026-05-05 00:32:33,498 basehttp 13172 19504 "GET /api/staff/bookings/stats/ HTTP/1.1" 403 58
WARNING 2026-05-05 00:32:33,724 log 13172 588 Forbidden: /api/staff/bookings/
WARNING 2026-05-05 00:32:33,724 basehttp 13172 588 "GET /api/staff/bookings/?limit=5&ordering=-created_at HTTP/1.1" 403 58
WARNING 2026-05-05 00:32:33,731 log 13172 21244 Forbidden: /api/staff/logs/
WARNING 2026-05-05 00:32:33,732 basehttp 13172 21244 "GET /api/staff/logs/?limit=10 HTTP/1.1" 403 58
WARNING 2026-05-05 00:32:33,758 log 13172 19504 Forbidden: /api/staff/bookings/stats/
WARNING 2026-05-05 00:32:33,759 basehttp 13172 19504 "GET /api/staff/bookings/stats/ HTTP/1.1" 403 58
WARNING 2026-05-05 00:32:34,633 log 13172 588 Forbidden: /api/staff/bookings/
WARNING 2026-05-05 00:32:34,633 basehttp 13172 588 "GET /api/staff/bookings/?limit=5&ordering=-created_at HTTP/1.1" 403 58
WARNING 2026-05-05 00:32:34,635 log 13172 21244 Forbidden: /api/staff/logs/
WARNING 2026-05-05 00:32:34,635 basehttp 13172 21244 "GET /api/staff/logs/?limit=10 HTTP/1.1" 403 58
WARNING 2026-05-05 00:32:34,649 log 13172 19504 Forbidden: /api/staff/bookings/stats/
WARNING 2026-05-05 00:32:34,650 basehttp 13172 19504 "GET /api/staff/bookings/stats/ HTTP/1.1" 403 58
WARNING 2026-05-05 00:32:35,233 log 13172 588 Forbidden: /api/staff/bookings/
WARNING 2026-05-05 00:32:35,234 basehttp 13172 588 "GET /api/staff/bookings/?limit=5&ordering=-created_at HTTP/1.1" 403 58
WARNING 2026-05-05 00:32:35,236 log 13172 21244 Forbidden: /api/staff/logs/
WARNING 2026-05-05 00:32:35,237 basehttp 13172 21244 "GET /api/staff/logs/?limit=10 HTTP/1.1" 403 58
WARNING 2026-05-05 00:32:35,247 log 13172 19504 Forbidden: /api/staff/bookings/stats/
WARNING 2026-05-05 00:32:35,247 basehttp 13172 19504 "GET /api/staff/bookings/stats/ HTTP/1.1" 403 58
WARNING 2026-05-05 00:32:35,476 log 13172 588 Forbidden: /api/staff/bookings/
WARNING 2026-05-05 00:32:35,477 basehttp 13172 588 "GET /api/staff/bookings/?limit=5&ordering=-created_at HTTP/1.1" 403 58
WARNING 2026-05-05 00:32:35,480 log 13172 21244 Forbidden: /api/staff/logs/
WARNING 2026-05-05 00:32:35,481 basehttp 13172 21244 "GET /api/staff/logs/?limit=10 HTTP/1.1" 403 58
WARNING 2026-05-05 00:32:35,508 log 13172 19504 Forbidden: /api/staff/bookings/stats/
WARNING 2026-05-05 00:32:35,508 basehttp 13172 19504 "GET /api/staff/bookings/stats/ HTTP/1.1" 403 58
WARNING 2026-05-05 00:32:36,431 log 13172 588 Forbidden: /api/staff/bookings/
WARNING 2026-05-05 00:32:36,431 basehttp 13172 588 "GET /api/staff/bookings/?limit=5&ordering=-created_at HTTP/1.1" 403 58
WARNING 2026-05-05 00:32:36,433 log 13172 21244 Forbidden: /api/staff/logs/
WARNING 2026-05-05 00:32:36,433 basehttp 13172 21244 "GET /api/staff/logs/?limit=10 HTTP/1.1" 403 58
WARNING 2026-05-05 00:32:36,447 log 13172 19504 Forbidden: /api/staff/bookings/stats/
WARNING 2026-05-05 00:32:36,448 basehttp 13172 19504 "GET /api/staff/bookings/stats/ HTTP/1.1" 403 58
WARNING 2026-05-05 00:32:36,880 log 13172 588 Forbidden: /api/staff/bookings/
WARNING 2026-05-05 00:32:36,881 basehttp 13172 588 "GET /api/staff/bookings/?limit=5&ordering=-created_at HTTP/1.1" 403 58
WARNING 2026-05-05 00:32:36,883 log 13172 21244 Forbidden: /api/staff/logs/
WARNING 2026-05-05 00:32:36,883 basehttp 13172 21244 "GET /api/staff/logs/?limit=10 HTTP/1.1" 403 58
WARNING 2026-05-05 00:32:36,889 log 13172 19504 Forbidden: /api/staff/bookings/stats/
WARNING 2026-05-05 00:32:36,890 basehttp 13172 19504 "GET /api/staff/bookings/stats/ HTTP/1.1" 403 58
WARNING 2026-05-05 00:32:37,217 log 13172 21244 Forbidden: /api/staff/logs/
WARNING 2026-05-05 00:32:37,218 log 13172 588 Forbidden: /api/staff/bookings/
WARNING 2026-05-05 00:32:37,219 basehttp 13172 21244 "GET /api/staff/logs/?limit=10 HTTP/1.1" 403 58
WARNING 2026-05-05 00:32:37,219 basehttp 13172 588 "GET /api/staff/bookings/?limit=5&ordering=-created_at HTTP/1.1" 403 58
WARNING 2026-05-05 00:32:37,230 log 13172 19504 Forbidden: /api/staff/bookings/stats/
WARNING 2026-05-05 00:32:37,231 basehttp 13172 19504 "GET /api/staff/bookings/stats/ HTTP/1.1" 403 58
WARNING 2026-05-05 00:32:37,991 log 13172 588 Forbidden: /api/staff/logs/
WARNING 2026-05-05 00:32:37,992 basehttp 13172 588 "GET /api/staff/logs/?limit=10 HTTP/1.1" 403 58
WARNING 2026-05-05 00:32:37,994 log 13172 21244 Forbidden: /api/staff/bookings/
WARNING 2026-05-05 00:32:37,995 basehttp 13172 21244 "GET /api/staff/bookings/?limit=5&ordering=-created_at HTTP/1.1" 403 58
WARNING 2026-05-05 00:32:38,008 log 13172 19504 Forbidden: /api/staff/bookings/stats/
WARNING 2026-05-05 00:32:38,009 basehttp 13172 19504 "GET /api/staff/bookings/stats/ HTTP/1.1" 403 58
WARNING 2026-05-05 00:32:38,743 log 13172 588 Forbidden: /api/staff/bookings/
WARNING 2026-05-05 00:32:38,744 basehttp 13172 588 "GET /api/staff/bookings/?limit=5&ordering=-created_at HTTP/1.1" 403 58
WARNING 2026-05-05 00:32:38,746 log 13172 21244 Forbidden: /api/staff/logs/
WARNING 2026-05-05 00:32:38,746 basehttp 13172 21244 "GET /api/staff/logs/?limit=10 HTTP/1.1" 403 58
WARNING 2026-05-05 00:32:38,757 log 13172 19504 Forbidden: /api/staff/bookings/stats/
WARNING 2026-05-05 00:32:38,757 basehttp 13172 19504 "GET /api/staff/bookings/stats/ HTTP/1.1" 403 58
WARNING 2026-05-05 00:32:38,984 log 13172 588 Forbidden: /api/staff/bookings/
WARNING 2026-05-05 00:32:38,984 basehttp 13172 588 "GET /api/staff/bookings/?limit=5&ordering=-created_at HTTP/1.1" 403 58
WARNING 2026-05-05 00:32:38,992 log 13172 21244 Forbidden: /api/staff/logs/
WARNING 2026-05-05 00:32:38,992 basehttp 13172 21244 "GET /api/staff/logs/?limit=10 HTTP/1.1" 403 58
WARNING 2026-05-05 00:32:39,012 log 13172 19504 Forbidden: /api/staff/bookings/stats/
WARNING 2026-05-05 00:32:39,013 basehttp 13172 19504 "GET /api/staff/bookings/stats/ HTTP/1.1" 403 58
WARNING 2026-05-05 00:32:39,705 log 13172 588 Forbidden: /api/staff/bookings/
WARNING 2026-05-05 00:32:39,706 basehttp 13172 588 "GET /api/staff/bookings/?limit=5&ordering=-created_at HTTP/1.1" 403 58
WARNING 2026-05-05 00:32:39,708 log 13172 21244 Forbidden: /api/staff/logs/
WARNING 2026-05-05 00:32:39,709 basehttp 13172 21244 "GET /api/staff/logs/?limit=10 HTTP/1.1" 403 58
WARNING 2026-05-05 00:32:39,724 log 13172 19504 Forbidden: /api/staff/bookings/stats/
WARNING 2026-05-05 00:32:39,725 basehttp 13172 19504 "GET /api/staff/bookings/stats/ HTTP/1.1" 403 58
WARNING 2026-05-05 00:32:40,543 log 13172 588 Forbidden: /api/staff/bookings/
WARNING 2026-05-05 00:32:40,544 basehttp 13172 588 "GET /api/staff/bookings/?limit=5&ordering=-created_at HTTP/1.1" 403 58
WARNING 2026-05-05 00:32:40,546 log 13172 21244 Forbidden: /api/staff/logs/
WARNING 2026-05-05 00:32:40,548 basehttp 13172 21244 "GET /api/staff/logs/?limit=10 HTTP/1.1" 403 58
WARNING 2026-05-05 00:32:40,560 log 13172 19504 Forbidden: /api/staff/bookings/stats/
WARNING 2026-05-05 00:32:40,563 basehttp 13172 19504 "GET /api/staff/bookings/stats/ HTTP/1.1" 403 58
WARNING 2026-05-05 00:32:40,784 log 13172 588 Forbidden: /api/staff/bookings/
WARNING 2026-05-05 00:32:40,784 basehttp 13172 588 "GET /api/staff/bookings/?limit=5&ordering=-created_at HTTP/1.1" 403 58
WARNING 2026-05-05 00:32:40,791 log 13172 21244 Forbidden: /api/staff/logs/
WARNING 2026-05-05 00:32:40,792 basehttp 13172 21244 "GET /api/staff/logs/?limit=10 HTTP/1.1" 403 58
WARNING 2026-05-05 00:32:40,820 log 13172 19504 Forbidden: /api/staff/bookings/stats/
WARNING 2026-05-05 00:32:40,821 basehttp 13172 19504 "GET /api/staff/bookings/stats/ HTTP/1.1" 403 58
WARNING 2026-05-05 00:32:41,318 log 13172 588 Forbidden: /api/staff/bookings/
WARNING 2026-05-05 00:32:41,319 basehttp 13172 588 "GET /api/staff/bookings/?limit=5&ordering=-created_at HTTP/1.1" 403 58
WARNING 2026-05-05 00:32:41,321 log 13172 21244 Forbidden: /api/staff/logs/
WARNING 2026-05-05 00:32:41,322 basehttp 13172 21244 "GET /api/staff/logs/?limit=10 HTTP/1.1" 403 58
WARNING 2026-05-05 00:32:41,352 log 13172 19504 Forbidden: /api/staff/bookings/stats/
WARNING 2026-05-05 00:32:41,353 basehttp 13172 19504 "GET /api/staff/bookings/stats/ HTTP/1.1" 403 58
WARNING 2026-05-05 00:32:42,251 log 13172 588 Forbidden: /api/staff/bookings/
WARNING 2026-05-05 00:32:42,251 basehttp 13172 588 "GET /api/staff/bookings/?limit=5&ordering=-created_at HTTP/1.1" 403 58
WARNING 2026-05-05 00:32:42,253 log 13172 21244 Forbidden: /api/staff/logs/
WARNING 2026-05-05 00:32:42,255 basehttp 13172 21244 "GET /api/staff/logs/?limit=10 HTTP/1.1" 403 58
WARNING 2026-05-05 00:32:42,268 log 13172 19504 Forbidden: /api/staff/bookings/stats/
WARNING 2026-05-05 00:32:42,268 basehttp 13172 19504 "GET /api/staff/bookings/stats/ HTTP/1.1" 403 58
WARNING 2026-05-05 00:32:42,495 log 13172 588 Forbidden: /api/staff/bookings/
WARNING 2026-05-05 00:32:42,496 basehttp 13172 588 "GET /api/staff/bookings/?limit=5&ordering=-created_at HTTP/1.1" 403 58
WARNING 2026-05-05 00:32:42,498 log 13172 21244 Forbidden: /api/staff/logs/
WARNING 2026-05-05 00:32:42,499 basehttp 13172 21244 "GET /api/staff/logs/?limit=10 HTTP/1.1" 403 58
WARNING 2026-05-05 00:32:42,527 log 13172 19504 Forbidden: /api/staff/bookings/stats/
WARNING 2026-05-05 00:32:42,528 basehttp 13172 19504 "GET /api/staff/bookings/stats/ HTTP/1.1" 403 58
WARNING 2026-05-05 00:32:43,218 log 13172 588 Forbidden: /api/staff/bookings/
WARNING 2026-05-05 00:32:43,219 basehttp 13172 588 "GET /api/staff/bookings/?limit=5&ordering=-created_at HTTP/1.1" 403 58
WARNING 2026-05-05 00:32:43,222 log 13172 21244 Forbidden: /api/staff/logs/
WARNING 2026-05-05 00:32:43,222 basehttp 13172 21244 "GET /api/staff/logs/?limit=10 HTTP/1.1" 403 58
WARNING 2026-05-05 00:32:43,236 log 13172 19504 Forbidden: /api/staff/bookings/stats/
WARNING 2026-05-05 00:32:43,237 basehttp 13172 19504 "GET /api/staff/bookings/stats/ HTTP/1.1" 403 58
WARNING 2026-05-05 00:32:43,995 log 13172 588 Forbidden: /api/staff/bookings/
WARNING 2026-05-05 00:32:43,996 basehttp 13172 588 "GET /api/staff/bookings/?limit=5&ordering=-created_at HTTP/1.1" 403 58
WARNING 2026-05-05 00:32:43,999 log 13172 21244 Forbidden: /api/staff/logs/
WARNING 2026-05-05 00:32:44,000 basehttp 13172 21244 "GET /api/staff/logs/?limit=10 HTTP/1.1" 403 58
WARNING 2026-05-05 00:32:44,014 log 13172 19504 Forbidden: /api/staff/bookings/stats/
WARNING 2026-05-05 00:32:44,015 basehttp 13172 19504 "GET /api/staff/bookings/stats/ HTTP/1.1" 403 58
WARNING 2026-05-05 00:32:44,351 log 13172 21244 Forbidden: /api/staff/logs/
WARNING 2026-05-05 00:32:44,352 basehttp 13172 21244 "GET /api/staff/logs/?limit=10 HTTP/1.1" 403 58
WARNING 2026-05-05 00:32:44,367 log 13172 19504 Forbidden: /api/staff/bookings/stats/
WARNING 2026-05-05 00:32:44,368 basehttp 13172 19504 "GET /api/staff/bookings/stats/ HTTP/1.1" 403 58
WARNING 2026-05-05 00:32:44,399 log 13172 588 Forbidden: /api/staff/bookings/
WARNING 2026-05-05 00:32:44,400 basehttp 13172 588 "GET /api/staff/bookings/?limit=5&ordering=-created_at HTTP/1.1" 403 58
WARNING 2026-05-05 00:32:44,818 log 13172 588 Forbidden: /api/staff/bookings/stats/
WARNING 2026-05-05 00:32:44,819 basehttp 13172 588 "GET /api/staff/bookings/stats/ HTTP/1.1" 403 58
WARNING 2026-05-05 00:32:44,823 log 13172 21244 Forbidden: /api/staff/bookings/
WARNING 2026-05-05 00:32:44,824 basehttp 13172 21244 "GET /api/staff/bookings/?limit=5&ordering=-created_at HTTP/1.1" 403 58
WARNING 2026-05-05 00:32:44,834 log 13172 19504 Forbidden: /api/staff/logs/
WARNING 2026-05-05 00:32:44,835 basehttp 13172 19504 "GET /api/staff/logs/?limit=10 HTTP/1.1" 403 58
WARNING 2026-05-05 00:32:45,592 log 13172 588 Forbidden: /api/staff/bookings/
WARNING 2026-05-05 00:32:45,593 basehttp 13172 588 "GET /api/staff/bookings/?limit=5&ordering=-created_at HTTP/1.1" 403 58
WARNING 2026-05-05 00:32:45,595 log 13172 21244 Forbidden: /api/staff/logs/
WARNING 2026-05-05 00:32:45,596 basehttp 13172 21244 "GET /api/staff/logs/?limit=10 HTTP/1.1" 403 58
WARNING 2026-05-05 00:32:45,609 log 13172 19504 Forbidden: /api/staff/bookings/stats/
WARNING 2026-05-05 00:32:45,610 basehttp 13172 19504 "GET /api/staff/bookings/stats/ HTTP/1.1" 403 58
WARNING 2026-05-05 00:32:45,834 log 13172 588 Forbidden: /api/staff/bookings/
WARNING 2026-05-05 00:32:45,834 basehttp 13172 588 "GET /api/staff/bookings/?limit=5&ordering=-created_at HTTP/1.1" 403 58
WARNING 2026-05-05 00:32:45,840 log 13172 21244 Forbidden: /api/staff/logs/
WARNING 2026-05-05 00:32:45,840 basehttp 13172 21244 "GET /api/staff/logs/?limit=10 HTTP/1.1" 403 58
WARNING 2026-05-05 00:32:45,866 log 13172 19504 Forbidden: /api/staff/bookings/stats/
WARNING 2026-05-05 00:32:45,867 basehttp 13172 19504 "GET /api/staff/bookings/stats/ HTTP/1.1" 403 58
WARNING 2026-05-05 00:32:46,568 log 13172 588 Forbidden: /api/staff/bookings/
WARNING 2026-05-05 00:32:46,569 log 13172 21244 Forbidden: /api/staff/logs/
WARNING 2026-05-05 00:32:46,570 basehttp 13172 21244 "GET /api/staff/logs/?limit=10 HTTP/1.1" 403 58
WARNING 2026-05-05 00:32:46,570 basehttp 13172 588 "GET /api/staff/bookings/?limit=5&ordering=-created_at HTTP/1.1" 403 58
WARNING 2026-05-05 00:32:46,584 log 13172 19504 Forbidden: /api/staff/bookings/stats/
WARNING 2026-05-05 00:32:46,585 basehttp 13172 19504 "GET /api/staff/bookings/stats/ HTTP/1.1" 403 58
WARNING 2026-05-05 00:32:47,161 log 13172 588 Forbidden: /api/staff/bookings/
WARNING 2026-05-05 00:32:47,161 basehttp 13172 588 "GET /api/staff/bookings/?limit=5&ordering=-created_at HTTP/1.1" 403 58
WARNING 2026-05-05 00:32:47,163 log 13172 21244 Forbidden: /api/staff/logs/
WARNING 2026-05-05 00:32:47,163 basehttp 13172 21244 "GET /api/staff/logs/?limit=10 HTTP/1.1" 403 58
WARNING 2026-05-05 00:32:47,176 log 13172 19504 Forbidden: /api/staff/bookings/stats/
WARNING 2026-05-05 00:32:47,177 basehttp 13172 19504 "GET /api/staff/bookings/stats/ HTTP/1.1" 403 58
WARNING 2026-05-05 00:32:47,478 log 13172 588 Forbidden: /api/staff/bookings/
WARNING 2026-05-05 00:32:47,479 basehttp 13172 588 "GET /api/staff/bookings/?limit=5&ordering=-created_at HTTP/1.1" 403 58
WARNING 2026-05-05 00:32:47,481 log 13172 21244 Forbidden: /api/staff/logs/
WARNING 2026-05-05 00:32:47,481 basehttp 13172 21244 "GET /api/staff/logs/?limit=10 HTTP/1.1" 403 58
WARNING 2026-05-05 00:32:47,495 log 13172 19504 Forbidden: /api/staff/bookings/stats/
WARNING 2026-05-05 00:32:47,495 basehttp 13172 19504 "GET /api/staff/bookings/stats/ HTTP/1.1" 403 58
WARNING 2026-05-05 00:32:48,276 log 13172 588 Forbidden: /api/staff/bookings/
WARNING 2026-05-05 00:32:48,277 basehttp 13172 588 "GET /api/staff/bookings/?limit=5&ordering=-created_at HTTP/1.1" 403 58
WARNING 2026-05-05 00:32:48,280 log 13172 21244 Forbidden: /api/staff/logs/
WARNING 2026-05-05 00:32:48,281 basehttp 13172 21244 "GET /api/staff/logs/?limit=10 HTTP/1.1" 403 58
WARNING 2026-05-05 00:32:48,293 log 13172 19504 Forbidden: /api/staff/bookings/stats/
WARNING 2026-05-05 00:32:48,294 basehttp 13172 19504 "GET /api/staff/bookings/stats/ HTTP/1.1" 403 58
WARNING 2026-05-05 00:32:48,518 log 13172 588 Forbidden: /api/staff/bookings/
WARNING 2026-05-05 00:32:48,518 basehttp 13172 588 "GET /api/staff/bookings/?limit=5&ordering=-created_at HTTP/1.1" 403 58
WARNING 2026-05-05 00:32:48,524 log 13172 21244 Forbidden: /api/staff/logs/
WARNING 2026-05-05 00:32:48,525 basehttp 13172 21244 "GET /api/staff/logs/?limit=10 HTTP/1.1" 403 58
WARNING 2026-05-05 00:32:48,554 log 13172 19504 Forbidden: /api/staff/bookings/stats/
WARNING 2026-05-05 00:32:48,556 basehttp 13172 19504 "GET /api/staff/bookings/stats/ HTTP/1.1" 403 58
WARNING 2026-05-05 00:32:49,196 log 13172 588 Forbidden: /api/staff/bookings/
WARNING 2026-05-05 00:32:49,196 basehttp 13172 588 "GET /api/staff/bookings/?limit=5&ordering=-created_at HTTP/1.1" 403 58
WARNING 2026-05-05 00:32:49,199 log 13172 21244 Forbidden: /api/staff/logs/
WARNING 2026-05-05 00:32:49,199 basehttp 13172 21244 "GET /api/staff/logs/?limit=10 HTTP/1.1" 403 58
WARNING 2026-05-05 00:32:49,210 log 13172 19504 Forbidden: /api/staff/bookings/stats/
WARNING 2026-05-05 00:32:49,210 basehttp 13172 19504 "GET /api/staff/bookings/stats/ HTTP/1.1" 403 58
WARNING 2026-05-05 00:32:49,467 log 13172 588 Forbidden: /api/staff/bookings/
WARNING 2026-05-05 00:32:49,468 basehttp 13172 588 "GET /api/staff/bookings/?limit=5&ordering=-created_at HTTP/1.1" 403 58
WARNING 2026-05-05 00:32:49,470 log 13172 21244 Forbidden: /api/staff/logs/
WARNING 2026-05-05 00:32:49,470 basehttp 13172 21244 "GET /api/staff/logs/?limit=10 HTTP/1.1" 403 58
WARNING 2026-05-05 00:32:49,481 log 13172 19504 Forbidden: /api/staff/bookings/stats/
WARNING 2026-05-05 00:32:49,482 basehttp 13172 19504 "GET /api/staff/bookings/stats/ HTTP/1.1" 403 58
WARNING 2026-05-05 00:32:50,053 log 13172 588 Forbidden: /api/staff/bookings/
WARNING 2026-05-05 00:32:50,054 basehttp 13172 588 "GET /api/staff/bookings/?limit=5&ordering=-created_at HTTP/1.1" 403 58
WARNING 2026-05-05 00:32:50,056 log 13172 21244 Forbidden: /api/staff/logs/
WARNING 2026-05-05 00:32:50,057 basehttp 13172 21244 "GET /api/staff/logs/?limit=10 HTTP/1.1" 403 58
WARNING 2026-05-05 00:32:50,071 log 13172 19504 Forbidden: /api/staff/bookings/stats/
WARNING 2026-05-05 00:32:50,071 basehttp 13172 19504 "GET /api/staff/bookings/stats/ HTTP/1.1" 403 58
WARNING 2026-05-05 00:32:50,294 log 13172 588 Forbidden: /api/staff/bookings/
WARNING 2026-05-05 00:32:50,295 basehttp 13172 588 "GET /api/staff/bookings/?limit=5&ordering=-created_at HTTP/1.1" 403 58
WARNING 2026-05-05 00:32:50,300 log 13172 21244 Forbidden: /api/staff/logs/
WARNING 2026-05-05 00:32:50,301 basehttp 13172 21244 "GET /api/staff/logs/?limit=10 HTTP/1.1" 403 58
WARNING 2026-05-05 00:32:50,331 log 13172 19504 Forbidden: /api/staff/bookings/stats/
WARNING 2026-05-05 00:32:50,332 basehttp 13172 19504 "GET /api/staff/bookings/stats/ HTTP/1.1" 403 58
WARNING 2026-05-05 00:32:50,824 log 13172 588 Forbidden: /api/staff/bookings/
WARNING 2026-05-05 00:32:50,825 basehttp 13172 588 "GET /api/staff/bookings/?limit=5&ordering=-created_at HTTP/1.1" 403 58
WARNING 2026-05-05 00:32:50,828 log 13172 21244 Forbidden: /api/staff/logs/
WARNING 2026-05-05 00:32:50,828 basehttp 13172 21244 "GET /api/staff/logs/?limit=10 HTTP/1.1" 403 58
WARNING 2026-05-05 00:32:50,841 log 13172 19504 Forbidden: /api/staff/bookings/stats/
WARNING 2026-05-05 00:32:50,842 basehttp 13172 19504 "GET /api/staff/bookings/stats/ HTTP/1.1" 403 58
WARNING 2026-05-05 00:32:51,067 log 13172 588 Forbidden: /api/staff/bookings/
WARNING 2026-05-05 00:32:51,068 basehttp 13172 588 "GET /api/staff/bookings/?limit=5&ordering=-created_at HTTP/1.1" 403 58
WARNING 2026-05-05 00:32:51,071 log 13172 21244 Forbidden: /api/staff/logs/
WARNING 2026-05-05 00:32:51,072 basehttp 13172 21244 "GET /api/staff/logs/?limit=10 HTTP/1.1" 403 58
WARNING 2026-05-05 00:32:51,099 log 13172 19504 Forbidden: /api/staff/bookings/stats/
WARNING 2026-05-05 00:32:51,100 basehttp 13172 19504 "GET /api/staff/bookings/stats/ HTTP/1.1" 403 58
WARNING 2026-05-05 00:32:51,641 log 13172 21244 Forbidden: /api/staff/logs/
WARNING 2026-05-05 00:32:51,642 log 13172 588 Forbidden: /api/staff/bookings/
WARNING 2026-05-05 00:32:51,642 basehttp 13172 21244 "GET /api/staff/logs/?limit=10 HTTP/1.1" 403 58
WARNING 2026-05-05 00:32:51,642 basehttp 13172 588 "GET /api/staff/bookings/?limit=5&ordering=-created_at HTTP/1.1" 403 58
WARNING 2026-05-05 00:32:51,655 log 13172 19504 Forbidden: /api/staff/bookings/stats/
WARNING 2026-05-05 00:32:51,656 basehttp 13172 19504 "GET /api/staff/bookings/stats/ HTTP/1.1" 403 58
WARNING 2026-05-05 00:32:51,882 log 13172 588 Forbidden: /api/staff/bookings/
WARNING 2026-05-05 00:32:51,883 basehttp 13172 588 "GET /api/staff/bookings/?limit=5&ordering=-created_at HTTP/1.1" 403 58
WARNING 2026-05-05 00:32:51,885 log 13172 21244 Forbidden: /api/staff/logs/
WARNING 2026-05-05 00:32:51,886 basehttp 13172 21244 "GET /api/staff/logs/?limit=10 HTTP/1.1" 403 58
WARNING 2026-05-05 00:32:51,911 log 13172 19504 Forbidden: /api/staff/bookings/stats/
WARNING 2026-05-05 00:32:51,912 basehttp 13172 19504 "GET /api/staff/bookings/stats/ HTTP/1.1" 403 58
WARNING 2026-05-05 00:32:52,385 log 13172 588 Forbidden: /api/staff/bookings/
WARNING 2026-05-05 00:32:52,385 log 13172 21244 Forbidden: /api/staff/logs/
WARNING 2026-05-05 00:32:52,386 basehttp 13172 588 "GET /api/staff/bookings/?limit=5&ordering=-created_at HTTP/1.1" 403 58
WARNING 2026-05-05 00:32:52,386 basehttp 13172 21244 "GET /api/staff/logs/?limit=10 HTTP/1.1" 403 58
WARNING 2026-05-05 00:32:52,400 log 13172 19504 Forbidden: /api/staff/bookings/stats/
WARNING 2026-05-05 00:32:52,401 basehttp 13172 19504 "GET /api/staff/bookings/stats/ HTTP/1.1" 403 58
WARNING 2026-05-05 00:32:52,627 log 13172 588 Forbidden: /api/staff/bookings/
WARNING 2026-05-05 00:32:52,628 basehttp 13172 588 "GET /api/staff/bookings/?limit=5&ordering=-created_at HTTP/1.1" 403 58
WARNING 2026-05-05 00:32:52,631 log 13172 21244 Forbidden: /api/staff/logs/
WARNING 2026-05-05 00:32:52,631 basehttp 13172 21244 "GET /api/staff/logs/?limit=10 HTTP/1.1" 403 58
WARNING 2026-05-05 00:32:52,660 log 13172 19504 Forbidden: /api/staff/bookings/stats/
WARNING 2026-05-05 00:32:52,661 basehttp 13172 19504 "GET /api/staff/bookings/stats/ HTTP/1.1" 403 58
WARNING 2026-05-05 00:32:53,199 log 13172 588 Forbidden: /api/staff/bookings/
WARNING 2026-05-05 00:32:53,200 basehttp 13172 588 "GET /api/staff/bookings/?limit=5&ordering=-created_at HTTP/1.1" 403 58
WARNING 2026-05-05 00:32:53,201 log 13172 21244 Forbidden: /api/staff/logs/
WARNING 2026-05-05 00:32:53,202 basehttp 13172 21244 "GET /api/staff/logs/?limit=10 HTTP/1.1" 403 58
WARNING 2026-05-05 00:32:53,215 log 13172 19504 Forbidden: /api/staff/bookings/stats/
WARNING 2026-05-05 00:32:53,215 basehttp 13172 19504 "GET /api/staff/bookings/stats/ HTTP/1.1" 403 58
WARNING 2026-05-05 00:32:53,442 log 13172 588 Forbidden: /api/staff/bookings/
WARNING 2026-05-05 00:32:53,443 basehttp 13172 588 "GET /api/staff/bookings/?limit=5&ordering=-created_at HTTP/1.1" 403 58
WARNING 2026-05-05 00:32:53,446 log 13172 21244 Forbidden: /api/staff/logs/
WARNING 2026-05-05 00:32:53,446 basehttp 13172 21244 "GET /api/staff/logs/?limit=10 HTTP/1.1" 403 58
WARNING 2026-05-05 00:32:53,472 log 13172 19504 Forbidden: /api/staff/bookings/stats/
WARNING 2026-05-05 00:32:53,472 basehttp 13172 19504 "GET /api/staff/bookings/stats/ HTTP/1.1" 403 58
WARNING 2026-05-05 00:32:53,890 log 13172 21244 Forbidden: /api/staff/logs/
WARNING 2026-05-05 00:32:53,891 log 13172 588 Forbidden: /api/staff/bookings/
WARNING 2026-05-05 00:32:53,892 basehttp 13172 21244 "GET /api/staff/logs/?limit=10 HTTP/1.1" 403 58
WARNING 2026-05-05 00:32:53,892 basehttp 13172 588 "GET /api/staff/bookings/?limit=5&ordering=-created_at HTTP/1.1" 403 58
WARNING 2026-05-05 00:32:53,907 log 13172 19504 Forbidden: /api/staff/bookings/stats/
WARNING 2026-05-05 00:32:53,907 basehttp 13172 19504 "GET /api/staff/bookings/stats/ HTTP/1.1" 403 58
WARNING 2026-05-05 00:32:54,132 log 13172 588 Forbidden: /api/staff/bookings/
WARNING 2026-05-05 00:32:54,133 basehttp 13172 588 "GET /api/staff/bookings/?limit=5&ordering=-created_at HTTP/1.1" 403 58
WARNING 2026-05-05 00:32:54,135 log 13172 21244 Forbidden: /api/staff/logs/
WARNING 2026-05-05 00:32:54,136 basehttp 13172 21244 "GET /api/staff/logs/?limit=10 HTTP/1.1" 403 58
WARNING 2026-05-05 00:32:54,165 log 13172 19504 Forbidden: /api/staff/bookings/stats/
WARNING 2026-05-05 00:32:54,166 basehttp 13172 19504 "GET /api/staff/bookings/stats/ HTTP/1.1" 403 58
WARNING 2026-05-05 00:32:54,629 log 13172 588 Forbidden: /api/staff/bookings/
WARNING 2026-05-05 00:32:54,630 basehttp 13172 588 "GET /api/staff/bookings/?limit=5&ordering=-created_at HTTP/1.1" 403 58
WARNING 2026-05-05 00:32:54,633 log 13172 21244 Forbidden: /api/staff/logs/
WARNING 2026-05-05 00:32:54,633 basehttp 13172 21244 "GET /api/staff/logs/?limit=10 HTTP/1.1" 403 58
WARNING 2026-05-05 00:32:54,636 log 13172 19504 Forbidden: /api/staff/bookings/stats/
WARNING 2026-05-05 00:32:54,637 basehttp 13172 19504 "GET /api/staff/bookings/stats/ HTTP/1.1" 403 58
WARNING 2026-05-05 00:32:54,872 log 13172 588 Forbidden: /api/staff/bookings/
WARNING 2026-05-05 00:32:54,874 basehttp 13172 588 "GET /api/staff/bookings/?limit=5&ordering=-created_at HTTP/1.1" 403 58
WARNING 2026-05-05 00:32:54,876 log 13172 21244 Forbidden: /api/staff/logs/
WARNING 2026-05-05 00:32:54,876 basehttp 13172 21244 "GET /api/staff/logs/?limit=10 HTTP/1.1" 403 58
WARNING 2026-05-05 00:32:54,894 log 13172 19504 Forbidden: /api/staff/bookings/stats/
WARNING 2026-05-05 00:32:54,895 basehttp 13172 19504 "GET /api/staff/bookings/stats/ HTTP/1.1" 403 58
WARNING 2026-05-05 00:32:55,661 log 13172 588 Forbidden: /api/staff/bookings/
WARNING 2026-05-05 00:32:55,661 basehttp 13172 588 "GET /api/staff/bookings/?limit=5&ordering=-created_at HTTP/1.1" 403 58
WARNING 2026-05-05 00:32:55,664 log 13172 21244 Forbidden: /api/staff/logs/
WARNING 2026-05-05 00:32:55,666 basehttp 13172 21244 "GET /api/staff/logs/?limit=10 HTTP/1.1" 403 58
WARNING 2026-05-05 00:32:55,678 log 13172 19504 Forbidden: /api/staff/bookings/stats/
WARNING 2026-05-05 00:32:55,678 basehttp 13172 19504 "GET /api/staff/bookings/stats/ HTTP/1.1" 403 58
WARNING 2026-05-05 00:32:55,904 log 13172 588 Forbidden: /api/staff/bookings/
WARNING 2026-05-05 00:32:55,904 basehttp 13172 588 "GET /api/staff/bookings/?limit=5&ordering=-created_at HTTP/1.1" 403 58
WARNING 2026-05-05 00:32:55,908 log 13172 21244 Forbidden: /api/staff/logs/
WARNING 2026-05-05 00:32:55,909 basehttp 13172 21244 "GET /api/staff/logs/?limit=10 HTTP/1.1" 403 58
WARNING 2026-05-05 00:32:55,938 log 13172 19504 Forbidden: /api/staff/bookings/stats/
WARNING 2026-05-05 00:32:55,939 basehttp 13172 19504 "GET /api/staff/bookings/stats/ HTTP/1.1" 403 58
WARNING 2026-05-05 00:32:56,226 log 13172 21244 Forbidden: /api/staff/logs/
WARNING 2026-05-05 00:32:56,227 log 13172 588 Forbidden: /api/staff/bookings/
WARNING 2026-05-05 00:32:56,228 basehttp 13172 21244 "GET /api/staff/logs/?limit=10 HTTP/1.1" 403 58
WARNING 2026-05-05 00:32:56,228 basehttp 13172 588 "GET /api/staff/bookings/?limit=5&ordering=-created_at HTTP/1.1" 403 58
WARNING 2026-05-05 00:32:56,240 log 13172 19504 Forbidden: /api/staff/bookings/stats/
WARNING 2026-05-05 00:32:56,241 basehttp 13172 19504 "GET /api/staff/bookings/stats/ HTTP/1.1" 403 58
WARNING 2026-05-05 00:32:56,765 log 13172 21244 Forbidden: /api/staff/bookings/
WARNING 2026-05-05 00:32:56,766 log 13172 588 Forbidden: /api/staff/logs/
WARNING 2026-05-05 00:32:56,766 basehttp 13172 21244 "GET /api/staff/bookings/?limit=5&ordering=-created_at HTTP/1.1" 403 58
WARNING 2026-05-05 00:32:56,766 basehttp 13172 588 "GET /api/staff/logs/?limit=10 HTTP/1.1" 403 58
WARNING 2026-05-05 00:32:56,780 log 13172 19504 Forbidden: /api/staff/bookings/stats/
WARNING 2026-05-05 00:32:56,781 basehttp 13172 19504 "GET /api/staff/bookings/stats/ HTTP/1.1" 403 58
WARNING 2026-05-05 00:32:57,007 log 13172 588 Forbidden: /api/staff/logs/
WARNING 2026-05-05 00:32:57,008 basehttp 13172 588 "GET /api/staff/logs/?limit=10 HTTP/1.1" 403 58
WARNING 2026-05-05 00:32:57,010 log 13172 21244 Forbidden: /api/staff/bookings/
WARNING 2026-05-05 00:32:57,010 basehttp 13172 21244 "GET /api/staff/bookings/?limit=5&ordering=-created_at HTTP/1.1" 403 58
WARNING 2026-05-05 00:32:57,039 log 13172 19504 Forbidden: /api/staff/bookings/stats/
WARNING 2026-05-05 00:32:57,040 basehttp 13172 19504 "GET /api/staff/bookings/stats/ HTTP/1.1" 403 58
WARNING 2026-05-05 00:32:57,490 log 13172 21244 Forbidden: /api/staff/logs/
WARNING 2026-05-05 00:32:57,491 log 13172 588 Forbidden: /api/staff/bookings/
WARNING 2026-05-05 00:32:57,492 basehttp 13172 588 "GET /api/staff/bookings/?limit=5&ordering=-created_at HTTP/1.1" 403 58
WARNING 2026-05-05 00:32:57,492 basehttp 13172 21244 "GET /api/staff/logs/?limit=10 HTTP/1.1" 403 58
WARNING 2026-05-05 00:32:57,504 log 13172 19504 Forbidden: /api/staff/bookings/stats/
WARNING 2026-05-05 00:32:57,505 basehttp 13172 19504 "GET /api/staff/bookings/stats/ HTTP/1.1" 403 58
WARNING 2026-05-05 00:32:57,732 log 13172 588 Forbidden: /api/staff/bookings/
WARNING 2026-05-05 00:32:57,732 basehttp 13172 588 "GET /api/staff/bookings/?limit=5&ordering=-created_at HTTP/1.1" 403 58
WARNING 2026-05-05 00:32:57,735 log 13172 21244 Forbidden: /api/staff/logs/
WARNING 2026-05-05 00:32:57,736 basehttp 13172 21244 "GET /api/staff/logs/?limit=10 HTTP/1.1" 403 58
WARNING 2026-05-05 00:32:57,766 log 13172 19504 Forbidden: /api/staff/bookings/stats/
WARNING 2026-05-05 00:32:57,766 basehttp 13172 19504 "GET /api/staff/bookings/stats/ HTTP/1.1" 403 58
WARNING 2026-05-05 00:32:58,237 log 13172 588 Forbidden: /api/staff/bookings/
WARNING 2026-05-05 00:32:58,237 basehttp 13172 588 "GET /api/staff/bookings/?limit=5&ordering=-created_at HTTP/1.1" 403 58
WARNING 2026-05-05 00:32:58,238 log 13172 21244 Forbidden: /api/staff/logs/
WARNING 2026-05-05 00:32:58,240 basehttp 13172 21244 "GET /api/staff/logs/?limit=10 HTTP/1.1" 403 58
WARNING 2026-05-05 00:32:58,252 log 13172 19504 Forbidden: /api/staff/bookings/stats/
WARNING 2026-05-05 00:32:58,253 basehttp 13172 19504 "GET /api/staff/bookings/stats/ HTTP/1.1" 403 58
WARNING 2026-05-05 00:32:58,478 log 13172 588 Forbidden: /api/staff/bookings/
WARNING 2026-05-05 00:32:58,479 basehttp 13172 588 "GET /api/staff/bookings/?limit=5&ordering=-created_at HTTP/1.1" 403 58
WARNING 2026-05-05 00:32:58,483 log 13172 21244 Forbidden: /api/staff/logs/
WARNING 2026-05-05 00:32:58,483 basehttp 13172 21244 "GET /api/staff/logs/?limit=10 HTTP/1.1" 403 58
WARNING 2026-05-05 00:32:58,514 log 13172 19504 Forbidden: /api/staff/bookings/stats/
WARNING 2026-05-05 00:32:58,514 basehttp 13172 19504 "GET /api/staff/bookings/stats/ HTTP/1.1" 403 58
WARNING 2026-05-05 00:32:59,027 log 13172 588 Forbidden: /api/staff/bookings/
WARNING 2026-05-05 00:32:59,027 basehttp 13172 588 "GET /api/staff/bookings/?limit=5&ordering=-created_at HTTP/1.1" 403 58
WARNING 2026-05-05 00:32:59,030 log 13172 21244 Forbidden: /api/staff/logs/
WARNING 2026-05-05 00:32:59,031 basehttp 13172 21244 "GET /api/staff/logs/?limit=10 HTTP/1.1" 403 58
WARNING 2026-05-05 00:32:59,044 log 13172 19504 Forbidden: /api/staff/bookings/stats/
WARNING 2026-05-05 00:32:59,044 basehttp 13172 19504 "GET /api/staff/bookings/stats/ HTTP/1.1" 403 58
WARNING 2026-05-05 00:32:59,272 log 13172 588 Forbidden: /api/staff/bookings/
WARNING 2026-05-05 00:32:59,272 basehttp 13172 588 "GET /api/staff/bookings/?limit=5&ordering=-created_at HTTP/1.1" 403 58
WARNING 2026-05-05 00:32:59,275 log 13172 21244 Forbidden: /api/staff/logs/
WARNING 2026-05-05 00:32:59,276 basehttp 13172 21244 "GET /api/staff/logs/?limit=10 HTTP/1.1" 403 58
WARNING 2026-05-05 00:32:59,304 log 13172 19504 Forbidden: /api/staff/bookings/stats/
WARNING 2026-05-05 00:32:59,304 basehttp 13172 19504 "GET /api/staff/bookings/stats/ HTTP/1.1" 403 58
WARNING 2026-05-05 00:32:59,706 log 13172 588 Forbidden: /api/staff/bookings/
WARNING 2026-05-05 00:32:59,707 basehttp 13172 588 "GET /api/staff/bookings/?limit=5&ordering=-created_at HTTP/1.1" 403 58
WARNING 2026-05-05 00:32:59,710 log 13172 21244 Forbidden: /api/staff/logs/
WARNING 2026-05-05 00:32:59,710 basehttp 13172 21244 "GET /api/staff/logs/?limit=10 HTTP/1.1" 403 58
WARNING 2026-05-05 00:32:59,725 log 13172 19504 Forbidden: /api/staff/bookings/stats/
WARNING 2026-05-05 00:32:59,725 basehttp 13172 19504 "GET /api/staff/bookings/stats/ HTTP/1.1" 403 58
WARNING 2026-05-05 00:32:59,947 log 13172 588 Forbidden: /api/staff/bookings/
WARNING 2026-05-05 00:32:59,947 basehttp 13172 588 "GET /api/staff/bookings/?limit=5&ordering=-created_at HTTP/1.1" 403 58
WARNING 2026-05-05 00:32:59,954 log 13172 21244 Forbidden: /api/staff/logs/
WARNING 2026-05-05 00:32:59,955 basehttp 13172 21244 "GET /api/staff/logs/?limit=10 HTTP/1.1" 403 58
WARNING 2026-05-05 00:32:59,985 log 13172 19504 Forbidden: /api/staff/bookings/stats/
WARNING 2026-05-05 00:32:59,986 basehttp 13172 19504 "GET /api/staff/bookings/stats/ HTTP/1.1" 403 58
WARNING 2026-05-05 00:33:00,614 log 13172 588 Forbidden: /api/staff/bookings/
WARNING 2026-05-05 00:33:00,614 basehttp 13172 588 "GET /api/staff/bookings/?limit=5&ordering=-created_at HTTP/1.1" 403 58
WARNING 2026-05-05 00:33:00,617 log 13172 21244 Forbidden: /api/staff/logs/
WARNING 2026-05-05 00:33:00,618 basehttp 13172 21244 "GET /api/staff/logs/?limit=10 HTTP/1.1" 403 58
WARNING 2026-05-05 00:33:00,631 log 13172 19504 Forbidden: /api/staff/bookings/stats/
WARNING 2026-05-05 00:33:00,632 basehttp 13172 19504 "GET /api/staff/bookings/stats/ HTTP/1.1" 403 58
WARNING 2026-05-05 00:33:00,854 log 13172 588 Forbidden: /api/staff/bookings/
WARNING 2026-05-05 00:33:00,855 basehttp 13172 588 "GET /api/staff/bookings/?limit=5&ordering=-created_at HTTP/1.1" 403 58
WARNING 2026-05-05 00:33:00,861 log 13172 21244 Forbidden: /api/staff/logs/
WARNING 2026-05-05 00:33:00,862 basehttp 13172 21244 "GET /api/staff/logs/?limit=10 HTTP/1.1" 403 58
WARNING 2026-05-05 00:33:00,887 log 13172 19504 Forbidden: /api/staff/bookings/stats/
WARNING 2026-05-05 00:33:00,887 basehttp 13172 19504 "GET /api/staff/bookings/stats/ HTTP/1.1" 403 58
WARNING 2026-05-05 00:33:01,166 log 13172 588 Forbidden: /api/staff/bookings/
WARNING 2026-05-05 00:33:01,167 basehttp 13172 588 "GET /api/staff/bookings/?limit=5&ordering=-created_at HTTP/1.1" 403 58
WARNING 2026-05-05 00:33:01,168 log 13172 21244 Forbidden: /api/staff/logs/
WARNING 2026-05-05 00:33:01,169 basehttp 13172 21244 "GET /api/staff/logs/?limit=10 HTTP/1.1" 403 58
WARNING 2026-05-05 00:33:01,182 log 13172 19504 Forbidden: /api/staff/bookings/stats/
WARNING 2026-05-05 00:33:01,182 basehttp 13172 19504 "GET /api/staff/bookings/stats/ HTTP/1.1" 403 58
WARNING 2026-05-05 00:33:01,758 log 13172 588 Forbidden: /api/staff/bookings/
WARNING 2026-05-05 00:33:01,759 basehttp 13172 588 "GET /api/staff/bookings/?limit=5&ordering=-created_at HTTP/1.1" 403 58
WARNING 2026-05-05 00:33:01,761 log 13172 21244 Forbidden: /api/staff/logs/
WARNING 2026-05-05 00:33:01,761 basehttp 13172 21244 "GET /api/staff/logs/?limit=10 HTTP/1.1" 403 58
WARNING 2026-05-05 00:33:01,775 log 13172 19504 Forbidden: /api/staff/bookings/stats/
WARNING 2026-05-05 00:33:01,777 basehttp 13172 19504 "GET /api/staff/bookings/stats/ HTTP/1.1" 403 58
WARNING 2026-05-05 00:33:02,004 log 13172 588 Forbidden: /api/staff/bookings/
INFO 2026-05-05 00:33:02,004 basehttp 13172 588 - Broken pipe from ('127.0.0.1', 58987)
WARNING 2026-05-05 00:33:02,008 log 13172 21244 Forbidden: /api/staff/logs/
INFO 2026-05-05 00:33:02,009 basehttp 13172 21244 - Broken pipe from ('127.0.0.1', 49858)
WARNING 2026-05-05 00:33:02,035 log 13172 19504 Forbidden: /api/staff/bookings/stats/
INFO 2026-05-05 00:33:02,036 basehttp 13172 19504 - Broken pipe from ('127.0.0.1', 53283)
WARNING 2026-05-05 00:33:04,381 log 13172 21388 Forbidden: /api/staff/bookings/stats/
WARNING 2026-05-05 00:33:04,382 log 13172 14112 Forbidden: /api/staff/logs/
WARNING 2026-05-05 00:33:04,383 basehttp 13172 21388 "GET /api/staff/bookings/stats/ HTTP/1.1" 403 58
WARNING 2026-05-05 00:33:04,383 basehttp 13172 14112 "GET /api/staff/logs/?limit=10 HTTP/1.1" 403 58
WARNING 2026-05-05 00:33:04,629 log 13172 21388 Forbidden: /api/staff/bookings/stats/
WARNING 2026-05-05 00:33:04,630 log 13172 14112 Forbidden: /api/staff/logs/
WARNING 2026-05-05 00:33:04,631 log 13172 13136 Forbidden: /api/staff/bookings/
WARNING 2026-05-05 00:33:04,645 basehttp 13172 21388 "GET /api/staff/bookings/stats/ HTTP/1.1" 403 58
WARNING 2026-05-05 00:33:04,647 basehttp 13172 14112 "GET /api/staff/logs/?limit=10 HTTP/1.1" 403 58
INFO 2026-05-05 00:33:04,650 basehttp 13172 13136 - Broken pipe from ('127.0.0.1', 60675)
WARNING 2026-05-05 00:33:05,279 log 13172 14112 Forbidden: /api/staff/bookings/stats/
WARNING 2026-05-05 00:33:05,281 log 13172 21388 Forbidden: /api/staff/logs/
WARNING 2026-05-05 00:33:05,281 basehttp 13172 14112 "GET /api/staff/bookings/stats/ HTTP/1.1" 403 58
WARNING 2026-05-05 00:33:05,282 basehttp 13172 21388 "GET /api/staff/logs/?limit=10 HTTP/1.1" 403 58
WARNING 2026-05-05 00:33:05,530 log 13172 14112 Forbidden: /api/staff/bookings/
INFO 2026-05-05 00:33:05,531 basehttp 13172 14112 - Broken pipe from ('127.0.0.1', 57070)
WARNING 2026-05-05 00:33:05,715 log 13172 21388 Forbidden: /api/staff/bookings/stats/
WARNING 2026-05-05 00:33:05,715 basehttp 13172 21388 "GET /api/staff/bookings/stats/ HTTP/1.1" 403 58
WARNING 2026-05-05 00:33:05,961 log 13172 21388 Forbidden: /api/staff/logs/
INFO 2026-05-05 00:33:05,962 basehttp 13172 21388 - Broken pipe from ('127.0.0.1', 59365)
WARNING 2026-05-05 00:33:06,622 log 13172 16864 Forbidden: /api/staff/bookings/
INFO 2026-05-05 00:33:06,623 basehttp 13172 16864 - Broken pipe from ('127.0.0.1', 60002)
WARNING 2026-05-05 00:33:07,420 log 13172 19684 Forbidden: /api/staff/bookings/
INFO 2026-05-05 00:33:07,421 basehttp 13172 19684 - Broken pipe from ('127.0.0.1', 51637)
WARNING 2026-05-05 00:33:07,703 log 13172 21024 Forbidden: /api/staff/bookings/stats/
WARNING 2026-05-05 00:33:07,704 basehttp 13172 21024 "GET /api/staff/bookings/stats/ HTTP/1.1" 403 58
WARNING 2026-05-05 00:33:07,946 log 13172 21024 Forbidden: /api/staff/bookings/stats/
WARNING 2026-05-05 00:33:07,946 basehttp 13172 21024 "GET /api/staff/bookings/stats/ HTTP/1.1" 403 58
WARNING 2026-05-05 00:33:08,013 log 13172 21224 Forbidden: /api/staff/logs/
INFO 2026-05-05 00:33:08,014 basehttp 13172 21224 - Broken pipe from ('127.0.0.1', 54021)
WARNING 2026-05-05 00:33:08,187 log 13172 21024 Forbidden: /api/staff/logs/
WARNING 2026-05-05 00:33:08,188 basehttp 13172 21024 "GET /api/staff/logs/?limit=10 HTTP/1.1" 403 58
WARNING 2026-05-05 00:33:08,378 log 13172 8604 Forbidden: /api/staff/bookings/
INFO 2026-05-05 00:33:08,379 basehttp 13172 8604 - Broken pipe from ('127.0.0.1', 61969)
WARNING 2026-05-05 00:33:08,431 log 13172 21024 Forbidden: /api/staff/logs/
WARNING 2026-05-05 00:33:08,432 basehttp 13172 21024 "GET /api/staff/logs/?limit=10 HTTP/1.1" 403 58
WARNING 2026-05-05 00:33:08,676 log 13172 21024 Forbidden: /api/staff/bookings/
INFO 2026-05-05 00:33:08,677 basehttp 13172 21024 - Broken pipe from ('127.0.0.1', 49719)
WARNING 2026-05-05 00:33:09,794 log 13172 1644 Forbidden: /api/staff/bookings/
INFO 2026-05-05 00:33:09,795 basehttp 13172 1644 - Broken pipe from ('127.0.0.1', 52991)
WARNING 2026-05-05 00:33:10,207 log 13172 21100 Forbidden: /api/staff/bookings/stats/
INFO 2026-05-05 00:33:10,208 basehttp 13172 21100 - Broken pipe from ('127.0.0.1', 64152)
WARNING 2026-05-05 00:33:10,759 log 13172 20144 Forbidden: /api/staff/bookings/stats/
WARNING 2026-05-05 00:33:10,760 basehttp 13172 20144 "GET /api/staff/bookings/stats/ HTTP/1.1" 403 58
WARNING 2026-05-05 00:33:10,799 log 13172 21368 Forbidden: /api/staff/logs/
WARNING 2026-05-05 00:33:10,799 basehttp 13172 21368 "GET /api/staff/logs/?limit=10 HTTP/1.1" 403 58
WARNING 2026-05-05 00:33:11,000 log 13172 20144 Forbidden: /api/staff/bookings/stats/
WARNING 2026-05-05 00:33:11,001 basehttp 13172 20144 "GET /api/staff/bookings/stats/ HTTP/1.1" 403 58
WARNING 2026-05-05 00:33:11,044 log 13172 21368 Forbidden: /api/staff/logs/
WARNING 2026-05-05 00:33:11,045 basehttp 13172 21368 "GET /api/staff/logs/?limit=10 HTTP/1.1" 403 58
WARNING 2026-05-05 00:33:11,117 log 13172 10764 Forbidden: /api/staff/bookings/
INFO 2026-05-05 00:33:11,118 basehttp 13172 10764 - Broken pipe from ('127.0.0.1', 65066)
WARNING 2026-05-05 00:33:11,302 log 13172 21368 Forbidden: /api/staff/bookings/
INFO 2026-05-05 00:33:11,303 basehttp 13172 21368 - Broken pipe from ('127.0.0.1', 60369)
WARNING 2026-05-05 00:33:11,663 log 13172 20144 Forbidden: /api/staff/bookings/stats/
WARNING 2026-05-05 00:33:11,664 basehttp 13172 20144 "GET /api/staff/bookings/stats/ HTTP/1.1" 403 58
WARNING 2026-05-05 00:33:11,905 log 13172 20144 Forbidden: /api/staff/logs/
INFO 2026-05-05 00:33:11,906 basehttp 13172 20144 - Broken pipe from ('127.0.0.1', 60651)
WARNING 2026-05-05 00:33:13,839 log 13172 10656 Forbidden: /api/staff/bookings/
INFO 2026-05-05 00:33:13,840 basehttp 13172 10656 - Broken pipe from ('127.0.0.1', 60244)
WARNING 2026-05-05 00:33:13,866 log 13172 3612 Forbidden: /api/staff/bookings/stats/
WARNING 2026-05-05 00:33:13,868 basehttp 13172 3612 "GET /api/staff/bookings/stats/ HTTP/1.1" 403 58
WARNING 2026-05-05 00:33:14,077 log 13172 9208 Forbidden: /api/staff/bookings/
WARNING 2026-05-05 00:33:14,078 log 13172 20864 Forbidden: /api/staff/logs/
INFO 2026-05-05 00:33:14,079 basehttp 13172 9208 - Broken pipe from ('127.0.0.1', 55372)
INFO 2026-05-05 00:33:14,079 basehttp 13172 20864 - Broken pipe from ('127.0.0.1', 54130)
WARNING 2026-05-05 00:33:14,126 log 13172 3612 Forbidden: /api/staff/bookings/stats/
WARNING 2026-05-05 00:33:14,127 basehttp 13172 3612 "GET /api/staff/bookings/stats/ HTTP/1.1" 403 58
WARNING 2026-05-05 00:33:14,386 log 13172 3612 Forbidden: /api/staff/logs/
INFO 2026-05-05 00:33:14,387 basehttp 13172 3612 - Broken pipe from ('127.0.0.1', 49886)
WARNING 2026-05-05 00:33:16,577 log 13172 8352 Forbidden: /api/staff/bookings/
WARNING 2026-05-05 00:33:16,578 basehttp 13172 8352 "GET /api/staff/bookings/?limit=5&ordering=-created_at HTTP/1.1" 403 58
WARNING 2026-05-05 00:33:16,824 log 13172 9048 Forbidden: /api/staff/logs/
WARNING 2026-05-05 00:33:16,825 log 13172 8352 Forbidden: /api/staff/bookings/
INFO 2026-05-05 00:33:16,826 basehttp 13172 9048 - Broken pipe from ('127.0.0.1', 56315)
WARNING 2026-05-05 00:33:16,826 basehttp 13172 8352 "GET /api/staff/bookings/?limit=5&ordering=-created_at HTTP/1.1" 403 58
WARNING 2026-05-05 00:33:16,893 log 13172 19996 Forbidden: /api/staff/bookings/stats/
INFO 2026-05-05 00:33:16,894 basehttp 13172 19996 - Broken pipe from ('127.0.0.1', 52338)
WARNING 2026-05-05 00:33:17,066 log 13172 8352 Forbidden: /api/staff/bookings/stats/
INFO 2026-05-05 00:33:17,067 basehttp 13172 8352 - Broken pipe from ('127.0.0.1', 56986)
INFO 2026-05-05 00:33:18,969 basehttp 13172 19544 - Broken pipe from ('127.0.0.1', 59993)
INFO 2026-05-05 00:33:18,970 basehttp 13172 20692 - Broken pipe from ('127.0.0.1', 53344)
WARNING 2026-05-05 00:33:19,002 log 13172 10888 Forbidden: /api/staff/bookings/stats/
WARNING 2026-05-05 00:33:19,003 basehttp 13172 10888 "GET /api/staff/bookings/stats/ HTTP/1.1" 403 58
WARNING 2026-05-05 00:33:19,009 log 13172 16464 Forbidden: /api/staff/logs/
WARNING 2026-05-05 00:33:19,010 basehttp 13172 16464 "GET /api/staff/logs/?limit=10 HTTP/1.1" 403 58
WARNING 2026-05-05 00:33:19,256 log 13172 10888 Forbidden: /api/staff/bookings/stats/
WARNING 2026-05-05 00:33:19,257 log 13172 16464 Forbidden: /api/staff/logs/
WARNING 2026-05-05 00:33:19,258 basehttp 13172 10888 "GET /api/staff/bookings/stats/ HTTP/1.1" 403 58
WARNING 2026-05-05 00:33:19,259 basehttp 13172 16464 "GET /api/staff/logs/?limit=10 HTTP/1.1" 403 58
WARNING 2026-05-05 00:33:19,354 log 13172 8380 Forbidden: /api/staff/bookings/
INFO 2026-05-05 00:33:19,355 basehttp 13172 8380 - Broken pipe from ('127.0.0.1', 57904)
WARNING 2026-05-05 00:33:19,507 log 13172 10888 Forbidden: /api/staff/bookings/
INFO 2026-05-05 00:33:19,508 basehttp 13172 10888 - Broken pipe from ('127.0.0.1', 50711)
WARNING 2026-05-05 00:33:19,805 log 13172 16464 Forbidden: /api/staff/bookings/stats/
WARNING 2026-05-05 00:33:19,806 basehttp 13172 16464 "GET /api/staff/bookings/stats/ HTTP/1.1" 403 58
WARNING 2026-05-05 00:33:20,050 log 13172 16464 Forbidden: /api/staff/logs/
INFO 2026-05-05 00:33:20,051 basehttp 13172 16464 - Broken pipe from ('127.0.0.1', 53630)
WARNING 2026-05-05 00:33:21,632 log 13172 7084 Forbidden: /api/staff/bookings/
INFO 2026-05-05 00:33:21,633 basehttp 13172 7084 - Broken pipe from ('127.0.0.1', 64842)
WARNING 2026-05-05 00:33:21,826 log 13172 1408 Forbidden: /api/staff/bookings/stats/
WARNING 2026-05-05 00:33:21,827 basehttp 13172 1408 "GET /api/staff/bookings/stats/ HTTP/1.1" 403 58
WARNING 2026-05-05 00:33:22,070 log 13172 1408 Forbidden: /api/staff/bookings/stats/
WARNING 2026-05-05 00:33:22,071 basehttp 13172 1408 "GET /api/staff/bookings/stats/ HTTP/1.1" 403 58
WARNING 2026-05-05 00:33:22,205 log 13172 21236 Forbidden: /api/staff/logs/
INFO 2026-05-05 00:33:22,206 basehttp 13172 21236 - Broken pipe from ('127.0.0.1', 65407)
WARNING 2026-05-05 00:33:22,231 log 13172 12888 Forbidden: /api/staff/bookings/
INFO 2026-05-05 00:33:22,232 basehttp 13172 12888 - Broken pipe from ('127.0.0.1', 62912)
WARNING 2026-05-05 00:33:22,314 log 13172 1408 Forbidden: /api/staff/logs/
INFO 2026-05-05 00:33:22,315 basehttp 13172 1408 - Broken pipe from ('127.0.0.1', 58262)
WARNING 2026-05-05 00:33:24,484 log 13172 18156 Forbidden: /api/staff/bookings/stats/
WARNING 2026-05-05 00:33:24,485 basehttp 13172 18156 "GET /api/staff/bookings/stats/ HTTP/1.1" 403 58
WARNING 2026-05-05 00:33:24,499 log 13172 21436 Forbidden: /api/staff/logs/
WARNING 2026-05-05 00:33:24,501 basehttp 13172 21436 "GET /api/staff/logs/?limit=10 HTTP/1.1" 403 58
WARNING 2026-05-05 00:33:24,728 log 13172 20244 Forbidden: /api/staff/bookings/
INFO 2026-05-05 00:33:24,730 basehttp 13172 20244 - Broken pipe from ('127.0.0.1', 63742)
WARNING 2026-05-05 00:33:24,732 log 13172 18156 Forbidden: /api/staff/bookings/stats/
WARNING 2026-05-05 00:33:24,733 basehttp 13172 18156 "GET /api/staff/bookings/stats/ HTTP/1.1" 403 58
WARNING 2026-05-05 00:33:24,751 log 13172 21436 Forbidden: /api/staff/logs/
WARNING 2026-05-05 00:33:24,751 basehttp 13172 21436 "GET /api/staff/logs/?limit=10 HTTP/1.1" 403 58
WARNING 2026-05-05 00:33:24,976 log 13172 18156 Forbidden: /api/staff/bookings/
INFO 2026-05-05 00:33:24,977 basehttp 13172 18156 - Broken pipe from ('127.0.0.1', 53982)
WARNING 2026-05-05 00:33:25,181 log 13172 21436 Forbidden: /api/staff/bookings/stats/
WARNING 2026-05-05 00:33:25,182 basehttp 13172 21436 "GET /api/staff/bookings/stats/ HTTP/1.1" 403 58
WARNING 2026-05-05 00:33:25,432 log 13172 21436 Forbidden: /api/staff/bookings/
INFO 2026-05-05 00:33:25,433 basehttp 13172 21436 - Broken pipe from ('127.0.0.1', 60784)
WARNING 2026-05-05 00:33:26,904 log 13172 11508 Forbidden: /api/staff/logs/
INFO 2026-05-05 00:33:26,905 basehttp 13172 11508 - Broken pipe from ('127.0.0.1', 64215)
WARNING 2026-05-05 00:33:27,344 log 13172 21360 Forbidden: /api/staff/logs/
WARNING 2026-05-05 00:33:27,344 basehttp 13172 21360 "GET /api/staff/logs/?limit=10 HTTP/1.1" 403 58
WARNING 2026-05-05 00:33:27,562 log 13172 10724 Forbidden: /api/staff/bookings/stats/
WARNING 2026-05-05 00:33:27,563 basehttp 13172 10724 "GET /api/staff/bookings/stats/ HTTP/1.1" 403 58
WARNING 2026-05-05 00:33:27,591 log 13172 21360 Forbidden: /api/staff/logs/
WARNING 2026-05-05 00:33:27,592 basehttp 13172 21360 "GET /api/staff/logs/?limit=10 HTTP/1.1" 403 58
WARNING 2026-05-05 00:33:27,633 log 13172 7824 Forbidden: /api/staff/bookings/
WARNING 2026-05-05 00:33:27,634 basehttp 13172 7824 "GET /api/staff/bookings/?limit=5&ordering=-created_at HTTP/1.1" 403 58
WARNING 2026-05-05 00:33:27,833 log 13172 10724 Forbidden: /api/staff/bookings/stats/
INFO 2026-05-05 00:33:27,834 basehttp 13172 10724 - Broken pipe from ('127.0.0.1', 59647)
WARNING 2026-05-05 00:33:27,881 log 13172 7824 Forbidden: /api/staff/bookings/
INFO 2026-05-05 00:33:27,882 basehttp 13172 7824 - Broken pipe from ('127.0.0.1', 50427)
WARNING 2026-05-05 00:33:28,500 log 13172 21360 Forbidden: /api/staff/bookings/stats/
WARNING 2026-05-05 00:33:28,501 basehttp 13172 21360 "GET /api/staff/bookings/stats/ HTTP/1.1" 403 58
WARNING 2026-05-05 00:33:28,754 log 13172 21360 Forbidden: /api/staff/logs/
INFO 2026-05-05 00:33:28,755 basehttp 13172 21360 - Broken pipe from ('127.0.0.1', 52290)
WARNING 2026-05-05 00:33:30,481 log 13172 4712 Forbidden: /api/staff/bookings/
INFO 2026-05-05 00:33:30,482 basehttp 13172 4712 - Broken pipe from ('127.0.0.1', 49792)
WARNING 2026-05-05 00:33:30,605 log 13172 10332 Forbidden: /api/staff/bookings/stats/
WARNING 2026-05-05 00:33:30,606 basehttp 13172 10332 "GET /api/staff/bookings/stats/ HTTP/1.1" 403 58
WARNING 2026-05-05 00:33:30,870 log 13172 10332 Forbidden: /api/staff/bookings/stats/
WARNING 2026-05-05 00:33:30,871 basehttp 13172 10332 "GET /api/staff/bookings/stats/ HTTP/1.1" 403 58
WARNING 2026-05-05 00:33:30,919 log 13172 19264 Forbidden: /api/staff/bookings/
INFO 2026-05-05 00:33:30,920 basehttp 13172 19264 - Broken pipe from ('127.0.0.1', 56175)
WARNING 2026-05-05 00:33:30,925 log 13172 20016 Forbidden: /api/staff/logs/
INFO 2026-05-05 00:33:30,926 basehttp 13172 20016 - Broken pipe from ('127.0.0.1', 60951)
WARNING 2026-05-05 00:33:31,138 log 13172 10332 Forbidden: /api/staff/logs/
INFO 2026-05-05 00:33:31,141 basehttp 13172 10332 - Broken pipe from ('127.0.0.1', 62983)
WARNING 2026-05-05 00:33:33,277 log 13172 20840 Forbidden: /api/staff/logs/
WARNING 2026-05-05 00:33:33,279 log 13172 10964 Forbidden: /api/staff/bookings/stats/
WARNING 2026-05-05 00:33:33,283 basehttp 13172 20840 "GET /api/staff/logs/?limit=10 HTTP/1.1" 403 58
WARNING 2026-05-05 00:33:33,291 basehttp 13172 10964 "GET /api/staff/bookings/stats/ HTTP/1.1" 403 58
WARNING 2026-05-05 00:33:33,560 log 13172 20840 Forbidden: /api/staff/logs/
WARNING 2026-05-05 00:33:33,564 basehttp 13172 20840 "GET /api/staff/logs/?limit=10 HTTP/1.1" 403 58
WARNING 2026-05-05 00:33:33,568 log 13172 10964 Forbidden: /api/staff/bookings/stats/
WARNING 2026-05-05 00:33:33,570 basehttp 13172 10964 "GET /api/staff/bookings/stats/ HTTP/1.1" 403 58
WARNING 2026-05-05 00:33:33,637 log 13172 8616 Forbidden: /api/staff/bookings/
WARNING 2026-05-05 00:33:33,638 basehttp 13172 8616 "GET /api/staff/bookings/?limit=5&ordering=-created_at HTTP/1.1" 403 58
WARNING 2026-05-05 00:33:33,889 log 13172 8616 Forbidden: /api/staff/bookings/
WARNING 2026-05-05 00:33:33,890 basehttp 13172 8616 "GET /api/staff/bookings/?limit=5&ordering=-created_at HTTP/1.1" 403 58
WARNING 2026-05-05 00:33:34,664 log 13172 10964 Forbidden: /api/staff/logs/
WARNING 2026-05-05 00:33:34,665 basehttp 13172 10964 "GET /api/staff/logs/?limit=10 HTTP/1.1" 403 58
WARNING 2026-05-05 00:33:34,668 log 13172 20840 Forbidden: /api/staff/bookings/
WARNING 2026-05-05 00:33:34,670 basehttp 13172 20840 "GET /api/staff/bookings/?limit=5&ordering=-created_at HTTP/1.1" 403 58
WARNING 2026-05-05 00:33:34,672 log 13172 8616 Forbidden: /api/staff/bookings/stats/
WARNING 2026-05-05 00:33:34,673 basehttp 13172 8616 "GET /api/staff/bookings/stats/ HTTP/1.1" 403 58
WARNING 2026-05-05 00:33:34,945 log 13172 20840 Forbidden: /api/staff/logs/
WARNING 2026-05-05 00:33:34,946 log 13172 10964 Forbidden: /api/staff/bookings/
WARNING 2026-05-05 00:33:34,947 basehttp 13172 20840 "GET /api/staff/logs/?limit=10 HTTP/1.1" 403 58
WARNING 2026-05-05 00:33:34,947 basehttp 13172 10964 "GET /api/staff/bookings/?limit=5&ordering=-created_at HTTP/1.1" 403 58
WARNING 2026-05-05 00:33:34,950 log 13172 8616 Forbidden: /api/staff/bookings/stats/
WARNING 2026-05-05 00:33:34,951 basehttp 13172 8616 "GET /api/staff/bookings/stats/ HTTP/1.1" 403 58
WARNING 2026-05-05 00:33:35,397 log 13172 20840 Forbidden: /api/staff/logs/
WARNING 2026-05-05 00:33:35,398 log 13172 10964 Forbidden: /api/staff/bookings/
WARNING 2026-05-05 00:33:35,399 basehttp 13172 20840 "GET /api/staff/logs/?limit=10 HTTP/1.1" 403 58
WARNING 2026-05-05 00:33:35,399 basehttp 13172 10964 "GET /api/staff/bookings/?limit=5&ordering=-created_at HTTP/1.1" 403 58
WARNING 2026-05-05 00:33:35,404 log 13172 8616 Forbidden: /api/staff/bookings/stats/
WARNING 2026-05-05 00:33:35,405 basehttp 13172 8616 "GET /api/staff/bookings/stats/ HTTP/1.1" 403 58
WARNING 2026-05-05 00:33:35,855 log 13172 10964 Forbidden: /api/staff/logs/
WARNING 2026-05-05 00:33:35,856 log 13172 20840 Forbidden: /api/staff/bookings/
WARNING 2026-05-05 00:33:35,858 log 13172 8616 Forbidden: /api/staff/bookings/stats/
WARNING 2026-05-05 00:33:35,859 basehttp 13172 20840 "GET /api/staff/bookings/?limit=5&ordering=-created_at HTTP/1.1" 403 58
WARNING 2026-05-05 00:33:35,859 basehttp 13172 10964 "GET /api/staff/logs/?limit=10 HTTP/1.1" 403 58
WARNING 2026-05-05 00:33:35,860 basehttp 13172 8616 "GET /api/staff/bookings/stats/ HTTP/1.1" 403 58
WARNING 2026-05-05 00:33:36,099 log 13172 20840 Forbidden: /api/staff/bookings/
WARNING 2026-05-05 00:33:36,100 log 13172 10964 Forbidden: /api/staff/logs/
WARNING 2026-05-05 00:33:36,101 basehttp 13172 20840 "GET /api/staff/bookings/?limit=5&ordering=-created_at HTTP/1.1" 403 58
WARNING 2026-05-05 00:33:36,102 basehttp 13172 10964 "GET /api/staff/logs/?limit=10 HTTP/1.1" 403 58
WARNING 2026-05-05 00:33:36,106 log 13172 8616 Forbidden: /api/staff/bookings/stats/
WARNING 2026-05-05 00:33:36,107 basehttp 13172 8616 "GET /api/staff/bookings/stats/ HTTP/1.1" 403 58
WARNING 2026-05-05 00:33:36,758 log 13172 20840 Forbidden: /api/staff/bookings/
WARNING 2026-05-05 00:33:36,759 log 13172 10964 Forbidden: /api/staff/logs/
WARNING 2026-05-05 00:33:36,760 basehttp 13172 20840 "GET /api/staff/bookings/?limit=5&ordering=-created_at HTTP/1.1" 403 58
WARNING 2026-05-05 00:33:36,761 basehttp 13172 10964 "GET /api/staff/logs/?limit=10 HTTP/1.1" 403 58
WARNING 2026-05-05 00:33:36,766 log 13172 8616 Forbidden: /api/staff/bookings/stats/
WARNING 2026-05-05 00:33:36,767 basehttp 13172 8616 "GET /api/staff/bookings/stats/ HTTP/1.1" 403 58
WARNING 2026-05-05 00:33:37,003 log 13172 10964 Forbidden: /api/staff/logs/
WARNING 2026-05-05 00:33:37,004 log 13172 20840 Forbidden: /api/staff/bookings/
WARNING 2026-05-05 00:33:37,005 basehttp 13172 10964 "GET /api/staff/logs/?limit=10 HTTP/1.1" 403 58
WARNING 2026-05-05 00:33:37,005 basehttp 13172 20840 "GET /api/staff/bookings/?limit=5&ordering=-created_at HTTP/1.1" 403 58
WARNING 2026-05-05 00:33:37,018 log 13172 8616 Forbidden: /api/staff/bookings/stats/
WARNING 2026-05-05 00:33:37,019 basehttp 13172 8616 "GET /api/staff/bookings/stats/ HTTP/1.1" 403 58
WARNING 2026-05-05 00:33:37,466 log 13172 10964 Forbidden: /api/staff/logs/
WARNING 2026-05-05 00:33:37,467 basehttp 13172 10964 "GET /api/staff/logs/?limit=10 HTTP/1.1" 403 58
WARNING 2026-05-05 00:33:37,469 log 13172 20840 Forbidden: /api/staff/bookings/
WARNING 2026-05-05 00:33:37,470 basehttp 13172 20840 "GET /api/staff/bookings/?limit=5&ordering=-created_at HTTP/1.1" 403 58
WARNING 2026-05-05 00:33:37,472 log 13172 8616 Forbidden: /api/staff/bookings/stats/
WARNING 2026-05-05 00:33:37,472 basehttp 13172 8616 "GET /api/staff/bookings/stats/ HTTP/1.1" 403 58
WARNING 2026-05-05 00:33:37,826 log 13172 10964 Forbidden: /api/staff/bookings/
WARNING 2026-05-05 00:33:37,827 log 13172 20840 Forbidden: /api/staff/logs/
WARNING 2026-05-05 00:33:37,827 basehttp 13172 10964 "GET /api/staff/bookings/?limit=5&ordering=-created_at HTTP/1.1" 403 58
WARNING 2026-05-05 00:33:37,828 basehttp 13172 20840 "GET /api/staff/logs/?limit=10 HTTP/1.1" 403 58
WARNING 2026-05-05 00:33:37,837 log 13172 8616 Forbidden: /api/staff/bookings/stats/
WARNING 2026-05-05 00:33:37,838 basehttp 13172 8616 "GET /api/staff/bookings/stats/ HTTP/1.1" 403 58
WARNING 2026-05-05 00:33:38,188 log 13172 20840 Forbidden: /api/staff/logs/
WARNING 2026-05-05 00:33:38,189 basehttp 13172 20840 "GET /api/staff/logs/?limit=10 HTTP/1.1" 403 58
WARNING 2026-05-05 00:33:38,191 log 13172 10964 Forbidden: /api/staff/bookings/
WARNING 2026-05-05 00:33:38,192 basehttp 13172 10964 "GET /api/staff/bookings/?limit=5&ordering=-created_at HTTP/1.1" 403 58
WARNING 2026-05-05 00:33:38,195 log 13172 8616 Forbidden: /api/staff/bookings/stats/
WARNING 2026-05-05 00:33:38,196 basehttp 13172 8616 "GET /api/staff/bookings/stats/ HTTP/1.1" 403 58
WARNING 2026-05-05 00:33:38,564 log 13172 20840 Forbidden: /api/staff/bookings/
WARNING 2026-05-05 00:33:38,565 log 13172 10964 Forbidden: /api/staff/logs/
WARNING 2026-05-05 00:33:38,565 basehttp 13172 20840 "GET /api/staff/bookings/?limit=5&ordering=-created_at HTTP/1.1" 403 58
WARNING 2026-05-05 00:33:38,566 basehttp 13172 10964 "GET /api/staff/logs/?limit=10 HTTP/1.1" 403 58
WARNING 2026-05-05 00:33:38,569 log 13172 8616 Forbidden: /api/staff/bookings/stats/
WARNING 2026-05-05 00:33:38,570 basehttp 13172 8616 "GET /api/staff/bookings/stats/ HTTP/1.1" 403 58
WARNING 2026-05-05 00:33:38,916 log 13172 10964 Forbidden: /api/staff/logs/
INFO 2026-05-05 00:33:38,917 basehttp 13172 10964 - Broken pipe from ('127.0.0.1', 61173)
WARNING 2026-05-05 00:33:38,919 log 13172 20840 Forbidden: /api/staff/bookings/
INFO 2026-05-05 00:33:38,920 basehttp 13172 20840 - Broken pipe from ('127.0.0.1', 53736)
WARNING 2026-05-05 00:33:38,923 log 13172 8616 Forbidden: /api/staff/bookings/stats/
INFO 2026-05-05 00:33:38,924 basehttp 13172 8616 - Broken pipe from ('127.0.0.1', 56951)
WARNING 2026-05-05 00:33:41,361 log 13172 20992 Forbidden: /api/staff/bookings/stats/
WARNING 2026-05-05 00:33:41,361 basehttp 13172 20992 "GET /api/staff/bookings/stats/ HTTP/1.1" 403 58
WARNING 2026-05-05 00:33:41,377 log 13172 17856 Forbidden: /api/staff/logs/
WARNING 2026-05-05 00:33:41,379 basehttp 13172 17856 "GET /api/staff/logs/?limit=10 HTTP/1.1" 403 58
WARNING 2026-05-05 00:33:41,427 log 13172 11068 Forbidden: /api/staff/bookings/
WARNING 2026-05-05 00:33:41,428 basehttp 13172 11068 "GET /api/staff/bookings/?limit=5&ordering=-created_at HTTP/1.1" 403 58
WARNING 2026-05-05 00:33:42,133 log 13172 20992 Forbidden: /api/staff/bookings/
WARNING 2026-05-05 00:33:42,134 log 13172 17856 Forbidden: /api/staff/logs/
WARNING 2026-05-05 00:33:42,134 basehttp 13172 20992 "GET /api/staff/bookings/?limit=5&ordering=-created_at HTTP/1.1" 403 58
WARNING 2026-05-05 00:33:42,135 basehttp 13172 17856 "GET /api/staff/logs/?limit=10 HTTP/1.1" 403 58
WARNING 2026-05-05 00:33:42,140 log 13172 11068 Forbidden: /api/staff/bookings/stats/
WARNING 2026-05-05 00:33:42,141 basehttp 13172 11068 "GET /api/staff/bookings/stats/ HTTP/1.1" 403 58
WARNING 2026-05-05 00:33:42,887 log 13172 20992 Forbidden: /api/staff/bookings/
WARNING 2026-05-05 00:33:42,888 log 13172 17856 Forbidden: /api/staff/logs/
WARNING 2026-05-05 00:33:42,889 basehttp 13172 17856 "GET /api/staff/logs/?limit=10 HTTP/1.1" 403 58
WARNING 2026-05-05 00:33:42,889 basehttp 13172 20992 "GET /api/staff/bookings/?limit=5&ordering=-created_at HTTP/1.1" 403 58
WARNING 2026-05-05 00:33:42,894 log 13172 11068 Forbidden: /api/staff/bookings/stats/
WARNING 2026-05-05 00:33:42,895 basehttp 13172 11068 "GET /api/staff/bookings/stats/ HTTP/1.1" 403 58
WARNING 2026-05-05 00:33:43,607 log 13172 20992 Forbidden: /api/staff/logs/
WARNING 2026-05-05 00:33:43,608 log 13172 17856 Forbidden: /api/staff/bookings/
WARNING 2026-05-05 00:33:43,609 basehttp 13172 20992 "GET /api/staff/logs/?limit=10 HTTP/1.1" 403 58
WARNING 2026-05-05 00:33:43,609 basehttp 13172 17856 "GET /api/staff/bookings/?limit=5&ordering=-created_at HTTP/1.1" 403 58
WARNING 2026-05-05 00:33:43,615 log 13172 11068 Forbidden: /api/staff/bookings/stats/
WARNING 2026-05-05 00:33:43,616 basehttp 13172 11068 "GET /api/staff/bookings/stats/ HTTP/1.1" 403 58
WARNING 2026-05-05 00:33:44,313 log 13172 20992 Forbidden: /api/staff/bookings/
WARNING 2026-05-05 00:33:44,315 log 13172 17856 Forbidden: /api/staff/logs/
WARNING 2026-05-05 00:33:44,315 basehttp 13172 20992 "GET /api/staff/bookings/?limit=5&ordering=-created_at HTTP/1.1" 403 58
WARNING 2026-05-05 00:33:44,316 basehttp 13172 17856 "GET /api/staff/logs/?limit=10 HTTP/1.1" 403 58
WARNING 2026-05-05 00:33:44,317 log 13172 11068 Forbidden: /api/staff/bookings/stats/
WARNING 2026-05-05 00:33:44,318 basehttp 13172 11068 "GET /api/staff/bookings/stats/ HTTP/1.1" 403 58
WARNING 2026-05-05 00:33:44,996 log 13172 17856 Forbidden: /api/staff/logs/
WARNING 2026-05-05 00:33:44,997 basehttp 13172 17856 "GET /api/staff/logs/?limit=10 HTTP/1.1" 403 58
WARNING 2026-05-05 00:33:44,999 log 13172 20992 Forbidden: /api/staff/bookings/
WARNING 2026-05-05 00:33:45,000 basehttp 13172 20992 "GET /api/staff/bookings/?limit=5&ordering=-created_at HTTP/1.1" 403 58
WARNING 2026-05-05 00:33:45,004 log 13172 11068 Forbidden: /api/staff/bookings/stats/
WARNING 2026-05-05 00:33:45,005 basehttp 13172 11068 "GET /api/staff/bookings/stats/ HTTP/1.1" 403 58
WARNING 2026-05-05 00:33:45,700 log 13172 20992 Forbidden: /api/staff/logs/
WARNING 2026-05-05 00:33:45,701 basehttp 13172 20992 "GET /api/staff/logs/?limit=10 HTTP/1.1" 403 58
WARNING 2026-05-05 00:33:45,703 log 13172 17856 Forbidden: /api/staff/bookings/
WARNING 2026-05-05 00:33:45,704 basehttp 13172 17856 "GET /api/staff/bookings/?limit=5&ordering=-created_at HTTP/1.1" 403 58
WARNING 2026-05-05 00:33:45,709 log 13172 11068 Forbidden: /api/staff/bookings/stats/
WARNING 2026-05-05 00:33:45,709 basehttp 13172 11068 "GET /api/staff/bookings/stats/ HTTP/1.1" 403 58
WARNING 2026-05-05 00:33:48,327 log 13172 17856 Forbidden: /api/staff/logs/
WARNING 2026-05-05 00:33:48,327 log 13172 20992 Forbidden: /api/staff/bookings/
WARNING 2026-05-05 00:33:48,328 basehttp 13172 20992 "GET /api/staff/bookings/?limit=5&ordering=-created_at HTTP/1.1" 403 58
WARNING 2026-05-05 00:33:48,329 basehttp 13172 17856 "GET /api/staff/logs/?limit=10 HTTP/1.1" 403 58
WARNING 2026-05-05 00:33:48,333 log 13172 11068 Forbidden: /api/staff/bookings/stats/
WARNING 2026-05-05 00:33:48,334 basehttp 13172 11068 "GET /api/staff/bookings/stats/ HTTP/1.1" 403 58
WARNING 2026-05-05 00:33:49,785 log 13172 20992 Forbidden: /api/staff/bookings/
WARNING 2026-05-05 00:33:49,787 log 13172 17856 Forbidden: /api/staff/logs/
WARNING 2026-05-05 00:33:49,787 basehttp 13172 20992 "GET /api/staff/bookings/?limit=5&ordering=-created_at HTTP/1.1" 403 58
WARNING 2026-05-05 00:33:49,788 basehttp 13172 17856 "GET /api/staff/logs/?limit=10 HTTP/1.1" 403 58
WARNING 2026-05-05 00:33:49,794 log 13172 11068 Forbidden: /api/staff/bookings/stats/
WARNING 2026-05-05 00:33:49,795 basehttp 13172 11068 "GET /api/staff/bookings/stats/ HTTP/1.1" 403 58
WARNING 2026-05-05 00:33:51,339 log 13172 20992 Forbidden: /api/staff/bookings/
WARNING 2026-05-05 00:33:51,340 log 13172 17856 Forbidden: /api/staff/logs/
WARNING 2026-05-05 00:33:51,341 basehttp 13172 20992 "GET /api/staff/bookings/?limit=5&ordering=-created_at HTTP/1.1" 403 58
WARNING 2026-05-05 00:33:51,341 basehttp 13172 17856 "GET /api/staff/logs/?limit=10 HTTP/1.1" 403 58
WARNING 2026-05-05 00:33:51,348 log 13172 11068 Forbidden: /api/staff/bookings/stats/
WARNING 2026-05-05 00:33:51,348 basehttp 13172 11068 "GET /api/staff/bookings/stats/ HTTP/1.1" 403 58
WARNING 2026-05-05 00:33:52,557 log 13172 20992 Forbidden: /api/staff/bookings/
WARNING 2026-05-05 00:33:52,557 basehttp 13172 20992 "GET /api/staff/bookings/?limit=5&ordering=-created_at HTTP/1.1" 403 58
WARNING 2026-05-05 00:33:52,559 log 13172 17856 Forbidden: /api/staff/logs/
WARNING 2026-05-05 00:33:52,560 basehttp 13172 17856 "GET /api/staff/logs/?limit=10 HTTP/1.1" 403 58
WARNING 2026-05-05 00:33:52,566 log 13172 11068 Forbidden: /api/staff/bookings/stats/
WARNING 2026-05-05 00:33:52,567 basehttp 13172 11068 "GET /api/staff/bookings/stats/ HTTP/1.1" 403 58
WARNING 2026-05-05 00:33:53,942 log 13172 20992 Forbidden: /api/staff/bookings/
WARNING 2026-05-05 00:33:53,943 log 13172 17856 Forbidden: /api/staff/logs/
WARNING 2026-05-05 00:33:53,944 basehttp 13172 20992 "GET /api/staff/bookings/?limit=5&ordering=-created_at HTTP/1.1" 403 58
WARNING 2026-05-05 00:33:53,945 basehttp 13172 17856 "GET /api/staff/logs/?limit=10 HTTP/1.1" 403 58
WARNING 2026-05-05 00:33:53,946 log 13172 11068 Forbidden: /api/staff/bookings/stats/
WARNING 2026-05-05 00:33:53,947 basehttp 13172 11068 "GET /api/staff/bookings/stats/ HTTP/1.1" 403 58
WARNING 2026-05-05 00:33:55,457 log 13172 17856 Forbidden: /api/staff/logs/
WARNING 2026-05-05 00:33:55,459 log 13172 20992 Forbidden: /api/staff/bookings/
WARNING 2026-05-05 00:33:55,459 basehttp 13172 17856 "GET /api/staff/logs/?limit=10 HTTP/1.1" 403 58
WARNING 2026-05-05 00:33:55,460 basehttp 13172 20992 "GET /api/staff/bookings/?limit=5&ordering=-created_at HTTP/1.1" 403 58
WARNING 2026-05-05 00:33:55,463 log 13172 11068 Forbidden: /api/staff/bookings/stats/
WARNING 2026-05-05 00:33:55,464 basehttp 13172 11068 "GET /api/staff/bookings/stats/ HTTP/1.1" 403 58
WARNING 2026-05-05 00:33:57,216 log 13172 17856 Forbidden: /api/staff/bookings/
WARNING 2026-05-05 00:33:57,217 log 13172 20992 Forbidden: /api/staff/logs/
WARNING 2026-05-05 00:33:57,220 log 13172 11068 Forbidden: /api/staff/bookings/stats/
WARNING 2026-05-05 00:33:57,221 basehttp 13172 11068 "GET /api/staff/bookings/stats/ HTTP/1.1" 403 58
WARNING 2026-05-05 00:33:57,221 basehttp 13172 20992 "GET /api/staff/logs/?limit=10 HTTP/1.1" 403 58
WARNING 2026-05-05 00:33:57,222 basehttp 13172 17856 "GET /api/staff/bookings/?limit=5&ordering=-created_at HTTP/1.1" 403 58
WARNING 2026-05-05 00:33:58,741 log 13172 20992 Forbidden: /api/staff/bookings/
WARNING 2026-05-05 00:33:58,741 log 13172 17856 Forbidden: /api/staff/bookings/stats/
WARNING 2026-05-05 00:33:58,742 basehttp 13172 20992 "GET /api/staff/bookings/?limit=5&ordering=-created_at HTTP/1.1" 403 58
WARNING 2026-05-05 00:33:58,743 basehttp 13172 17856 "GET /api/staff/bookings/stats/ HTTP/1.1" 403 58
WARNING 2026-05-05 00:33:58,750 log 13172 11068 Forbidden: /api/staff/logs/
WARNING 2026-05-05 00:33:58,751 basehttp 13172 11068 "GET /api/staff/logs/?limit=10 HTTP/1.1" 403 58
WARNING 2026-05-05 00:33:59,950 log 13172 20992 Forbidden: /api/staff/bookings/
WARNING 2026-05-05 00:33:59,951 basehttp 13172 20992 "GET /api/staff/bookings/?limit=5&ordering=-created_at HTTP/1.1" 403 58
WARNING 2026-05-05 00:33:59,952 log 13172 17856 Forbidden: /api/staff/logs/
WARNING 2026-05-05 00:33:59,953 basehttp 13172 17856 "GET /api/staff/logs/?limit=10 HTTP/1.1" 403 58
WARNING 2026-05-05 00:33:59,959 log 13172 11068 Forbidden: /api/staff/bookings/stats/
WARNING 2026-05-05 00:33:59,960 basehttp 13172 11068 "GET /api/staff/bookings/stats/ HTTP/1.1" 403 58
WARNING 2026-05-05 00:34:01,212 log 13172 17856 Forbidden: /api/staff/logs/
WARNING 2026-05-05 00:34:01,212 basehttp 13172 17856 "GET /api/staff/logs/?limit=10 HTTP/1.1" 403 58
WARNING 2026-05-05 00:34:01,213 log 13172 20992 Forbidden: /api/staff/bookings/
WARNING 2026-05-05 00:34:01,214 basehttp 13172 20992 "GET /api/staff/bookings/?limit=5&ordering=-created_at HTTP/1.1" 403 58
WARNING 2026-05-05 00:34:01,219 log 13172 11068 Forbidden: /api/staff/bookings/stats/
WARNING 2026-05-05 00:34:01,220 basehttp 13172 11068 "GET /api/staff/bookings/stats/ HTTP/1.1" 403 58
WARNING 2026-05-05 00:34:02,311 log 13172 20992 Forbidden: /api/staff/logs/
WARNING 2026-05-05 00:34:02,312 basehttp 13172 20992 "GET /api/staff/logs/?limit=10 HTTP/1.1" 403 58
WARNING 2026-05-05 00:34:02,314 log 13172 17856 Forbidden: /api/staff/bookings/
WARNING 2026-05-05 00:34:02,314 basehttp 13172 17856 "GET /api/staff/bookings/?limit=5&ordering=-created_at HTTP/1.1" 403 58
WARNING 2026-05-05 00:34:02,321 log 13172 11068 Forbidden: /api/staff/bookings/stats/
WARNING 2026-05-05 00:34:02,321 basehttp 13172 11068 "GET /api/staff/bookings/stats/ HTTP/1.1" 403 58
WARNING 2026-05-05 00:34:03,399 log 13172 20992 Forbidden: /api/staff/bookings/
WARNING 2026-05-05 00:34:03,399 basehttp 13172 20992 "GET /api/staff/bookings/?limit=5&ordering=-created_at HTTP/1.1" 403 58
WARNING 2026-05-05 00:34:03,403 log 13172 17856 Forbidden: /api/staff/logs/
WARNING 2026-05-05 00:34:03,403 log 13172 11068 Forbidden: /api/staff/bookings/stats/
WARNING 2026-05-05 00:34:03,404 basehttp 13172 17856 "GET /api/staff/logs/?limit=10 HTTP/1.1" 403 58
WARNING 2026-05-05 00:34:03,404 basehttp 13172 11068 "GET /api/staff/bookings/stats/ HTTP/1.1" 403 58
WARNING 2026-05-05 00:34:04,465 log 13172 20992 Forbidden: /api/staff/bookings/
WARNING 2026-05-05 00:34:04,466 basehttp 13172 20992 "GET /api/staff/bookings/?limit=5&ordering=-created_at HTTP/1.1" 403 58
WARNING 2026-05-05 00:34:04,467 log 13172 17856 Forbidden: /api/staff/logs/
WARNING 2026-05-05 00:34:04,468 basehttp 13172 17856 "GET /api/staff/logs/?limit=10 HTTP/1.1" 403 58
WARNING 2026-05-05 00:34:04,474 log 13172 11068 Forbidden: /api/staff/bookings/stats/
WARNING 2026-05-05 00:34:04,475 basehttp 13172 11068 "GET /api/staff/bookings/stats/ HTTP/1.1" 403 58
WARNING 2026-05-05 00:34:05,476 log 13172 20992 Forbidden: /api/staff/bookings/
WARNING 2026-05-05 00:34:05,477 basehttp 13172 20992 "GET /api/staff/bookings/?limit=5&ordering=-created_at HTTP/1.1" 403 58
WARNING 2026-05-05 00:34:05,480 log 13172 17856 Forbidden: /api/staff/logs/
WARNING 2026-05-05 00:34:05,480 basehttp 13172 17856 "GET /api/staff/logs/?limit=10 HTTP/1.1" 403 58
WARNING 2026-05-05 00:34:05,486 log 13172 11068 Forbidden: /api/staff/bookings/stats/
WARNING 2026-05-05 00:34:05,487 basehttp 13172 11068 "GET /api/staff/bookings/stats/ HTTP/1.1" 403 58
WARNING 2026-05-05 00:34:06,577 log 13172 17856 Forbidden: /api/staff/logs/
WARNING 2026-05-05 00:34:06,578 basehttp 13172 17856 "GET /api/staff/logs/?limit=10 HTTP/1.1" 403 58
WARNING 2026-05-05 00:34:06,581 log 13172 20992 Forbidden: /api/staff/bookings/
WARNING 2026-05-05 00:34:06,582 basehttp 13172 20992 "GET /api/staff/bookings/?limit=5&ordering=-created_at HTTP/1.1" 403 58
WARNING 2026-05-05 00:34:06,585 log 13172 11068 Forbidden: /api/staff/bookings/stats/
WARNING 2026-05-05 00:34:06,585 basehttp 13172 11068 "GET /api/staff/bookings/stats/ HTTP/1.1" 403 58
WARNING 2026-05-05 00:34:07,614 log 13172 20992 Forbidden: /api/staff/logs/
WARNING 2026-05-05 00:34:07,615 basehttp 13172 20992 "GET /api/staff/logs/?limit=10 HTTP/1.1" 403 58
WARNING 2026-05-05 00:34:07,617 log 13172 17856 Forbidden: /api/staff/bookings/
WARNING 2026-05-05 00:34:07,618 basehttp 13172 17856 "GET /api/staff/bookings/?limit=5&ordering=-created_at HTTP/1.1" 403 58
WARNING 2026-05-05 00:34:07,621 log 13172 11068 Forbidden: /api/staff/bookings/stats/
WARNING 2026-05-05 00:34:07,622 basehttp 13172 11068 "GET /api/staff/bookings/stats/ HTTP/1.1" 403 58
WARNING 2026-05-05 00:34:08,704 log 13172 20992 Forbidden: /api/staff/bookings/
WARNING 2026-05-05 00:34:08,704 basehttp 13172 20992 "GET /api/staff/bookings/?limit=5&ordering=-created_at HTTP/1.1" 403 58
WARNING 2026-05-05 00:34:08,706 log 13172 17856 Forbidden: /api/staff/logs/
WARNING 2026-05-05 00:34:08,707 basehttp 13172 17856 "GET /api/staff/logs/?limit=10 HTTP/1.1" 403 58
WARNING 2026-05-05 00:34:08,713 log 13172 11068 Forbidden: /api/staff/bookings/stats/
WARNING 2026-05-05 00:34:08,714 basehttp 13172 11068 "GET /api/staff/bookings/stats/ HTTP/1.1" 403 58
WARNING 2026-05-05 00:34:09,869 log 13172 20992 Forbidden: /api/staff/bookings/
INFO 2026-05-05 00:34:09,870 basehttp 13172 20992 - Broken pipe from ('127.0.0.1', 60243)
WARNING 2026-05-05 00:34:09,871 log 13172 17856 Forbidden: /api/staff/logs/
INFO 2026-05-05 00:34:09,871 basehttp 13172 17856 - Broken pipe from ('127.0.0.1', 53943)
WARNING 2026-05-05 00:34:09,877 log 13172 11068 Forbidden: /api/staff/bookings/stats/
INFO 2026-05-05 00:34:09,878 basehttp 13172 11068 - Broken pipe from ('127.0.0.1', 57228)
WARNING 2026-05-05 00:39:50,870 log 13172 1488 Forbidden: /api/staff/logs/
WARNING 2026-05-05 00:39:50,872 basehttp 13172 1488 "GET /api/staff/logs/?limit=10 HTTP/1.1" 403 58
WARNING 2026-05-05 00:39:50,875 log 13172 3800 Forbidden: /api/staff/bookings/stats/
WARNING 2026-05-05 00:39:50,876 basehttp 13172 3800 "GET /api/staff/bookings/stats/ HTTP/1.1" 403 58
WARNING 2026-05-05 00:39:51,003 log 13172 18768 Forbidden: /api/staff/bookings/
WARNING 2026-05-05 00:39:51,005 basehttp 13172 18768 "GET /api/staff/bookings/?limit=5&ordering=-created_at HTTP/1.1" 403 58
WARNING 2026-05-05 00:39:51,721 log 13172 1488 Forbidden: /api/staff/bookings/
WARNING 2026-05-05 00:39:51,722 basehttp 13172 1488 "GET /api/staff/bookings/?limit=5&ordering=-created_at HTTP/1.1" 403 58
WARNING 2026-05-05 00:39:51,725 log 13172 3800 Forbidden: /api/staff/logs/
WARNING 2026-05-05 00:39:51,726 basehttp 13172 3800 "GET /api/staff/logs/?limit=10 HTTP/1.1" 403 58
WARNING 2026-05-05 00:39:51,739 log 13172 18768 Forbidden: /api/staff/bookings/stats/
WARNING 2026-05-05 00:39:51,739 basehttp 13172 18768 "GET /api/staff/bookings/stats/ HTTP/1.1" 403 58
WARNING 2026-05-05 00:39:52,395 log 13172 1488 Forbidden: /api/staff/bookings/
WARNING 2026-05-05 00:39:52,396 log 13172 3800 Forbidden: /api/staff/logs/
WARNING 2026-05-05 00:39:52,397 basehttp 13172 1488 "GET /api/staff/bookings/?limit=5&ordering=-created_at HTTP/1.1" 403 58
WARNING 2026-05-05 00:39:52,397 basehttp 13172 3800 "GET /api/staff/logs/?limit=10 HTTP/1.1" 403 58
WARNING 2026-05-05 00:39:52,409 log 13172 18768 Forbidden: /api/staff/bookings/stats/
WARNING 2026-05-05 00:39:52,410 basehttp 13172 18768 "GET /api/staff/bookings/stats/ HTTP/1.1" 403 58
WARNING 2026-05-05 00:39:53,069 log 13172 3800 Forbidden: /api/staff/bookings/
WARNING 2026-05-05 00:39:53,069 log 13172 1488 Forbidden: /api/staff/logs/
WARNING 2026-05-05 00:39:53,070 basehttp 13172 3800 "GET /api/staff/bookings/?limit=5&ordering=-created_at HTTP/1.1" 403 58
WARNING 2026-05-05 00:39:53,071 basehttp 13172 1488 "GET /api/staff/logs/?limit=10 HTTP/1.1" 403 58
WARNING 2026-05-05 00:39:53,077 log 13172 18768 Forbidden: /api/staff/bookings/stats/
WARNING 2026-05-05 00:39:53,078 basehttp 13172 18768 "GET /api/staff/bookings/stats/ HTTP/1.1" 403 58
WARNING 2026-05-05 00:39:53,713 log 13172 1488 Forbidden: /api/staff/logs/
WARNING 2026-05-05 00:39:53,713 basehttp 13172 1488 "GET /api/staff/logs/?limit=10 HTTP/1.1" 403 58
WARNING 2026-05-05 00:39:53,716 log 13172 3800 Forbidden: /api/staff/bookings/
WARNING 2026-05-05 00:39:53,716 basehttp 13172 3800 "GET /api/staff/bookings/?limit=5&ordering=-created_at HTTP/1.1" 403 58
WARNING 2026-05-05 00:39:53,733 log 13172 18768 Forbidden: /api/staff/bookings/stats/
WARNING 2026-05-05 00:39:53,733 basehttp 13172 18768 "GET /api/staff/bookings/stats/ HTTP/1.1" 403 58
WARNING 2026-05-05 00:39:54,386 log 13172 1488 Forbidden: /api/staff/bookings/
WARNING 2026-05-05 00:39:54,387 log 13172 3800 Forbidden: /api/staff/logs/
WARNING 2026-05-05 00:39:54,388 basehttp 13172 1488 "GET /api/staff/bookings/?limit=5&ordering=-created_at HTTP/1.1" 403 58
WARNING 2026-05-05 00:39:54,388 basehttp 13172 3800 "GET /api/staff/logs/?limit=10 HTTP/1.1" 403 58
WARNING 2026-05-05 00:39:54,400 log 13172 18768 Forbidden: /api/staff/bookings/stats/
WARNING 2026-05-05 00:39:54,401 basehttp 13172 18768 "GET /api/staff/bookings/stats/ HTTP/1.1" 403 58
WARNING 2026-05-05 00:39:55,026 log 13172 1488 Forbidden: /api/staff/bookings/
WARNING 2026-05-05 00:39:55,026 basehttp 13172 1488 "GET /api/staff/bookings/?limit=5&ordering=-created_at HTTP/1.1" 403 58
WARNING 2026-05-05 00:39:55,032 log 13172 3800 Forbidden: /api/staff/logs/
WARNING 2026-05-05 00:39:55,033 basehttp 13172 3800 "GET /api/staff/logs/?limit=10 HTTP/1.1" 403 58
WARNING 2026-05-05 00:39:55,044 log 13172 18768 Forbidden: /api/staff/bookings/stats/
WARNING 2026-05-05 00:39:55,045 basehttp 13172 18768 "GET /api/staff/bookings/stats/ HTTP/1.1" 403 58
WARNING 2026-05-05 00:39:55,706 log 13172 1488 Forbidden: /api/staff/bookings/
WARNING 2026-05-05 00:39:55,706 basehttp 13172 1488 "GET /api/staff/bookings/?limit=5&ordering=-created_at HTTP/1.1" 403 58
WARNING 2026-05-05 00:39:55,709 log 13172 3800 Forbidden: /api/staff/logs/
WARNING 2026-05-05 00:39:55,710 basehttp 13172 3800 "GET /api/staff/logs/?limit=10 HTTP/1.1" 403 58
WARNING 2026-05-05 00:39:55,728 log 13172 18768 Forbidden: /api/staff/bookings/stats/
WARNING 2026-05-05 00:39:55,729 basehttp 13172 18768 "GET /api/staff/bookings/stats/ HTTP/1.1" 403 58
WARNING 2026-05-05 00:39:56,414 log 13172 3800 Forbidden: /api/staff/logs/
WARNING 2026-05-05 00:39:56,415 log 13172 1488 Forbidden: /api/staff/bookings/
WARNING 2026-05-05 00:39:56,415 basehttp 13172 3800 "GET /api/staff/logs/?limit=10 HTTP/1.1" 403 58
WARNING 2026-05-05 00:39:56,416 basehttp 13172 1488 "GET /api/staff/bookings/?limit=5&ordering=-created_at HTTP/1.1" 403 58
WARNING 2026-05-05 00:39:56,428 log 13172 18768 Forbidden: /api/staff/bookings/stats/
WARNING 2026-05-05 00:39:56,429 basehttp 13172 18768 "GET /api/staff/bookings/stats/ HTTP/1.1" 403 58
WARNING 2026-05-05 00:39:57,074 log 13172 1488 Forbidden: /api/staff/logs/
WARNING 2026-05-05 00:39:57,075 basehttp 13172 1488 "GET /api/staff/logs/?limit=10 HTTP/1.1" 403 58
WARNING 2026-05-05 00:39:57,077 log 13172 3800 Forbidden: /api/staff/bookings/
WARNING 2026-05-05 00:39:57,078 basehttp 13172 3800 "GET /api/staff/bookings/?limit=5&ordering=-created_at HTTP/1.1" 403 58
WARNING 2026-05-05 00:39:57,093 log 13172 18768 Forbidden: /api/staff/bookings/stats/
WARNING 2026-05-05 00:39:57,094 basehttp 13172 18768 "GET /api/staff/bookings/stats/ HTTP/1.1" 403 58
WARNING 2026-05-05 00:39:57,731 log 13172 1488 Forbidden: /api/staff/bookings/
WARNING 2026-05-05 00:39:57,732 log 13172 3800 Forbidden: /api/staff/logs/
WARNING 2026-05-05 00:39:57,733 basehttp 13172 1488 "GET /api/staff/bookings/?limit=5&ordering=-created_at HTTP/1.1" 403 58
WARNING 2026-05-05 00:39:57,734 basehttp 13172 3800 "GET /api/staff/logs/?limit=10 HTTP/1.1" 403 58
WARNING 2026-05-05 00:39:57,748 log 13172 18768 Forbidden: /api/staff/bookings/stats/
WARNING 2026-05-05 00:39:57,749 basehttp 13172 18768 "GET /api/staff/bookings/stats/ HTTP/1.1" 403 58
WARNING 2026-05-05 00:39:58,488 log 13172 1488 Forbidden: /api/staff/bookings/
WARNING 2026-05-05 00:39:58,489 basehttp 13172 1488 "GET /api/staff/bookings/?limit=5&ordering=-created_at HTTP/1.1" 403 58
WARNING 2026-05-05 00:39:58,492 log 13172 3800 Forbidden: /api/staff/logs/
WARNING 2026-05-05 00:39:58,493 basehttp 13172 3800 "GET /api/staff/logs/?limit=10 HTTP/1.1" 403 58
WARNING 2026-05-05 00:39:58,505 log 13172 18768 Forbidden: /api/staff/bookings/stats/
WARNING 2026-05-05 00:39:58,506 basehttp 13172 18768 "GET /api/staff/bookings/stats/ HTTP/1.1" 403 58
WARNING 2026-05-05 00:39:59,161 log 13172 1488 Forbidden: /api/staff/bookings/
WARNING 2026-05-05 00:39:59,162 basehttp 13172 1488 "GET /api/staff/bookings/?limit=5&ordering=-created_at HTTP/1.1" 403 58
WARNING 2026-05-05 00:39:59,165 log 13172 3800 Forbidden: /api/staff/logs/
WARNING 2026-05-05 00:39:59,165 basehttp 13172 3800 "GET /api/staff/logs/?limit=10 HTTP/1.1" 403 58
WARNING 2026-05-05 00:39:59,176 log 13172 18768 Forbidden: /api/staff/bookings/stats/
WARNING 2026-05-05 00:39:59,177 basehttp 13172 18768 "GET /api/staff/bookings/stats/ HTTP/1.1" 403 58
WARNING 2026-05-05 00:39:59,816 log 13172 1488 Forbidden: /api/staff/bookings/
WARNING 2026-05-05 00:39:59,818 log 13172 3800 Forbidden: /api/staff/logs/
WARNING 2026-05-05 00:39:59,819 basehttp 13172 1488 "GET /api/staff/bookings/?limit=5&ordering=-created_at HTTP/1.1" 403 58
WARNING 2026-05-05 00:39:59,820 basehttp 13172 3800 "GET /api/staff/logs/?limit=10 HTTP/1.1" 403 58
WARNING 2026-05-05 00:39:59,833 log 13172 18768 Forbidden: /api/staff/bookings/stats/
WARNING 2026-05-05 00:39:59,833 basehttp 13172 18768 "GET /api/staff/bookings/stats/ HTTP/1.1" 403 58
WARNING 2026-05-05 00:40:00,455 log 13172 1488 Forbidden: /api/staff/logs/
WARNING 2026-05-05 00:40:00,456 basehttp 13172 1488 "GET /api/staff/logs/?limit=10 HTTP/1.1" 403 58
WARNING 2026-05-05 00:40:00,458 log 13172 3800 Forbidden: /api/staff/bookings/
WARNING 2026-05-05 00:40:00,459 basehttp 13172 3800 "GET /api/staff/bookings/?limit=5&ordering=-created_at HTTP/1.1" 403 58
WARNING 2026-05-05 00:40:00,472 log 13172 18768 Forbidden: /api/staff/bookings/stats/
WARNING 2026-05-05 00:40:00,473 basehttp 13172 18768 "GET /api/staff/bookings/stats/ HTTP/1.1" 403 58
WARNING 2026-05-05 00:40:01,118 log 13172 1488 Forbidden: /api/staff/bookings/
WARNING 2026-05-05 00:40:01,119 basehttp 13172 1488 "GET /api/staff/bookings/?limit=5&ordering=-created_at HTTP/1.1" 403 58
WARNING 2026-05-05 00:40:01,121 log 13172 3800 Forbidden: /api/staff/logs/
WARNING 2026-05-05 00:40:01,122 basehttp 13172 3800 "GET /api/staff/logs/?limit=10 HTTP/1.1" 403 58
WARNING 2026-05-05 00:40:01,142 log 13172 18768 Forbidden: /api/staff/bookings/stats/
WARNING 2026-05-05 00:40:01,143 basehttp 13172 18768 "GET /api/staff/bookings/stats/ HTTP/1.1" 403 58
WARNING 2026-05-05 00:40:01,786 log 13172 1488 Forbidden: /api/staff/bookings/
WARNING 2026-05-05 00:40:01,786 basehttp 13172 1488 "GET /api/staff/bookings/?limit=5&ordering=-created_at HTTP/1.1" 403 58
WARNING 2026-05-05 00:40:01,788 log 13172 3800 Forbidden: /api/staff/logs/
WARNING 2026-05-05 00:40:01,789 basehttp 13172 3800 "GET /api/staff/logs/?limit=10 HTTP/1.1" 403 58
WARNING 2026-05-05 00:40:01,802 log 13172 18768 Forbidden: /api/staff/bookings/stats/
WARNING 2026-05-05 00:40:01,803 basehttp 13172 18768 "GET /api/staff/bookings/stats/ HTTP/1.1" 403 58
WARNING 2026-05-05 00:40:02,449 log 13172 1488 Forbidden: /api/staff/bookings/
WARNING 2026-05-05 00:40:02,449 basehttp 13172 1488 "GET /api/staff/bookings/?limit=5&ordering=-created_at HTTP/1.1" 403 58
WARNING 2026-05-05 00:40:02,451 log 13172 3800 Forbidden: /api/staff/logs/
WARNING 2026-05-05 00:40:02,452 basehttp 13172 3800 "GET /api/staff/logs/?limit=10 HTTP/1.1" 403 58
WARNING 2026-05-05 00:40:02,465 log 13172 18768 Forbidden: /api/staff/bookings/stats/
WARNING 2026-05-05 00:40:02,466 basehttp 13172 18768 "GET /api/staff/bookings/stats/ HTTP/1.1" 403 58
WARNING 2026-05-05 00:40:03,125 log 13172 3800 Forbidden: /api/staff/logs/
WARNING 2026-05-05 00:40:03,126 log 13172 1488 Forbidden: /api/staff/bookings/
WARNING 2026-05-05 00:40:03,128 basehttp 13172 3800 "GET /api/staff/logs/?limit=10 HTTP/1.1" 403 58
WARNING 2026-05-05 00:40:03,128 basehttp 13172 1488 "GET /api/staff/bookings/?limit=5&ordering=-created_at HTTP/1.1" 403 58
WARNING 2026-05-05 00:40:03,139 log 13172 18768 Forbidden: /api/staff/bookings/stats/
WARNING 2026-05-05 00:40:03,140 basehttp 13172 18768 "GET /api/staff/bookings/stats/ HTTP/1.1" 403 58
WARNING 2026-05-05 00:40:03,762 log 13172 1488 Forbidden: /api/staff/logs/
WARNING 2026-05-05 00:40:03,763 basehttp 13172 1488 "GET /api/staff/logs/?limit=10 HTTP/1.1" 403 58
WARNING 2026-05-05 00:40:03,765 log 13172 3800 Forbidden: /api/staff/bookings/
WARNING 2026-05-05 00:40:03,766 basehttp 13172 3800 "GET /api/staff/bookings/?limit=5&ordering=-created_at HTTP/1.1" 403 58
WARNING 2026-05-05 00:40:03,779 log 13172 18768 Forbidden: /api/staff/bookings/stats/
WARNING 2026-05-05 00:40:03,780 basehttp 13172 18768 "GET /api/staff/bookings/stats/ HTTP/1.1" 403 58
WARNING 2026-05-05 00:40:04,438 log 13172 1488 Forbidden: /api/staff/bookings/
WARNING 2026-05-05 00:40:04,439 basehttp 13172 1488 "GET /api/staff/bookings/?limit=5&ordering=-created_at HTTP/1.1" 403 58
WARNING 2026-05-05 00:40:04,441 log 13172 3800 Forbidden: /api/staff/logs/
WARNING 2026-05-05 00:40:04,442 basehttp 13172 3800 "GET /api/staff/logs/?limit=10 HTTP/1.1" 403 58
WARNING 2026-05-05 00:40:04,455 log 13172 18768 Forbidden: /api/staff/bookings/stats/
WARNING 2026-05-05 00:40:04,456 basehttp 13172 18768 "GET /api/staff/bookings/stats/ HTTP/1.1" 403 58
WARNING 2026-05-05 00:40:05,101 log 13172 1488 Forbidden: /api/staff/bookings/
WARNING 2026-05-05 00:40:05,102 basehttp 13172 1488 "GET /api/staff/bookings/?limit=5&ordering=-created_at HTTP/1.1" 403 58
WARNING 2026-05-05 00:40:05,104 log 13172 3800 Forbidden: /api/staff/logs/
WARNING 2026-05-05 00:40:05,104 basehttp 13172 3800 "GET /api/staff/logs/?limit=10 HTTP/1.1" 403 58
WARNING 2026-05-05 00:40:05,118 log 13172 18768 Forbidden: /api/staff/bookings/stats/
WARNING 2026-05-05 00:40:05,119 basehttp 13172 18768 "GET /api/staff/bookings/stats/ HTTP/1.1" 403 58
WARNING 2026-05-05 00:40:05,772 log 13172 1488 Forbidden: /api/staff/bookings/
WARNING 2026-05-05 00:40:05,773 basehttp 13172 1488 "GET /api/staff/bookings/?limit=5&ordering=-created_at HTTP/1.1" 403 58
WARNING 2026-05-05 00:40:05,774 log 13172 3800 Forbidden: /api/staff/logs/
WARNING 2026-05-05 00:40:05,775 basehttp 13172 3800 "GET /api/staff/logs/?limit=10 HTTP/1.1" 403 58
WARNING 2026-05-05 00:40:05,789 log 13172 18768 Forbidden: /api/staff/bookings/stats/
WARNING 2026-05-05 00:40:05,790 basehttp 13172 18768 "GET /api/staff/bookings/stats/ HTTP/1.1" 403 58
WARNING 2026-05-05 00:40:06,521 log 13172 1488 Forbidden: /api/staff/bookings/
WARNING 2026-05-05 00:40:06,522 basehttp 13172 1488 "GET /api/staff/bookings/?limit=5&ordering=-created_at HTTP/1.1" 403 58
WARNING 2026-05-05 00:40:06,528 log 13172 3800 Forbidden: /api/staff/logs/
WARNING 2026-05-05 00:40:06,529 basehttp 13172 3800 "GET /api/staff/logs/?limit=10 HTTP/1.1" 403 58
WARNING 2026-05-05 00:40:06,540 log 13172 18768 Forbidden: /api/staff/bookings/stats/
WARNING 2026-05-05 00:40:06,541 basehttp 13172 18768 "GET /api/staff/bookings/stats/ HTTP/1.1" 403 58
WARNING 2026-05-05 00:40:07,199 log 13172 3800 Forbidden: /api/staff/logs/
WARNING 2026-05-05 00:40:07,200 log 13172 1488 Forbidden: /api/staff/bookings/
WARNING 2026-05-05 00:40:07,201 basehttp 13172 3800 "GET /api/staff/logs/?limit=10 HTTP/1.1" 403 58
WARNING 2026-05-05 00:40:07,201 basehttp 13172 1488 "GET /api/staff/bookings/?limit=5&ordering=-created_at HTTP/1.1" 403 58
WARNING 2026-05-05 00:40:07,230 log 13172 18768 Forbidden: /api/staff/bookings/stats/
WARNING 2026-05-05 00:40:07,231 basehttp 13172 18768 "GET /api/staff/bookings/stats/ HTTP/1.1" 403 58
WARNING 2026-05-05 00:40:07,941 log 13172 1488 Forbidden: /api/staff/logs/
WARNING 2026-05-05 00:40:07,942 basehttp 13172 1488 "GET /api/staff/logs/?limit=10 HTTP/1.1" 403 58
WARNING 2026-05-05 00:40:07,944 log 13172 3800 Forbidden: /api/staff/bookings/
WARNING 2026-05-05 00:40:07,944 basehttp 13172 3800 "GET /api/staff/bookings/?limit=5&ordering=-created_at HTTP/1.1" 403 58
WARNING 2026-05-05 00:40:07,958 log 13172 18768 Forbidden: /api/staff/bookings/stats/
WARNING 2026-05-05 00:40:07,959 basehttp 13172 18768 "GET /api/staff/bookings/stats/ HTTP/1.1" 403 58
WARNING 2026-05-05 00:40:08,613 log 13172 1488 Forbidden: /api/staff/bookings/
WARNING 2026-05-05 00:40:08,613 basehttp 13172 1488 "GET /api/staff/bookings/?limit=5&ordering=-created_at HTTP/1.1" 403 58
WARNING 2026-05-05 00:40:08,615 log 13172 3800 Forbidden: /api/staff/logs/
WARNING 2026-05-05 00:40:08,616 basehttp 13172 3800 "GET /api/staff/logs/?limit=10 HTTP/1.1" 403 58
WARNING 2026-05-05 00:40:08,630 log 13172 18768 Forbidden: /api/staff/bookings/stats/
WARNING 2026-05-05 00:40:08,631 basehttp 13172 18768 "GET /api/staff/bookings/stats/ HTTP/1.1" 403 58
WARNING 2026-05-05 00:40:09,278 log 13172 3800 Forbidden: /api/staff/logs/
WARNING 2026-05-05 00:40:09,279 basehttp 13172 3800 "GET /api/staff/logs/?limit=10 HTTP/1.1" 403 58
WARNING 2026-05-05 00:40:09,281 log 13172 1488 Forbidden: /api/staff/bookings/
WARNING 2026-05-05 00:40:09,282 basehttp 13172 1488 "GET /api/staff/bookings/?limit=5&ordering=-created_at HTTP/1.1" 403 58
WARNING 2026-05-05 00:40:09,293 log 13172 18768 Forbidden: /api/staff/bookings/stats/
WARNING 2026-05-05 00:40:09,294 basehttp 13172 18768 "GET /api/staff/bookings/stats/ HTTP/1.1" 403 58
WARNING 2026-05-05 00:40:10,009 log 13172 1488 Forbidden: /api/staff/logs/
WARNING 2026-05-05 00:40:10,010 basehttp 13172 1488 "GET /api/staff/logs/?limit=10 HTTP/1.1" 403 58
WARNING 2026-05-05 00:40:10,011 log 13172 3800 Forbidden: /api/staff/bookings/
WARNING 2026-05-05 00:40:10,012 basehttp 13172 3800 "GET /api/staff/bookings/?limit=5&ordering=-created_at HTTP/1.1" 403 58
WARNING 2026-05-05 00:40:10,025 log 13172 18768 Forbidden: /api/staff/bookings/stats/
WARNING 2026-05-05 00:40:10,026 basehttp 13172 18768 "GET /api/staff/bookings/stats/ HTTP/1.1" 403 58
WARNING 2026-05-05 00:40:10,723 log 13172 3800 Forbidden: /api/staff/logs/
WARNING 2026-05-05 00:40:10,725 log 13172 1488 Forbidden: /api/staff/bookings/
WARNING 2026-05-05 00:40:10,725 basehttp 13172 3800 "GET /api/staff/logs/?limit=10 HTTP/1.1" 403 58
WARNING 2026-05-05 00:40:10,726 basehttp 13172 1488 "GET /api/staff/bookings/?limit=5&ordering=-created_at HTTP/1.1" 403 58
WARNING 2026-05-05 00:40:10,741 log 13172 18768 Forbidden: /api/staff/bookings/stats/
WARNING 2026-05-05 00:40:10,742 basehttp 13172 18768 "GET /api/staff/bookings/stats/ HTTP/1.1" 403 58
WARNING 2026-05-05 00:40:11,468 log 13172 1488 Forbidden: /api/staff/logs/
WARNING 2026-05-05 00:40:11,469 basehttp 13172 1488 "GET /api/staff/logs/?limit=10 HTTP/1.1" 403 58
WARNING 2026-05-05 00:40:11,472 log 13172 3800 Forbidden: /api/staff/bookings/
WARNING 2026-05-05 00:40:11,473 basehttp 13172 3800 "GET /api/staff/bookings/?limit=5&ordering=-created_at HTTP/1.1" 403 58
WARNING 2026-05-05 00:40:11,486 log 13172 18768 Forbidden: /api/staff/bookings/stats/
WARNING 2026-05-05 00:40:11,487 basehttp 13172 18768 "GET /api/staff/bookings/stats/ HTTP/1.1" 403 58
WARNING 2026-05-05 00:40:12,356 log 13172 1488 Forbidden: /api/staff/bookings/
WARNING 2026-05-05 00:40:12,356 basehttp 13172 1488 "GET /api/staff/bookings/?limit=5&ordering=-created_at HTTP/1.1" 403 58
WARNING 2026-05-05 00:40:12,358 log 13172 3800 Forbidden: /api/staff/logs/
WARNING 2026-05-05 00:40:12,358 basehttp 13172 3800 "GET /api/staff/logs/?limit=10 HTTP/1.1" 403 58
WARNING 2026-05-05 00:40:12,373 log 13172 18768 Forbidden: /api/staff/bookings/stats/
WARNING 2026-05-05 00:40:12,374 basehttp 13172 18768 "GET /api/staff/bookings/stats/ HTTP/1.1" 403 58
WARNING 2026-05-05 00:40:13,079 log 13172 1488 Forbidden: /api/staff/bookings/
WARNING 2026-05-05 00:40:13,080 log 13172 3800 Forbidden: /api/staff/logs/
WARNING 2026-05-05 00:40:13,081 basehttp 13172 1488 "GET /api/staff/bookings/?limit=5&ordering=-created_at HTTP/1.1" 403 58
WARNING 2026-05-05 00:40:13,081 basehttp 13172 3800 "GET /api/staff/logs/?limit=10 HTTP/1.1" 403 58
WARNING 2026-05-05 00:40:13,094 log 13172 18768 Forbidden: /api/staff/bookings/stats/
WARNING 2026-05-05 00:40:13,095 basehttp 13172 18768 "GET /api/staff/bookings/stats/ HTTP/1.1" 403 58
WARNING 2026-05-05 00:40:13,826 log 13172 1488 Forbidden: /api/staff/bookings/
WARNING 2026-05-05 00:40:13,827 basehttp 13172 1488 "GET /api/staff/bookings/?limit=5&ordering=-created_at HTTP/1.1" 403 58
WARNING 2026-05-05 00:40:13,829 log 13172 3800 Forbidden: /api/staff/logs/
WARNING 2026-05-05 00:40:13,830 basehttp 13172 3800 "GET /api/staff/logs/?limit=10 HTTP/1.1" 403 58
WARNING 2026-05-05 00:40:13,843 log 13172 18768 Forbidden: /api/staff/bookings/stats/
WARNING 2026-05-05 00:40:13,844 basehttp 13172 18768 "GET /api/staff/bookings/stats/ HTTP/1.1" 403 58
WARNING 2026-05-05 00:40:14,622 log 13172 1488 Forbidden: /api/staff/bookings/
WARNING 2026-05-05 00:40:14,622 basehttp 13172 1488 "GET /api/staff/bookings/?limit=5&ordering=-created_at HTTP/1.1" 403 58
WARNING 2026-05-05 00:40:14,624 log 13172 3800 Forbidden: /api/staff/logs/
WARNING 2026-05-05 00:40:14,625 basehttp 13172 3800 "GET /api/staff/logs/?limit=10 HTTP/1.1" 403 58
WARNING 2026-05-05 00:40:14,638 log 13172 18768 Forbidden: /api/staff/bookings/stats/
WARNING 2026-05-05 00:40:14,639 basehttp 13172 18768 "GET /api/staff/bookings/stats/ HTTP/1.1" 403 58
WARNING 2026-05-05 00:40:15,336 log 13172 1488 Forbidden: /api/staff/bookings/
WARNING 2026-05-05 00:40:15,337 basehttp 13172 1488 "GET /api/staff/bookings/?limit=5&ordering=-created_at HTTP/1.1" 403 58
WARNING 2026-05-05 00:40:15,346 log 13172 3800 Forbidden: /api/staff/logs/
WARNING 2026-05-05 00:40:15,346 basehttp 13172 3800 "GET /api/staff/logs/?limit=10 HTTP/1.1" 403 58
WARNING 2026-05-05 00:40:15,352 log 13172 18768 Forbidden: /api/staff/bookings/stats/
WARNING 2026-05-05 00:40:15,353 basehttp 13172 18768 "GET /api/staff/bookings/stats/ HTTP/1.1" 403 58
WARNING 2026-05-05 00:40:16,146 log 13172 1488 Forbidden: /api/staff/bookings/
WARNING 2026-05-05 00:40:16,146 basehttp 13172 1488 "GET /api/staff/bookings/?limit=5&ordering=-created_at HTTP/1.1" 403 58
WARNING 2026-05-05 00:40:16,148 log 13172 3800 Forbidden: /api/staff/logs/
WARNING 2026-05-05 00:40:16,149 basehttp 13172 3800 "GET /api/staff/logs/?limit=10 HTTP/1.1" 403 58
WARNING 2026-05-05 00:40:16,163 log 13172 18768 Forbidden: /api/staff/bookings/stats/
WARNING 2026-05-05 00:40:16,164 basehttp 13172 18768 "GET /api/staff/bookings/stats/ HTTP/1.1" 403 58
WARNING 2026-05-05 00:40:16,977 log 13172 3800 Forbidden: /api/staff/logs/
WARNING 2026-05-05 00:40:16,978 log 13172 1488 Forbidden: /api/staff/bookings/
WARNING 2026-05-05 00:40:16,979 basehttp 13172 3800 "GET /api/staff/logs/?limit=10 HTTP/1.1" 403 58
WARNING 2026-05-05 00:40:16,979 basehttp 13172 1488 "GET /api/staff/bookings/?limit=5&ordering=-created_at HTTP/1.1" 403 58
WARNING 2026-05-05 00:40:16,991 log 13172 18768 Forbidden: /api/staff/bookings/stats/
WARNING 2026-05-05 00:40:16,992 basehttp 13172 18768 "GET /api/staff/bookings/stats/ HTTP/1.1" 403 58
WARNING 2026-05-05 00:40:17,855 log 13172 1488 Forbidden: /api/staff/logs/
WARNING 2026-05-05 00:40:17,856 basehttp 13172 1488 "GET /api/staff/logs/?limit=10 HTTP/1.1" 403 58
WARNING 2026-05-05 00:40:17,858 log 13172 3800 Forbidden: /api/staff/bookings/
WARNING 2026-05-05 00:40:17,858 basehttp 13172 3800 "GET /api/staff/bookings/?limit=5&ordering=-created_at HTTP/1.1" 403 58
WARNING 2026-05-05 00:40:17,871 log 13172 18768 Forbidden: /api/staff/bookings/stats/
WARNING 2026-05-05 00:40:17,872 basehttp 13172 18768 "GET /api/staff/bookings/stats/ HTTP/1.1" 403 58
WARNING 2026-05-05 00:40:18,747 log 13172 1488 Forbidden: /api/staff/bookings/
WARNING 2026-05-05 00:40:18,748 log 13172 3800 Forbidden: /api/staff/logs/
WARNING 2026-05-05 00:40:18,749 basehttp 13172 1488 "GET /api/staff/bookings/?limit=5&ordering=-created_at HTTP/1.1" 403 58
WARNING 2026-05-05 00:40:18,749 basehttp 13172 3800 "GET /api/staff/logs/?limit=10 HTTP/1.1" 403 58
WARNING 2026-05-05 00:40:18,763 log 13172 18768 Forbidden: /api/staff/bookings/stats/
WARNING 2026-05-05 00:40:18,763 basehttp 13172 18768 "GET /api/staff/bookings/stats/ HTTP/1.1" 403 58
WARNING 2026-05-05 00:40:19,430 log 13172 1488 Forbidden: /api/staff/bookings/
WARNING 2026-05-05 00:40:19,431 basehttp 13172 1488 "GET /api/staff/bookings/?limit=5&ordering=-created_at HTTP/1.1" 403 58
WARNING 2026-05-05 00:40:19,432 log 13172 3800 Forbidden: /api/staff/logs/
WARNING 2026-05-05 00:40:19,433 basehttp 13172 3800 "GET /api/staff/logs/?limit=10 HTTP/1.1" 403 58
WARNING 2026-05-05 00:40:19,446 log 13172 18768 Forbidden: /api/staff/bookings/stats/
WARNING 2026-05-05 00:40:19,447 basehttp 13172 18768 "GET /api/staff/bookings/stats/ HTTP/1.1" 403 58
WARNING 2026-05-05 00:40:20,160 log 13172 1488 Forbidden: /api/staff/bookings/
WARNING 2026-05-05 00:40:20,161 log 13172 3800 Forbidden: /api/staff/logs/
WARNING 2026-05-05 00:40:20,162 basehttp 13172 1488 "GET /api/staff/bookings/?limit=5&ordering=-created_at HTTP/1.1" 403 58
WARNING 2026-05-05 00:40:20,162 basehttp 13172 3800 "GET /api/staff/logs/?limit=10 HTTP/1.1" 403 58
WARNING 2026-05-05 00:40:20,176 log 13172 18768 Forbidden: /api/staff/bookings/stats/
WARNING 2026-05-05 00:40:20,176 basehttp 13172 18768 "GET /api/staff/bookings/stats/ HTTP/1.1" 403 58
WARNING 2026-05-05 00:40:20,917 log 13172 1488 Forbidden: /api/staff/bookings/
WARNING 2026-05-05 00:40:20,918 basehttp 13172 1488 "GET /api/staff/bookings/?limit=5&ordering=-created_at HTTP/1.1" 403 58
WARNING 2026-05-05 00:40:20,919 log 13172 3800 Forbidden: /api/staff/logs/
WARNING 2026-05-05 00:40:20,920 basehttp 13172 3800 "GET /api/staff/logs/?limit=10 HTTP/1.1" 403 58
WARNING 2026-05-05 00:40:20,932 log 13172 18768 Forbidden: /api/staff/bookings/stats/
WARNING 2026-05-05 00:40:20,933 basehttp 13172 18768 "GET /api/staff/bookings/stats/ HTTP/1.1" 403 58
WARNING 2026-05-05 00:40:21,733 log 13172 1488 Forbidden: /api/staff/bookings/
WARNING 2026-05-05 00:40:21,734 log 13172 3800 Forbidden: /api/staff/logs/
WARNING 2026-05-05 00:40:21,735 basehttp 13172 1488 "GET /api/staff/bookings/?limit=5&ordering=-created_at HTTP/1.1" 403 58
WARNING 2026-05-05 00:40:21,735 basehttp 13172 3800 "GET /api/staff/logs/?limit=10 HTTP/1.1" 403 58
WARNING 2026-05-05 00:40:21,749 log 13172 18768 Forbidden: /api/staff/bookings/stats/
WARNING 2026-05-05 00:40:21,750 basehttp 13172 18768 "GET /api/staff/bookings/stats/ HTTP/1.1" 403 58
WARNING 2026-05-05 00:40:39,685 log 13172 3800 Forbidden: /api/staff/bookings/stats/
WARNING 2026-05-05 00:40:39,686 basehttp 13172 3800 "GET /api/staff/bookings/stats/ HTTP/1.1" 403 58
WARNING 2026-05-05 00:40:39,703 log 13172 18768 Forbidden: /api/staff/bookings/
WARNING 2026-05-05 00:40:39,704 basehttp 13172 18768 "GET /api/staff/bookings/ HTTP/1.1" 403 58
WARNING 2026-05-05 00:40:40,512 log 13172 1488 Forbidden: /api/staff/bookings/
WARNING 2026-05-05 00:40:40,512 basehttp 13172 1488 "GET /api/staff/bookings/?limit=5&ordering=-created_at HTTP/1.1" 403 58
WARNING 2026-05-05 00:40:40,516 log 13172 3800 Forbidden: /api/staff/logs/
WARNING 2026-05-05 00:40:40,517 basehttp 13172 3800 "GET /api/staff/logs/?limit=10 HTTP/1.1" 403 58
WARNING 2026-05-05 00:40:40,528 log 13172 18768 Forbidden: /api/staff/bookings/stats/
WARNING 2026-05-05 00:40:40,529 basehttp 13172 18768 "GET /api/staff/bookings/stats/ HTTP/1.1" 403 58
WARNING 2026-05-05 00:40:41,311 log 13172 1488 Forbidden: /api/staff/bookings/
WARNING 2026-05-05 00:40:41,311 log 13172 3800 Forbidden: /api/staff/logs/
WARNING 2026-05-05 00:40:41,312 basehttp 13172 1488 "GET /api/staff/bookings/?limit=5&ordering=-created_at HTTP/1.1" 403 58
WARNING 2026-05-05 00:40:41,313 basehttp 13172 3800 "GET /api/staff/logs/?limit=10 HTTP/1.1" 403 58
WARNING 2026-05-05 00:40:41,329 log 13172 18768 Forbidden: /api/staff/bookings/stats/
WARNING 2026-05-05 00:40:41,330 basehttp 13172 18768 "GET /api/staff/bookings/stats/ HTTP/1.1" 403 58
WARNING 2026-05-05 00:40:42,080 log 13172 1488 Forbidden: /api/staff/bookings/
WARNING 2026-05-05 00:40:42,081 basehttp 13172 1488 "GET /api/staff/bookings/?limit=5&ordering=-created_at HTTP/1.1" 403 58
WARNING 2026-05-05 00:40:42,083 log 13172 3800 Forbidden: /api/staff/logs/
WARNING 2026-05-05 00:40:42,083 basehttp 13172 3800 "GET /api/staff/logs/?limit=10 HTTP/1.1" 403 58
WARNING 2026-05-05 00:40:42,096 log 13172 18768 Forbidden: /api/staff/bookings/stats/
WARNING 2026-05-05 00:40:42,097 basehttp 13172 18768 "GET /api/staff/bookings/stats/ HTTP/1.1" 403 58
WARNING 2026-05-05 00:40:42,829 log 13172 1488 Forbidden: /api/staff/bookings/
WARNING 2026-05-05 00:40:42,831 log 13172 3800 Forbidden: /api/staff/logs/
WARNING 2026-05-05 00:40:42,831 basehttp 13172 1488 "GET /api/staff/bookings/?limit=5&ordering=-created_at HTTP/1.1" 403 58
WARNING 2026-05-05 00:40:42,832 basehttp 13172 3800 "GET /api/staff/logs/?limit=10 HTTP/1.1" 403 58
WARNING 2026-05-05 00:40:42,845 log 13172 18768 Forbidden: /api/staff/bookings/stats/
WARNING 2026-05-05 00:40:42,846 basehttp 13172 18768 "GET /api/staff/bookings/stats/ HTTP/1.1" 403 58
WARNING 2026-05-05 00:40:43,581 log 13172 1488 Forbidden: /api/staff/bookings/
WARNING 2026-05-05 00:40:43,581 basehttp 13172 1488 "GET /api/staff/bookings/?limit=5&ordering=-created_at HTTP/1.1" 403 58
WARNING 2026-05-05 00:40:43,583 log 13172 3800 Forbidden: /api/staff/logs/
WARNING 2026-05-05 00:40:43,583 basehttp 13172 3800 "GET /api/staff/logs/?limit=10 HTTP/1.1" 403 58
WARNING 2026-05-05 00:40:43,597 log 13172 18768 Forbidden: /api/staff/bookings/stats/
WARNING 2026-05-05 00:40:43,598 basehttp 13172 18768 "GET /api/staff/bookings/stats/ HTTP/1.1" 403 58
WARNING 2026-05-05 00:40:44,392 log 13172 1488 Forbidden: /api/staff/bookings/
WARNING 2026-05-05 00:40:44,392 basehttp 13172 1488 "GET /api/staff/bookings/?limit=5&ordering=-created_at HTTP/1.1" 403 58
WARNING 2026-05-05 00:40:44,394 log 13172 3800 Forbidden: /api/staff/logs/
WARNING 2026-05-05 00:40:44,395 basehttp 13172 3800 "GET /api/staff/logs/?limit=10 HTTP/1.1" 403 58
WARNING 2026-05-05 00:40:44,408 log 13172 18768 Forbidden: /api/staff/bookings/stats/
WARNING 2026-05-05 00:40:44,409 basehttp 13172 18768 "GET /api/staff/bookings/stats/ HTTP/1.1" 403 58
WARNING 2026-05-05 00:40:45,158 log 13172 3800 Forbidden: /api/staff/logs/
WARNING 2026-05-05 00:40:45,159 log 13172 1488 Forbidden: /api/staff/bookings/
WARNING 2026-05-05 00:40:45,160 basehttp 13172 3800 "GET /api/staff/logs/?limit=10 HTTP/1.1" 403 58
WARNING 2026-05-05 00:40:45,161 basehttp 13172 1488 "GET /api/staff/bookings/?limit=5&ordering=-created_at HTTP/1.1" 403 58
WARNING 2026-05-05 00:40:45,178 log 13172 18768 Forbidden: /api/staff/bookings/stats/
WARNING 2026-05-05 00:40:45,179 basehttp 13172 18768 "GET /api/staff/bookings/stats/ HTTP/1.1" 403 58
WARNING 2026-05-05 00:40:45,936 log 13172 1488 Forbidden: /api/staff/logs/
WARNING 2026-05-05 00:40:45,937 log 13172 3800 Forbidden: /api/staff/bookings/
WARNING 2026-05-05 00:40:45,938 basehttp 13172 1488 "GET /api/staff/logs/?limit=10 HTTP/1.1" 403 58
WARNING 2026-05-05 00:40:45,938 basehttp 13172 3800 "GET /api/staff/bookings/?limit=5&ordering=-created_at HTTP/1.1" 403 58
WARNING 2026-05-05 00:40:45,952 log 13172 18768 Forbidden: /api/staff/bookings/stats/
WARNING 2026-05-05 00:40:45,953 basehttp 13172 18768 "GET /api/staff/bookings/stats/ HTTP/1.1" 403 58
WARNING 2026-05-05 00:40:46,653 log 13172 1488 Forbidden: /api/staff/bookings/
WARNING 2026-05-05 00:40:46,654 basehttp 13172 1488 "GET /api/staff/bookings/?limit=5&ordering=-created_at HTTP/1.1" 403 58
WARNING 2026-05-05 00:40:46,655 log 13172 3800 Forbidden: /api/staff/logs/
WARNING 2026-05-05 00:40:46,656 basehttp 13172 3800 "GET /api/staff/logs/?limit=10 HTTP/1.1" 403 58
WARNING 2026-05-05 00:40:46,669 log 13172 18768 Forbidden: /api/staff/bookings/stats/
WARNING 2026-05-05 00:40:46,670 basehttp 13172 18768 "GET /api/staff/bookings/stats/ HTTP/1.1" 403 58
WARNING 2026-05-05 00:40:47,386 log 13172 1488 Forbidden: /api/staff/bookings/
WARNING 2026-05-05 00:40:47,387 basehttp 13172 1488 "GET /api/staff/bookings/?limit=5&ordering=-created_at HTTP/1.1" 403 58
WARNING 2026-05-05 00:40:47,389 log 13172 3800 Forbidden: /api/staff/logs/
WARNING 2026-05-05 00:40:47,389 basehttp 13172 3800 "GET /api/staff/logs/?limit=10 HTTP/1.1" 403 58
WARNING 2026-05-05 00:40:47,403 log 13172 18768 Forbidden: /api/staff/bookings/stats/
WARNING 2026-05-05 00:40:47,404 basehttp 13172 18768 "GET /api/staff/bookings/stats/ HTTP/1.1" 403 58
WARNING 2026-05-05 00:40:48,201 log 13172 3800 Forbidden: /api/staff/logs/
WARNING 2026-05-05 00:40:48,202 log 13172 1488 Forbidden: /api/staff/bookings/
WARNING 2026-05-05 00:40:48,202 basehttp 13172 3800 "GET /api/staff/logs/?limit=10 HTTP/1.1" 403 58
WARNING 2026-05-05 00:40:48,203 basehttp 13172 1488 "GET /api/staff/bookings/?limit=5&ordering=-created_at HTTP/1.1" 403 58
WARNING 2026-05-05 00:40:48,217 log 13172 18768 Forbidden: /api/staff/bookings/stats/
WARNING 2026-05-05 00:40:48,218 basehttp 13172 18768 "GET /api/staff/bookings/stats/ HTTP/1.1" 403 58
WARNING 2026-05-05 00:40:49,006 log 13172 1488 Forbidden: /api/staff/logs/
WARNING 2026-05-05 00:40:49,006 basehttp 13172 1488 "GET /api/staff/logs/?limit=10 HTTP/1.1" 403 58
WARNING 2026-05-05 00:40:49,008 log 13172 3800 Forbidden: /api/staff/bookings/
WARNING 2026-05-05 00:40:49,009 basehttp 13172 3800 "GET /api/staff/bookings/?limit=5&ordering=-created_at HTTP/1.1" 403 58
WARNING 2026-05-05 00:40:49,022 log 13172 18768 Forbidden: /api/staff/bookings/stats/
WARNING 2026-05-05 00:40:49,023 basehttp 13172 18768 "GET /api/staff/bookings/stats/ HTTP/1.1" 403 58
WARNING 2026-05-05 00:40:49,909 log 13172 1488 Forbidden: /api/staff/bookings/
WARNING 2026-05-05 00:40:49,910 basehttp 13172 1488 "GET /api/staff/bookings/?limit=5&ordering=-created_at HTTP/1.1" 403 58
WARNING 2026-05-05 00:40:49,912 log 13172 3800 Forbidden: /api/staff/logs/
WARNING 2026-05-05 00:40:49,913 basehttp 13172 3800 "GET /api/staff/logs/?limit=10 HTTP/1.1" 403 58
WARNING 2026-05-05 00:40:49,927 log 13172 18768 Forbidden: /api/staff/bookings/stats/
WARNING 2026-05-05 00:40:49,928 basehttp 13172 18768 "GET /api/staff/bookings/stats/ HTTP/1.1" 403 58
WARNING 2026-05-05 00:40:50,794 log 13172 1488 Forbidden: /api/staff/bookings/
WARNING 2026-05-05 00:40:50,794 basehttp 13172 1488 "GET /api/staff/bookings/?limit=5&ordering=-created_at HTTP/1.1" 403 58
WARNING 2026-05-05 00:40:50,796 log 13172 3800 Forbidden: /api/staff/logs/
WARNING 2026-05-05 00:40:50,797 basehttp 13172 3800 "GET /api/staff/logs/?limit=10 HTTP/1.1" 403 58
WARNING 2026-05-05 00:40:50,811 log 13172 18768 Forbidden: /api/staff/bookings/stats/
WARNING 2026-05-05 00:40:50,812 basehttp 13172 18768 "GET /api/staff/bookings/stats/ HTTP/1.1" 403 58
WARNING 2026-05-05 00:40:51,642 log 13172 1488 Forbidden: /api/staff/bookings/
WARNING 2026-05-05 00:40:51,643 basehttp 13172 1488 "GET /api/staff/bookings/?limit=5&ordering=-created_at HTTP/1.1" 403 58
WARNING 2026-05-05 00:40:51,645 log 13172 3800 Forbidden: /api/staff/logs/
WARNING 2026-05-05 00:40:51,646 basehttp 13172 3800 "GET /api/staff/logs/?limit=10 HTTP/1.1" 403 58
WARNING 2026-05-05 00:40:51,659 log 13172 18768 Forbidden: /api/staff/bookings/stats/
WARNING 2026-05-05 00:40:51,660 basehttp 13172 18768 "GET /api/staff/bookings/stats/ HTTP/1.1" 403 58
WARNING 2026-05-05 00:40:52,488 log 13172 3800 Forbidden: /api/staff/logs/
WARNING 2026-05-05 00:40:52,489 log 13172 1488 Forbidden: /api/staff/bookings/
WARNING 2026-05-05 00:40:52,490 basehttp 13172 3800 "GET /api/staff/logs/?limit=10 HTTP/1.1" 403 58
WARNING 2026-05-05 00:40:52,490 basehttp 13172 1488 "GET /api/staff/bookings/?limit=5&ordering=-created_at HTTP/1.1" 403 58
WARNING 2026-05-05 00:40:52,504 log 13172 18768 Forbidden: /api/staff/bookings/stats/
WARNING 2026-05-05 00:40:52,505 basehttp 13172 18768 "GET /api/staff/bookings/stats/ HTTP/1.1" 403 58
WARNING 2026-05-05 00:40:53,354 log 13172 1488 Forbidden: /api/staff/logs/
WARNING 2026-05-05 00:40:53,355 basehttp 13172 1488 "GET /api/staff/logs/?limit=10 HTTP/1.1" 403 58
WARNING 2026-05-05 00:40:53,364 log 13172 3800 Forbidden: /api/staff/bookings/
WARNING 2026-05-05 00:40:53,365 basehttp 13172 3800 "GET /api/staff/bookings/?limit=5&ordering=-created_at HTTP/1.1" 403 58
WARNING 2026-05-05 00:40:53,371 log 13172 18768 Forbidden: /api/staff/bookings/stats/
WARNING 2026-05-05 00:40:53,372 basehttp 13172 18768 "GET /api/staff/bookings/stats/ HTTP/1.1" 403 58
WARNING 2026-05-05 00:40:54,232 log 13172 1488 Forbidden: /api/staff/bookings/
WARNING 2026-05-05 00:40:54,233 log 13172 3800 Forbidden: /api/staff/logs/
WARNING 2026-05-05 00:40:54,234 basehttp 13172 1488 "GET /api/staff/bookings/?limit=5&ordering=-created_at HTTP/1.1" 403 58
WARNING 2026-05-05 00:40:54,234 basehttp 13172 3800 "GET /api/staff/logs/?limit=10 HTTP/1.1" 403 58
WARNING 2026-05-05 00:40:54,247 log 13172 18768 Forbidden: /api/staff/bookings/stats/
WARNING 2026-05-05 00:40:54,247 basehttp 13172 18768 "GET /api/staff/bookings/stats/ HTTP/1.1" 403 58
WARNING 2026-05-05 00:40:55,079 log 13172 1488 Forbidden: /api/staff/bookings/
WARNING 2026-05-05 00:40:55,080 basehttp 13172 1488 "GET /api/staff/bookings/?limit=5&ordering=-created_at HTTP/1.1" 403 58
WARNING 2026-05-05 00:40:55,082 log 13172 3800 Forbidden: /api/staff/logs/
WARNING 2026-05-05 00:40:55,082 basehttp 13172 3800 "GET /api/staff/logs/?limit=10 HTTP/1.1" 403 58
WARNING 2026-05-05 00:40:55,096 log 13172 18768 Forbidden: /api/staff/bookings/stats/
WARNING 2026-05-05 00:40:55,097 basehttp 13172 18768 "GET /api/staff/bookings/stats/ HTTP/1.1" 403 58
WARNING 2026-05-05 00:40:55,926 log 13172 1488 Forbidden: /api/staff/bookings/
WARNING 2026-05-05 00:40:55,927 basehttp 13172 1488 "GET /api/staff/bookings/?limit=5&ordering=-created_at HTTP/1.1" 403 58
WARNING 2026-05-05 00:40:55,929 log 13172 3800 Forbidden: /api/staff/logs/
WARNING 2026-05-05 00:40:55,930 basehttp 13172 3800 "GET /api/staff/logs/?limit=10 HTTP/1.1" 403 58
WARNING 2026-05-05 00:40:55,944 log 13172 18768 Forbidden: /api/staff/bookings/stats/
WARNING 2026-05-05 00:40:55,944 basehttp 13172 18768 "GET /api/staff/bookings/stats/ HTTP/1.1" 403 58
WARNING 2026-05-05 00:40:56,768 log 13172 1488 Forbidden: /api/staff/bookings/
WARNING 2026-05-05 00:40:56,768 basehttp 13172 1488 "GET /api/staff/bookings/?limit=5&ordering=-created_at HTTP/1.1" 403 58
WARNING 2026-05-05 00:40:56,770 log 13172 3800 Forbidden: /api/staff/logs/
WARNING 2026-05-05 00:40:56,770 basehttp 13172 3800 "GET /api/staff/logs/?limit=10 HTTP/1.1" 403 58
WARNING 2026-05-05 00:40:56,784 log 13172 18768 Forbidden: /api/staff/bookings/stats/
WARNING 2026-05-05 00:40:56,784 basehttp 13172 18768 "GET /api/staff/bookings/stats/ HTTP/1.1" 403 58
WARNING 2026-05-05 00:40:57,566 log 13172 1488 Forbidden: /api/staff/bookings/
WARNING 2026-05-05 00:40:57,567 basehttp 13172 1488 "GET /api/staff/bookings/?limit=5&ordering=-created_at HTTP/1.1" 403 58
WARNING 2026-05-05 00:40:57,568 log 13172 3800 Forbidden: /api/staff/logs/
WARNING 2026-05-05 00:40:57,568 basehttp 13172 3800 "GET /api/staff/logs/?limit=10 HTTP/1.1" 403 58
WARNING 2026-05-05 00:40:57,582 log 13172 18768 Forbidden: /api/staff/bookings/stats/
WARNING 2026-05-05 00:40:57,583 basehttp 13172 18768 "GET /api/staff/bookings/stats/ HTTP/1.1" 403 58
WARNING 2026-05-05 00:40:58,406 log 13172 3800 Forbidden: /api/staff/logs/
WARNING 2026-05-05 00:40:58,407 log 13172 1488 Forbidden: /api/staff/bookings/
WARNING 2026-05-05 00:40:58,408 basehttp 13172 3800 "GET /api/staff/logs/?limit=10 HTTP/1.1" 403 58
WARNING 2026-05-05 00:40:58,408 basehttp 13172 1488 "GET /api/staff/bookings/?limit=5&ordering=-created_at HTTP/1.1" 403 58
WARNING 2026-05-05 00:40:58,420 log 13172 18768 Forbidden: /api/staff/bookings/stats/
WARNING 2026-05-05 00:40:58,421 basehttp 13172 18768 "GET /api/staff/bookings/stats/ HTTP/1.1" 403 58
WARNING 2026-05-05 00:40:59,242 log 13172 1488 Forbidden: /api/staff/logs/
WARNING 2026-05-05 00:40:59,242 basehttp 13172 1488 "GET /api/staff/logs/?limit=10 HTTP/1.1" 403 58
WARNING 2026-05-05 00:40:59,250 log 13172 3800 Forbidden: /api/staff/bookings/
WARNING 2026-05-05 00:40:59,250 basehttp 13172 3800 "GET /api/staff/bookings/?limit=5&ordering=-created_at HTTP/1.1" 403 58
WARNING 2026-05-05 00:40:59,259 log 13172 18768 Forbidden: /api/staff/bookings/stats/
WARNING 2026-05-05 00:40:59,259 basehttp 13172 18768 "GET /api/staff/bookings/stats/ HTTP/1.1" 403 58
WARNING 2026-05-05 00:41:00,129 log 13172 1488 Forbidden: /api/staff/bookings/
WARNING 2026-05-05 00:41:00,130 basehttp 13172 1488 "GET /api/staff/bookings/?limit=5&ordering=-created_at HTTP/1.1" 403 58
WARNING 2026-05-05 00:41:00,134 log 13172 3800 Forbidden: /api/staff/logs/
WARNING 2026-05-05 00:41:00,134 basehttp 13172 3800 "GET /api/staff/logs/?limit=10 HTTP/1.1" 403 58
WARNING 2026-05-05 00:41:00,146 log 13172 18768 Forbidden: /api/staff/bookings/stats/
WARNING 2026-05-05 00:41:00,147 basehttp 13172 18768 "GET /api/staff/bookings/stats/ HTTP/1.1" 403 58
WARNING 2026-05-05 00:41:00,994 log 13172 3800 Forbidden: /api/staff/logs/
WARNING 2026-05-05 00:41:00,996 log 13172 1488 Forbidden: /api/staff/bookings/
WARNING 2026-05-05 00:41:00,996 basehttp 13172 3800 "GET /api/staff/logs/?limit=10 HTTP/1.1" 403 58
WARNING 2026-05-05 00:41:00,997 basehttp 13172 1488 "GET /api/staff/bookings/?limit=5&ordering=-created_at HTTP/1.1" 403 58
WARNING 2026-05-05 00:41:01,008 log 13172 18768 Forbidden: /api/staff/bookings/stats/
WARNING 2026-05-05 00:41:01,008 basehttp 13172 18768 "GET /api/staff/bookings/stats/ HTTP/1.1" 403 58
WARNING 2026-05-05 00:41:01,813 log 13172 1488 Forbidden: /api/staff/logs/
WARNING 2026-05-05 00:41:01,814 basehttp 13172 1488 "GET /api/staff/logs/?limit=10 HTTP/1.1" 403 58
WARNING 2026-05-05 00:41:01,816 log 13172 3800 Forbidden: /api/staff/bookings/
WARNING 2026-05-05 00:41:01,817 basehttp 13172 3800 "GET /api/staff/bookings/?limit=5&ordering=-created_at HTTP/1.1" 403 58
WARNING 2026-05-05 00:41:01,826 log 13172 18768 Forbidden: /api/staff/bookings/stats/
WARNING 2026-05-05 00:41:01,826 basehttp 13172 18768 "GET /api/staff/bookings/stats/ HTTP/1.1" 403 58
WARNING 2026-05-05 00:41:02,675 log 13172 1488 Forbidden: /api/staff/bookings/
WARNING 2026-05-05 00:41:02,676 basehttp 13172 1488 "GET /api/staff/bookings/?limit=5&ordering=-created_at HTTP/1.1" 403 58
WARNING 2026-05-05 00:41:02,679 log 13172 3800 Forbidden: /api/staff/logs/
WARNING 2026-05-05 00:41:02,680 basehttp 13172 3800 "GET /api/staff/logs/?limit=10 HTTP/1.1" 403 58
WARNING 2026-05-05 00:41:02,693 log 13172 18768 Forbidden: /api/staff/bookings/stats/
WARNING 2026-05-05 00:41:02,693 basehttp 13172 18768 "GET /api/staff/bookings/stats/ HTTP/1.1" 403 58
WARNING 2026-05-05 00:41:03,480 log 13172 1488 Forbidden: /api/staff/bookings/
WARNING 2026-05-05 00:41:03,481 basehttp 13172 1488 "GET /api/staff/bookings/?limit=5&ordering=-created_at HTTP/1.1" 403 58
WARNING 2026-05-05 00:41:03,483 log 13172 3800 Forbidden: /api/staff/logs/
WARNING 2026-05-05 00:41:03,483 basehttp 13172 3800 "GET /api/staff/logs/?limit=10 HTTP/1.1" 403 58
WARNING 2026-05-05 00:41:03,497 log 13172 18768 Forbidden: /api/staff/bookings/stats/
WARNING 2026-05-05 00:41:03,498 basehttp 13172 18768 "GET /api/staff/bookings/stats/ HTTP/1.1" 403 58
WARNING 2026-05-05 00:41:04,302 log 13172 1488 Forbidden: /api/staff/bookings/
WARNING 2026-05-05 00:41:04,303 log 13172 3800 Forbidden: /api/staff/logs/
WARNING 2026-05-05 00:41:04,304 basehttp 13172 1488 "GET /api/staff/bookings/?limit=5&ordering=-created_at HTTP/1.1" 403 58
WARNING 2026-05-05 00:41:04,304 basehttp 13172 3800 "GET /api/staff/logs/?limit=10 HTTP/1.1" 403 58
WARNING 2026-05-05 00:41:04,316 log 13172 18768 Forbidden: /api/staff/bookings/stats/
WARNING 2026-05-05 00:41:04,317 basehttp 13172 18768 "GET /api/staff/bookings/stats/ HTTP/1.1" 403 58
WARNING 2026-05-05 00:41:05,157 log 13172 1488 Forbidden: /api/staff/bookings/
WARNING 2026-05-05 00:41:05,158 basehttp 13172 1488 "GET /api/staff/bookings/?limit=5&ordering=-created_at HTTP/1.1" 403 58
WARNING 2026-05-05 00:41:05,159 log 13172 3800 Forbidden: /api/staff/logs/
WARNING 2026-05-05 00:41:05,160 basehttp 13172 3800 "GET /api/staff/logs/?limit=10 HTTP/1.1" 403 58
WARNING 2026-05-05 00:41:05,174 log 13172 18768 Forbidden: /api/staff/bookings/stats/
WARNING 2026-05-05 00:41:05,174 basehttp 13172 18768 "GET /api/staff/bookings/stats/ HTTP/1.1" 403 58
WARNING 2026-05-05 00:41:05,939 log 13172 3800 Forbidden: /api/staff/logs/
WARNING 2026-05-05 00:41:05,941 log 13172 1488 Forbidden: /api/staff/bookings/
WARNING 2026-05-05 00:41:05,941 basehttp 13172 3800 "GET /api/staff/logs/?limit=10 HTTP/1.1" 403 58
WARNING 2026-05-05 00:41:05,942 basehttp 13172 1488 "GET /api/staff/bookings/?limit=5&ordering=-created_at HTTP/1.1" 403 58
WARNING 2026-05-05 00:41:05,953 log 13172 18768 Forbidden: /api/staff/bookings/stats/
WARNING 2026-05-05 00:41:05,954 basehttp 13172 18768 "GET /api/staff/bookings/stats/ HTTP/1.1" 403 58
WARNING 2026-05-05 00:41:06,643 log 13172 1488 Forbidden: /api/staff/logs/
WARNING 2026-05-05 00:41:06,644 basehttp 13172 1488 "GET /api/staff/logs/?limit=10 HTTP/1.1" 403 58
WARNING 2026-05-05 00:41:06,646 log 13172 3800 Forbidden: /api/staff/bookings/
WARNING 2026-05-05 00:41:06,646 basehttp 13172 3800 "GET /api/staff/bookings/?limit=5&ordering=-created_at HTTP/1.1" 403 58
WARNING 2026-05-05 00:41:06,659 log 13172 18768 Forbidden: /api/staff/bookings/stats/
WARNING 2026-05-05 00:41:06,660 basehttp 13172 18768 "GET /api/staff/bookings/stats/ HTTP/1.1" 403 58
WARNING 2026-05-05 00:41:07,398 log 13172 3800 Forbidden: /api/staff/logs/
WARNING 2026-05-05 00:41:07,399 log 13172 1488 Forbidden: /api/staff/bookings/
WARNING 2026-05-05 00:41:07,400 basehttp 13172 3800 "GET /api/staff/logs/?limit=10 HTTP/1.1" 403 58
WARNING 2026-05-05 00:41:07,400 basehttp 13172 1488 "GET /api/staff/bookings/?limit=5&ordering=-created_at HTTP/1.1" 403 58
WARNING 2026-05-05 00:41:07,412 log 13172 18768 Forbidden: /api/staff/bookings/stats/
WARNING 2026-05-05 00:41:07,413 basehttp 13172 18768 "GET /api/staff/bookings/stats/ HTTP/1.1" 403 58
WARNING 2026-05-05 00:41:08,138 log 13172 1488 Forbidden: /api/staff/logs/
WARNING 2026-05-05 00:41:08,139 basehttp 13172 1488 "GET /api/staff/logs/?limit=10 HTTP/1.1" 403 58
WARNING 2026-05-05 00:41:08,142 log 13172 3800 Forbidden: /api/staff/bookings/
WARNING 2026-05-05 00:41:08,143 basehttp 13172 3800 "GET /api/staff/bookings/?limit=5&ordering=-created_at HTTP/1.1" 403 58
WARNING 2026-05-05 00:41:08,156 log 13172 18768 Forbidden: /api/staff/bookings/stats/
WARNING 2026-05-05 00:41:08,157 basehttp 13172 18768 "GET /api/staff/bookings/stats/ HTTP/1.1" 403 58
WARNING 2026-05-05 00:41:08,850 log 13172 1488 Forbidden: /api/staff/bookings/
WARNING 2026-05-05 00:41:08,850 basehttp 13172 1488 "GET /api/staff/bookings/?limit=5&ordering=-created_at HTTP/1.1" 403 58
WARNING 2026-05-05 00:41:08,852 log 13172 3800 Forbidden: /api/staff/logs/
WARNING 2026-05-05 00:41:08,853 basehttp 13172 3800 "GET /api/staff/logs/?limit=10 HTTP/1.1" 403 58
WARNING 2026-05-05 00:41:08,866 log 13172 18768 Forbidden: /api/staff/bookings/stats/
WARNING 2026-05-05 00:41:08,867 basehttp 13172 18768 "GET /api/staff/bookings/stats/ HTTP/1.1" 403 58
WARNING 2026-05-05 00:41:09,536 log 13172 1488 Forbidden: /api/staff/bookings/
WARNING 2026-05-05 00:41:09,537 basehttp 13172 1488 "GET /api/staff/bookings/?limit=5&ordering=-created_at HTTP/1.1" 403 58
WARNING 2026-05-05 00:41:09,539 log 13172 3800 Forbidden: /api/staff/logs/
WARNING 2026-05-05 00:41:09,540 basehttp 13172 3800 "GET /api/staff/logs/?limit=10 HTTP/1.1" 403 58
WARNING 2026-05-05 00:41:09,553 log 13172 18768 Forbidden: /api/staff/bookings/stats/
WARNING 2026-05-05 00:41:09,553 basehttp 13172 18768 "GET /api/staff/bookings/stats/ HTTP/1.1" 403 58
WARNING 2026-05-05 00:41:10,265 log 13172 1488 Forbidden: /api/staff/bookings/
WARNING 2026-05-05 00:41:10,266 basehttp 13172 1488 "GET /api/staff/bookings/?limit=5&ordering=-created_at HTTP/1.1" 403 58
WARNING 2026-05-05 00:41:10,268 log 13172 3800 Forbidden: /api/staff/logs/
WARNING 2026-05-05 00:41:10,269 basehttp 13172 3800 "GET /api/staff/logs/?limit=10 HTTP/1.1" 403 58
WARNING 2026-05-05 00:41:10,283 log 13172 18768 Forbidden: /api/staff/bookings/stats/
WARNING 2026-05-05 00:41:10,284 basehttp 13172 18768 "GET /api/staff/bookings/stats/ HTTP/1.1" 403 58
WARNING 2026-05-05 00:41:10,993 log 13172 1488 Forbidden: /api/staff/bookings/
WARNING 2026-05-05 00:41:10,994 basehttp 13172 1488 "GET /api/staff/bookings/?limit=5&ordering=-created_at HTTP/1.1" 403 58
WARNING 2026-05-05 00:41:10,995 log 13172 3800 Forbidden: /api/staff/logs/
WARNING 2026-05-05 00:41:10,996 basehttp 13172 3800 "GET /api/staff/logs/?limit=10 HTTP/1.1" 403 58
WARNING 2026-05-05 00:41:11,010 log 13172 18768 Forbidden: /api/staff/bookings/stats/
WARNING 2026-05-05 00:41:11,011 basehttp 13172 18768 "GET /api/staff/bookings/stats/ HTTP/1.1" 403 58
WARNING 2026-05-05 00:41:11,830 log 13172 3800 Forbidden: /api/staff/logs/
WARNING 2026-05-05 00:41:11,831 basehttp 13172 3800 "GET /api/staff/logs/?limit=10 HTTP/1.1" 403 58
WARNING 2026-05-05 00:41:11,833 log 13172 1488 Forbidden: /api/staff/bookings/
WARNING 2026-05-05 00:41:11,834 basehttp 13172 1488 "GET /api/staff/bookings/?limit=5&ordering=-created_at HTTP/1.1" 403 58
WARNING 2026-05-05 00:41:11,844 log 13172 18768 Forbidden: /api/staff/bookings/stats/
WARNING 2026-05-05 00:41:11,845 basehttp 13172 18768 "GET /api/staff/bookings/stats/ HTTP/1.1" 403 58
WARNING 2026-05-05 00:41:12,480 log 13172 1488 Forbidden: /api/staff/logs/
WARNING 2026-05-05 00:41:12,480 basehttp 13172 1488 "GET /api/staff/logs/?limit=10 HTTP/1.1" 403 58
WARNING 2026-05-05 00:41:12,484 log 13172 3800 Forbidden: /api/staff/bookings/
WARNING 2026-05-05 00:41:12,484 basehttp 13172 3800 "GET /api/staff/bookings/?limit=5&ordering=-created_at HTTP/1.1" 403 58
WARNING 2026-05-05 00:41:12,498 log 13172 18768 Forbidden: /api/staff/bookings/stats/
WARNING 2026-05-05 00:41:12,498 basehttp 13172 18768 "GET /api/staff/bookings/stats/ HTTP/1.1" 403 58
WARNING 2026-05-05 00:41:13,150 log 13172 1488 Forbidden: /api/staff/bookings/
WARNING 2026-05-05 00:41:13,151 log 13172 3800 Forbidden: /api/staff/logs/
WARNING 2026-05-05 00:41:13,152 basehttp 13172 1488 "GET /api/staff/bookings/?limit=5&ordering=-created_at HTTP/1.1" 403 58
WARNING 2026-05-05 00:41:13,152 basehttp 13172 3800 "GET /api/staff/logs/?limit=10 HTTP/1.1" 403 58
WARNING 2026-05-05 00:41:13,165 log 13172 18768 Forbidden: /api/staff/bookings/stats/
WARNING 2026-05-05 00:41:13,166 basehttp 13172 18768 "GET /api/staff/bookings/stats/ HTTP/1.1" 403 58
WARNING 2026-05-05 00:41:13,879 log 13172 1488 Forbidden: /api/staff/logs/
WARNING 2026-05-05 00:41:13,880 basehttp 13172 1488 "GET /api/staff/logs/?limit=10 HTTP/1.1" 403 58
WARNING 2026-05-05 00:41:13,882 log 13172 3800 Forbidden: /api/staff/bookings/
WARNING 2026-05-05 00:41:13,882 basehttp 13172 3800 "GET /api/staff/bookings/?limit=5&ordering=-created_at HTTP/1.1" 403 58
WARNING 2026-05-05 00:41:13,894 log 13172 18768 Forbidden: /api/staff/bookings/stats/
WARNING 2026-05-05 00:41:13,894 basehttp 13172 18768 "GET /api/staff/bookings/stats/ HTTP/1.1" 403 58
WARNING 2026-05-05 00:41:14,573 log 13172 1488 Forbidden: /api/staff/bookings/
WARNING 2026-05-05 00:41:14,574 basehttp 13172 1488 "GET /api/staff/bookings/?limit=5&ordering=-created_at HTTP/1.1" 403 58
WARNING 2026-05-05 00:41:14,575 log 13172 3800 Forbidden: /api/staff/logs/
WARNING 2026-05-05 00:41:14,576 basehttp 13172 3800 "GET /api/staff/logs/?limit=10 HTTP/1.1" 403 58
WARNING 2026-05-05 00:41:14,589 log 13172 18768 Forbidden: /api/staff/bookings/stats/
WARNING 2026-05-05 00:41:14,590 basehttp 13172 18768 "GET /api/staff/bookings/stats/ HTTP/1.1" 403 58
WARNING 2026-05-05 00:43:59,290 log 13172 1488 Forbidden: /api/staff/bookings/
WARNING 2026-05-05 00:43:59,291 basehttp 13172 1488 "GET /api/staff/bookings/?limit=5&ordering=-created_at HTTP/1.1" 403 58
WARNING 2026-05-05 00:43:59,293 log 13172 3800 Forbidden: /api/staff/logs/
WARNING 2026-05-05 00:43:59,295 basehttp 13172 3800 "GET /api/staff/logs/?limit=10 HTTP/1.1" 403 58
WARNING 2026-05-05 00:43:59,307 log 13172 18768 Forbidden: /api/staff/bookings/stats/
WARNING 2026-05-05 00:43:59,308 basehttp 13172 18768 "GET /api/staff/bookings/stats/ HTTP/1.1" 403 58
WARNING 2026-05-05 00:43:59,949 log 13172 1488 Forbidden: /api/staff/bookings/
WARNING 2026-05-05 00:43:59,950 basehttp 13172 1488 "GET /api/staff/bookings/?limit=5&ordering=-created_at HTTP/1.1" 403 58
WARNING 2026-05-05 00:43:59,952 log 13172 3800 Forbidden: /api/staff/logs/
WARNING 2026-05-05 00:43:59,953 basehttp 13172 3800 "GET /api/staff/logs/?limit=10 HTTP/1.1" 403 58
WARNING 2026-05-05 00:43:59,965 log 13172 18768 Forbidden: /api/staff/bookings/stats/
WARNING 2026-05-05 00:43:59,966 basehttp 13172 18768 "GET /api/staff/bookings/stats/ HTTP/1.1" 403 58
WARNING 2026-05-05 00:44:00,575 log 13172 1488 Forbidden: /api/staff/bookings/
WARNING 2026-05-05 00:44:00,577 basehttp 13172 1488 "GET /api/staff/bookings/?limit=5&ordering=-created_at HTTP/1.1" 403 58
WARNING 2026-05-05 00:44:00,578 log 13172 3800 Forbidden: /api/staff/logs/
WARNING 2026-05-05 00:44:00,579 basehttp 13172 3800 "GET /api/staff/logs/?limit=10 HTTP/1.1" 403 58
WARNING 2026-05-05 00:44:00,592 log 13172 18768 Forbidden: /api/staff/bookings/stats/
WARNING 2026-05-05 00:44:00,593 basehttp 13172 18768 "GET /api/staff/bookings/stats/ HTTP/1.1" 403 58
WARNING 2026-05-05 00:44:01,210 log 13172 1488 Forbidden: /api/staff/bookings/
WARNING 2026-05-05 00:44:01,211 basehttp 13172 1488 "GET /api/staff/bookings/?limit=5&ordering=-created_at HTTP/1.1" 403 58
WARNING 2026-05-05 00:44:01,214 log 13172 3800 Forbidden: /api/staff/logs/
WARNING 2026-05-05 00:44:01,215 basehttp 13172 3800 "GET /api/staff/logs/?limit=10 HTTP/1.1" 403 58
WARNING 2026-05-05 00:44:01,229 log 13172 18768 Forbidden: /api/staff/bookings/stats/
WARNING 2026-05-05 00:44:01,230 basehttp 13172 18768 "GET /api/staff/bookings/stats/ HTTP/1.1" 403 58
WARNING 2026-05-05 00:44:01,887 log 13172 1488 Forbidden: /api/staff/bookings/
WARNING 2026-05-05 00:44:01,888 log 13172 3800 Forbidden: /api/staff/logs/
WARNING 2026-05-05 00:44:01,889 basehttp 13172 3800 "GET /api/staff/logs/?limit=10 HTTP/1.1" 403 58
WARNING 2026-05-05 00:44:01,889 basehttp 13172 1488 "GET /api/staff/bookings/?limit=5&ordering=-created_at HTTP/1.1" 403 58
WARNING 2026-05-05 00:44:01,901 log 13172 18768 Forbidden: /api/staff/bookings/stats/
WARNING 2026-05-05 00:44:01,910 basehttp 13172 18768 "GET /api/staff/bookings/stats/ HTTP/1.1" 403 58
WARNING 2026-05-05 00:44:02,482 log 13172 3800 Forbidden: /api/staff/logs/
WARNING 2026-05-05 00:44:02,483 log 13172 1488 Forbidden: /api/staff/bookings/
WARNING 2026-05-05 00:44:02,484 basehttp 13172 1488 "GET /api/staff/bookings/?limit=5&ordering=-created_at HTTP/1.1" 403 58
WARNING 2026-05-05 00:44:02,485 basehttp 13172 3800 "GET /api/staff/logs/?limit=10 HTTP/1.1" 403 58
WARNING 2026-05-05 00:44:02,495 log 13172 18768 Forbidden: /api/staff/bookings/stats/
WARNING 2026-05-05 00:44:02,497 basehttp 13172 18768 "GET /api/staff/bookings/stats/ HTTP/1.1" 403 58
WARNING 2026-05-05 00:44:03,102 log 13172 1488 Forbidden: /api/staff/bookings/
WARNING 2026-05-05 00:44:03,103 basehttp 13172 1488 "GET /api/staff/bookings/?limit=5&ordering=-created_at HTTP/1.1" 403 58
WARNING 2026-05-05 00:44:03,104 log 13172 3800 Forbidden: /api/staff/logs/
WARNING 2026-05-05 00:44:03,105 basehttp 13172 3800 "GET /api/staff/logs/?limit=10 HTTP/1.1" 403 58
WARNING 2026-05-05 00:44:03,119 log 13172 18768 Forbidden: /api/staff/bookings/stats/
WARNING 2026-05-05 00:44:03,119 basehttp 13172 18768 "GET /api/staff/bookings/stats/ HTTP/1.1" 403 58
WARNING 2026-05-05 00:44:03,721 log 13172 1488 Forbidden: /api/staff/bookings/
WARNING 2026-05-05 00:44:03,722 log 13172 3800 Forbidden: /api/staff/logs/
WARNING 2026-05-05 00:44:03,723 basehttp 13172 1488 "GET /api/staff/bookings/?limit=5&ordering=-created_at HTTP/1.1" 403 58
WARNING 2026-05-05 00:44:03,724 basehttp 13172 3800 "GET /api/staff/logs/?limit=10 HTTP/1.1" 403 58
WARNING 2026-05-05 00:44:03,736 log 13172 18768 Forbidden: /api/staff/bookings/stats/
WARNING 2026-05-05 00:44:03,737 basehttp 13172 18768 "GET /api/staff/bookings/stats/ HTTP/1.1" 403 58
WARNING 2026-05-05 00:44:04,331 log 13172 3800 Forbidden: /api/staff/logs/
WARNING 2026-05-05 00:44:04,332 log 13172 1488 Forbidden: /api/staff/bookings/
WARNING 2026-05-05 00:44:04,333 basehttp 13172 3800 "GET /api/staff/logs/?limit=10 HTTP/1.1" 403 58
WARNING 2026-05-05 00:44:04,333 basehttp 13172 1488 "GET /api/staff/bookings/?limit=5&ordering=-created_at HTTP/1.1" 403 58
WARNING 2026-05-05 00:44:04,345 log 13172 18768 Forbidden: /api/staff/bookings/stats/
WARNING 2026-05-05 00:44:04,346 basehttp 13172 18768 "GET /api/staff/bookings/stats/ HTTP/1.1" 403 58
WARNING 2026-05-05 00:44:04,950 log 13172 1488 Forbidden: /api/staff/logs/
WARNING 2026-05-05 00:44:04,951 log 13172 3800 Forbidden: /api/staff/bookings/
WARNING 2026-05-05 00:44:04,952 basehttp 13172 1488 "GET /api/staff/logs/?limit=10 HTTP/1.1" 403 58
WARNING 2026-05-05 00:44:04,952 basehttp 13172 3800 "GET /api/staff/bookings/?limit=5&ordering=-created_at HTTP/1.1" 403 58
WARNING 2026-05-05 00:44:04,966 log 13172 18768 Forbidden: /api/staff/bookings/stats/
WARNING 2026-05-05 00:44:04,967 basehttp 13172 18768 "GET /api/staff/bookings/stats/ HTTP/1.1" 403 58
WARNING 2026-05-05 00:44:05,577 log 13172 1488 Forbidden: /api/staff/bookings/
WARNING 2026-05-05 00:44:05,578 log 13172 3800 Forbidden: /api/staff/logs/
WARNING 2026-05-05 00:44:05,579 basehttp 13172 1488 "GET /api/staff/bookings/?limit=5&ordering=-created_at HTTP/1.1" 403 58
WARNING 2026-05-05 00:44:05,580 basehttp 13172 3800 "GET /api/staff/logs/?limit=10 HTTP/1.1" 403 58
WARNING 2026-05-05 00:44:05,590 log 13172 18768 Forbidden: /api/staff/bookings/stats/
WARNING 2026-05-05 00:44:05,591 basehttp 13172 18768 "GET /api/staff/bookings/stats/ HTTP/1.1" 403 58
WARNING 2026-05-05 00:44:06,276 log 13172 1488 Forbidden: /api/staff/bookings/
WARNING 2026-05-05 00:44:06,277 basehttp 13172 1488 "GET /api/staff/bookings/?limit=5&ordering=-created_at HTTP/1.1" 403 58
WARNING 2026-05-05 00:44:06,279 log 13172 3800 Forbidden: /api/staff/logs/
WARNING 2026-05-05 00:44:06,280 basehttp 13172 3800 "GET /api/staff/logs/?limit=10 HTTP/1.1" 403 58
WARNING 2026-05-05 00:44:06,291 log 13172 18768 Forbidden: /api/staff/bookings/stats/
WARNING 2026-05-05 00:44:06,292 basehttp 13172 18768 "GET /api/staff/bookings/stats/ HTTP/1.1" 403 58
WARNING 2026-05-05 00:44:06,941 log 13172 1488 Forbidden: /api/staff/bookings/
WARNING 2026-05-05 00:44:06,942 basehttp 13172 1488 "GET /api/staff/bookings/?limit=5&ordering=-created_at HTTP/1.1" 403 58
WARNING 2026-05-05 00:44:06,944 log 13172 3800 Forbidden: /api/staff/logs/
WARNING 2026-05-05 00:44:06,944 basehttp 13172 3800 "GET /api/staff/logs/?limit=10 HTTP/1.1" 403 58
WARNING 2026-05-05 00:44:06,958 log 13172 18768 Forbidden: /api/staff/bookings/stats/
WARNING 2026-05-05 00:44:06,959 basehttp 13172 18768 "GET /api/staff/bookings/stats/ HTTP/1.1" 403 58
WARNING 2026-05-05 00:44:07,617 log 13172 1488 Forbidden: /api/staff/bookings/
WARNING 2026-05-05 00:44:07,618 log 13172 3800 Forbidden: /api/staff/logs/
WARNING 2026-05-05 00:44:07,619 basehttp 13172 1488 "GET /api/staff/bookings/?limit=5&ordering=-created_at HTTP/1.1" 403 58
WARNING 2026-05-05 00:44:07,620 basehttp 13172 3800 "GET /api/staff/logs/?limit=10 HTTP/1.1" 403 58
WARNING 2026-05-05 00:44:07,632 log 13172 18768 Forbidden: /api/staff/bookings/stats/
WARNING 2026-05-05 00:44:07,633 basehttp 13172 18768 "GET /api/staff/bookings/stats/ HTTP/1.1" 403 58
WARNING 2026-05-05 00:44:08,222 log 13172 1488 Forbidden: /api/staff/bookings/
WARNING 2026-05-05 00:44:08,222 basehttp 13172 1488 "GET /api/staff/bookings/?limit=5&ordering=-created_at HTTP/1.1" 403 58
WARNING 2026-05-05 00:44:08,224 log 13172 3800 Forbidden: /api/staff/logs/
WARNING 2026-05-05 00:44:08,225 basehttp 13172 3800 "GET /api/staff/logs/?limit=10 HTTP/1.1" 403 58
WARNING 2026-05-05 00:44:08,238 log 13172 18768 Forbidden: /api/staff/bookings/stats/
WARNING 2026-05-05 00:44:08,239 basehttp 13172 18768 "GET /api/staff/bookings/stats/ HTTP/1.1" 403 58
WARNING 2026-05-05 00:44:08,845 log 13172 3800 Forbidden: /api/staff/logs/
WARNING 2026-05-05 00:44:08,846 basehttp 13172 3800 "GET /api/staff/logs/?limit=10 HTTP/1.1" 403 58
WARNING 2026-05-05 00:44:08,853 log 13172 1488 Forbidden: /api/staff/bookings/
WARNING 2026-05-05 00:44:08,854 basehttp 13172 1488 "GET /api/staff/bookings/?limit=5&ordering=-created_at HTTP/1.1" 403 58
WARNING 2026-05-05 00:44:08,859 log 13172 18768 Forbidden: /api/staff/bookings/stats/
WARNING 2026-05-05 00:44:08,860 basehttp 13172 18768 "GET /api/staff/bookings/stats/ HTTP/1.1" 403 58
WARNING 2026-05-05 00:44:09,458 log 13172 1488 Forbidden: /api/staff/logs/
WARNING 2026-05-05 00:44:09,459 basehttp 13172 1488 "GET /api/staff/logs/?limit=10 HTTP/1.1" 403 58
WARNING 2026-05-05 00:44:09,460 log 13172 3800 Forbidden: /api/staff/bookings/
WARNING 2026-05-05 00:44:09,461 basehttp 13172 3800 "GET /api/staff/bookings/?limit=5&ordering=-created_at HTTP/1.1" 403 58
WARNING 2026-05-05 00:44:09,475 log 13172 18768 Forbidden: /api/staff/bookings/stats/
WARNING 2026-05-05 00:44:09,476 basehttp 13172 18768 "GET /api/staff/bookings/stats/ HTTP/1.1" 403 58
WARNING 2026-05-05 00:44:10,102 log 13172 1488 Forbidden: /api/staff/bookings/
WARNING 2026-05-05 00:44:10,103 basehttp 13172 1488 "GET /api/staff/bookings/?limit=5&ordering=-created_at HTTP/1.1" 403 58
WARNING 2026-05-05 00:44:10,105 log 13172 3800 Forbidden: /api/staff/logs/
WARNING 2026-05-05 00:44:10,105 basehttp 13172 3800 "GET /api/staff/logs/?limit=10 HTTP/1.1" 403 58
WARNING 2026-05-05 00:44:10,121 log 13172 18768 Forbidden: /api/staff/bookings/stats/
WARNING 2026-05-05 00:44:10,121 basehttp 13172 18768 "GET /api/staff/bookings/stats/ HTTP/1.1" 403 58
WARNING 2026-05-05 00:44:10,714 log 13172 1488 Forbidden: /api/staff/bookings/
WARNING 2026-05-05 00:44:10,715 basehttp 13172 1488 "GET /api/staff/bookings/?limit=5&ordering=-created_at HTTP/1.1" 403 58
WARNING 2026-05-05 00:44:10,719 log 13172 3800 Forbidden: /api/staff/logs/
WARNING 2026-05-05 00:44:10,720 basehttp 13172 3800 "GET /api/staff/logs/?limit=10 HTTP/1.1" 403 58
WARNING 2026-05-05 00:44:10,731 log 13172 18768 Forbidden: /api/staff/bookings/stats/
WARNING 2026-05-05 00:44:10,732 basehttp 13172 18768 "GET /api/staff/bookings/stats/ HTTP/1.1" 403 58
WARNING 2026-05-05 00:44:11,342 log 13172 3800 Forbidden: /api/staff/logs/
WARNING 2026-05-05 00:44:11,344 log 13172 1488 Forbidden: /api/staff/bookings/
WARNING 2026-05-05 00:44:11,345 basehttp 13172 1488 "GET /api/staff/bookings/?limit=5&ordering=-created_at HTTP/1.1" 403 58
WARNING 2026-05-05 00:44:11,345 basehttp 13172 3800 "GET /api/staff/logs/?limit=10 HTTP/1.1" 403 58
WARNING 2026-05-05 00:44:11,356 log 13172 18768 Forbidden: /api/staff/bookings/stats/
WARNING 2026-05-05 00:44:11,358 basehttp 13172 18768 "GET /api/staff/bookings/stats/ HTTP/1.1" 403 58
WARNING 2026-05-05 00:44:11,957 log 13172 1488 Forbidden: /api/staff/logs/
WARNING 2026-05-05 00:44:11,958 log 13172 3800 Forbidden: /api/staff/bookings/
WARNING 2026-05-05 00:44:11,959 basehttp 13172 1488 "GET /api/staff/logs/?limit=10 HTTP/1.1" 403 58
WARNING 2026-05-05 00:44:11,960 basehttp 13172 3800 "GET /api/staff/bookings/?limit=5&ordering=-created_at HTTP/1.1" 403 58
WARNING 2026-05-05 00:44:11,972 log 13172 18768 Forbidden: /api/staff/bookings/stats/
WARNING 2026-05-05 00:44:11,973 basehttp 13172 18768 "GET /api/staff/bookings/stats/ HTTP/1.1" 403 58
WARNING 2026-05-05 00:44:12,599 log 13172 1488 Forbidden: /api/staff/bookings/
WARNING 2026-05-05 00:44:12,600 basehttp 13172 1488 "GET /api/staff/bookings/?limit=5&ordering=-created_at HTTP/1.1" 403 58
WARNING 2026-05-05 00:44:12,603 log 13172 3800 Forbidden: /api/staff/logs/
WARNING 2026-05-05 00:44:12,603 basehttp 13172 3800 "GET /api/staff/logs/?limit=10 HTTP/1.1" 403 58
WARNING 2026-05-05 00:44:12,616 log 13172 18768 Forbidden: /api/staff/bookings/stats/
WARNING 2026-05-05 00:44:12,617 basehttp 13172 18768 "GET /api/staff/bookings/stats/ HTTP/1.1" 403 58
WARNING 2026-05-05 00:44:13,239 log 13172 1488 Forbidden: /api/staff/bookings/
WARNING 2026-05-05 00:44:13,240 basehttp 13172 1488 "GET /api/staff/bookings/?limit=5&ordering=-created_at HTTP/1.1" 403 58
WARNING 2026-05-05 00:44:13,242 log 13172 3800 Forbidden: /api/staff/logs/
WARNING 2026-05-05 00:44:13,242 basehttp 13172 3800 "GET /api/staff/logs/?limit=10 HTTP/1.1" 403 58
WARNING 2026-05-05 00:44:13,256 log 13172 18768 Forbidden: /api/staff/bookings/stats/
WARNING 2026-05-05 00:44:13,257 basehttp 13172 18768 "GET /api/staff/bookings/stats/ HTTP/1.1" 403 58
WARNING 2026-05-05 00:44:14,002 log 13172 1488 Forbidden: /api/staff/bookings/
WARNING 2026-05-05 00:44:14,003 log 13172 3800 Forbidden: /api/staff/logs/
WARNING 2026-05-05 00:44:14,005 basehttp 13172 3800 "GET /api/staff/logs/?limit=10 HTTP/1.1" 403 58
WARNING 2026-05-05 00:44:14,005 basehttp 13172 1488 "GET /api/staff/bookings/?limit=5&ordering=-created_at HTTP/1.1" 403 58
WARNING 2026-05-05 00:44:14,018 log 13172 18768 Forbidden: /api/staff/bookings/stats/
WARNING 2026-05-05 00:44:14,019 basehttp 13172 18768 "GET /api/staff/bookings/stats/ HTTP/1.1" 403 58
WARNING 2026-05-05 00:44:14,679 log 13172 1488 Forbidden: /api/staff/bookings/
WARNING 2026-05-05 00:44:14,680 basehttp 13172 1488 "GET /api/staff/bookings/?limit=5&ordering=-created_at HTTP/1.1" 403 58
WARNING 2026-05-05 00:44:14,681 log 13172 3800 Forbidden: /api/staff/logs/
WARNING 2026-05-05 00:44:14,682 basehttp 13172 3800 "GET /api/staff/logs/?limit=10 HTTP/1.1" 403 58
WARNING 2026-05-05 00:44:14,696 log 13172 18768 Forbidden: /api/staff/bookings/stats/
WARNING 2026-05-05 00:44:14,697 basehttp 13172 18768 "GET /api/staff/bookings/stats/ HTTP/1.1" 403 58
WARNING 2026-05-05 00:44:15,344 log 13172 1488 Forbidden: /api/staff/bookings/
WARNING 2026-05-05 00:44:15,346 log 13172 3800 Forbidden: /api/staff/logs/
WARNING 2026-05-05 00:44:15,346 basehttp 13172 1488 "GET /api/staff/bookings/?limit=5&ordering=-created_at HTTP/1.1" 403 58
WARNING 2026-05-05 00:44:15,347 basehttp 13172 3800 "GET /api/staff/logs/?limit=10 HTTP/1.1" 403 58
WARNING 2026-05-05 00:44:15,359 log 13172 18768 Forbidden: /api/staff/bookings/stats/
WARNING 2026-05-05 00:44:15,360 basehttp 13172 18768 "GET /api/staff/bookings/stats/ HTTP/1.1" 403 58
WARNING 2026-05-05 00:44:16,079 log 13172 1488 Forbidden: /api/staff/bookings/
WARNING 2026-05-05 00:44:16,080 basehttp 13172 1488 "GET /api/staff/bookings/?limit=5&ordering=-created_at HTTP/1.1" 403 58
WARNING 2026-05-05 00:44:16,082 log 13172 3800 Forbidden: /api/staff/logs/
WARNING 2026-05-05 00:44:16,083 basehttp 13172 3800 "GET /api/staff/logs/?limit=10 HTTP/1.1" 403 58
WARNING 2026-05-05 00:44:16,096 log 13172 18768 Forbidden: /api/staff/bookings/stats/
WARNING 2026-05-05 00:44:16,097 basehttp 13172 18768 "GET /api/staff/bookings/stats/ HTTP/1.1" 403 58
WARNING 2026-05-05 00:44:16,827 log 13172 18768 Forbidden: /api/staff/bookings/stats/
WARNING 2026-05-05 00:44:16,829 log 13172 1488 Forbidden: /api/staff/bookings/
WARNING 2026-05-05 00:44:16,828 log 13172 3800 Forbidden: /api/staff/logs/
WARNING 2026-05-05 00:44:16,830 basehttp 13172 18768 "GET /api/staff/bookings/stats/ HTTP/1.1" 403 58
WARNING 2026-05-05 00:44:16,831 basehttp 13172 1488 "GET /api/staff/bookings/?limit=5&ordering=-created_at HTTP/1.1" 403 58
WARNING 2026-05-05 00:44:16,832 basehttp 13172 3800 "GET /api/staff/logs/?limit=10 HTTP/1.1" 403 58
WARNING 2026-05-05 00:44:17,533 log 13172 1488 Forbidden: /api/staff/logs/
WARNING 2026-05-05 00:44:17,534 basehttp 13172 1488 "GET /api/staff/logs/?limit=10 HTTP/1.1" 403 58
WARNING 2026-05-05 00:44:17,536 log 13172 3800 Forbidden: /api/staff/bookings/stats/
WARNING 2026-05-05 00:44:17,537 basehttp 13172 3800 "GET /api/staff/bookings/stats/ HTTP/1.1" 403 58
WARNING 2026-05-05 00:44:17,550 log 13172 18768 Forbidden: /api/staff/bookings/
WARNING 2026-05-05 00:44:17,551 basehttp 13172 18768 "GET /api/staff/bookings/?limit=5&ordering=-created_at HTTP/1.1" 403 58
WARNING 2026-05-05 00:44:18,423 log 13172 18768 Forbidden: /api/staff/bookings/stats/
WARNING 2026-05-05 00:44:18,424 log 13172 3800 Forbidden: /api/staff/logs/
WARNING 2026-05-05 00:44:18,425 log 13172 1488 Forbidden: /api/staff/bookings/
WARNING 2026-05-05 00:44:18,427 basehttp 13172 3800 "GET /api/staff/logs/?limit=10 HTTP/1.1" 403 58
WARNING 2026-05-05 00:44:18,428 basehttp 13172 1488 "GET /api/staff/bookings/?limit=5&ordering=-created_at HTTP/1.1" 403 58
WARNING 2026-05-05 00:44:18,428 basehttp 13172 18768 "GET /api/staff/bookings/stats/ HTTP/1.1" 403 58
WARNING 2026-05-05 00:44:19,217 log 13172 1488 Forbidden: /api/staff/bookings/stats/
WARNING 2026-05-05 00:44:19,219 basehttp 13172 1488 "GET /api/staff/bookings/stats/ HTTP/1.1" 403 58
WARNING 2026-05-05 00:44:19,220 log 13172 3800 Forbidden: /api/staff/logs/
WARNING 2026-05-05 00:44:19,221 basehttp 13172 3800 "GET /api/staff/logs/?limit=10 HTTP/1.1" 403 58
WARNING 2026-05-05 00:44:19,234 log 13172 18768 Forbidden: /api/staff/bookings/
WARNING 2026-05-05 00:44:19,235 basehttp 13172 18768 "GET /api/staff/bookings/?limit=5&ordering=-created_at HTTP/1.1" 403 58
WARNING 2026-05-05 00:44:19,849 log 13172 1488 Forbidden: /api/staff/bookings/
WARNING 2026-05-05 00:44:19,849 basehttp 13172 1488 "GET /api/staff/bookings/?limit=5&ordering=-created_at HTTP/1.1" 403 58
WARNING 2026-05-05 00:44:19,852 log 13172 3800 Forbidden: /api/staff/logs/
WARNING 2026-05-05 00:44:19,853 basehttp 13172 3800 "GET /api/staff/logs/?limit=10 HTTP/1.1" 403 58
WARNING 2026-05-05 00:44:19,866 log 13172 18768 Forbidden: /api/staff/bookings/stats/
WARNING 2026-05-05 00:44:19,867 basehttp 13172 18768 "GET /api/staff/bookings/stats/ HTTP/1.1" 403 58
WARNING 2026-05-05 00:44:20,474 log 13172 1488 Forbidden: /api/staff/bookings/
WARNING 2026-05-05 00:44:20,474 log 13172 3800 Forbidden: /api/staff/logs/
WARNING 2026-05-05 00:44:20,475 basehttp 13172 1488 "GET /api/staff/bookings/?limit=5&ordering=-created_at HTTP/1.1" 403 58
WARNING 2026-05-05 00:44:20,475 basehttp 13172 3800 "GET /api/staff/logs/?limit=10 HTTP/1.1" 403 58
WARNING 2026-05-05 00:44:20,487 log 13172 18768 Forbidden: /api/staff/bookings/stats/
WARNING 2026-05-05 00:44:20,488 basehttp 13172 18768 "GET /api/staff/bookings/stats/ HTTP/1.1" 403 58
WARNING 2026-05-05 00:44:21,103 log 13172 1488 Forbidden: /api/staff/bookings/
WARNING 2026-05-05 00:44:21,104 log 13172 3800 Forbidden: /api/staff/logs/
WARNING 2026-05-05 00:44:21,105 basehttp 13172 1488 "GET /api/staff/bookings/?limit=5&ordering=-created_at HTTP/1.1" 403 58
WARNING 2026-05-05 00:44:21,106 basehttp 13172 3800 "GET /api/staff/logs/?limit=10 HTTP/1.1" 403 58
WARNING 2026-05-05 00:44:21,116 log 13172 18768 Forbidden: /api/staff/bookings/stats/
WARNING 2026-05-05 00:44:21,117 basehttp 13172 18768 "GET /api/staff/bookings/stats/ HTTP/1.1" 403 58
WARNING 2026-05-05 00:44:21,802 log 13172 1488 Forbidden: /api/staff/bookings/
WARNING 2026-05-05 00:44:21,803 basehttp 13172 1488 "GET /api/staff/bookings/?limit=5&ordering=-created_at HTTP/1.1" 403 58
WARNING 2026-05-05 00:44:21,804 log 13172 3800 Forbidden: /api/staff/logs/
WARNING 2026-05-05 00:44:21,805 basehttp 13172 3800 "GET /api/staff/logs/?limit=10 HTTP/1.1" 403 58
WARNING 2026-05-05 00:44:21,818 log 13172 18768 Forbidden: /api/staff/bookings/stats/
WARNING 2026-05-05 00:44:21,819 basehttp 13172 18768 "GET /api/staff/bookings/stats/ HTTP/1.1" 403 58
WARNING 2026-05-05 00:44:22,514 log 13172 1488 Forbidden: /api/staff/bookings/
WARNING 2026-05-05 00:44:22,515 basehttp 13172 1488 "GET /api/staff/bookings/?limit=5&ordering=-created_at HTTP/1.1" 403 58
WARNING 2026-05-05 00:44:22,517 log 13172 3800 Forbidden: /api/staff/logs/
WARNING 2026-05-05 00:44:22,518 basehttp 13172 3800 "GET /api/staff/logs/?limit=10 HTTP/1.1" 403 58
WARNING 2026-05-05 00:44:22,536 log 13172 18768 Forbidden: /api/staff/bookings/stats/
WARNING 2026-05-05 00:44:22,537 basehttp 13172 18768 "GET /api/staff/bookings/stats/ HTTP/1.1" 403 58
WARNING 2026-05-05 00:44:23,169 log 13172 1488 Forbidden: /api/staff/bookings/
WARNING 2026-05-05 00:44:23,170 basehttp 13172 1488 "GET /api/staff/bookings/?limit=5&ordering=-created_at HTTP/1.1" 403 58
WARNING 2026-05-05 00:44:23,172 log 13172 3800 Forbidden: /api/staff/logs/
WARNING 2026-05-05 00:44:23,173 basehttp 13172 3800 "GET /api/staff/logs/?limit=10 HTTP/1.1" 403 58
WARNING 2026-05-05 00:44:23,186 log 13172 18768 Forbidden: /api/staff/bookings/stats/
WARNING 2026-05-05 00:44:23,187 basehttp 13172 18768 "GET /api/staff/bookings/stats/ HTTP/1.1" 403 58
WARNING 2026-05-05 00:44:23,860 log 13172 3800 Forbidden: /api/staff/logs/
WARNING 2026-05-05 00:44:23,862 log 13172 1488 Forbidden: /api/staff/bookings/
WARNING 2026-05-05 00:44:23,863 basehttp 13172 1488 "GET /api/staff/bookings/?limit=5&ordering=-created_at HTTP/1.1" 403 58
WARNING 2026-05-05 00:44:23,863 basehttp 13172 3800 "GET /api/staff/logs/?limit=10 HTTP/1.1" 403 58
WARNING 2026-05-05 00:44:23,874 log 13172 18768 Forbidden: /api/staff/bookings/stats/
WARNING 2026-05-05 00:44:23,875 basehttp 13172 18768 "GET /api/staff/bookings/stats/ HTTP/1.1" 403 58
WARNING 2026-05-05 00:44:24,481 log 13172 1488 Forbidden: /api/staff/logs/
WARNING 2026-05-05 00:44:24,482 basehttp 13172 1488 "GET /api/staff/logs/?limit=10 HTTP/1.1" 403 58
WARNING 2026-05-05 00:44:24,484 log 13172 3800 Forbidden: /api/staff/bookings/
WARNING 2026-05-05 00:44:24,485 basehttp 13172 3800 "GET /api/staff/bookings/?limit=5&ordering=-created_at HTTP/1.1" 403 58
WARNING 2026-05-05 00:44:24,499 log 13172 18768 Forbidden: /api/staff/bookings/stats/
WARNING 2026-05-05 00:44:24,500 basehttp 13172 18768 "GET /api/staff/bookings/stats/ HTTP/1.1" 403 58
WARNING 2026-05-05 00:44:25,095 log 13172 1488 Forbidden: /api/staff/bookings/
WARNING 2026-05-05 00:44:25,096 log 13172 3800 Forbidden: /api/staff/logs/
WARNING 2026-05-05 00:44:25,097 basehttp 13172 1488 "GET /api/staff/bookings/?limit=5&ordering=-created_at HTTP/1.1" 403 58
WARNING 2026-05-05 00:44:25,098 basehttp 13172 3800 "GET /api/staff/logs/?limit=10 HTTP/1.1" 403 58
WARNING 2026-05-05 00:44:25,115 log 13172 18768 Forbidden: /api/staff/bookings/stats/
WARNING 2026-05-05 00:44:25,116 basehttp 13172 18768 "GET /api/staff/bookings/stats/ HTTP/1.1" 403 58
WARNING 2026-05-05 00:44:25,781 log 13172 1488 Forbidden: /api/staff/bookings/
WARNING 2026-05-05 00:44:25,782 basehttp 13172 1488 "GET /api/staff/bookings/?limit=5&ordering=-created_at HTTP/1.1" 403 58
WARNING 2026-05-05 00:44:25,784 log 13172 3800 Forbidden: /api/staff/logs/
WARNING 2026-05-05 00:44:25,785 basehttp 13172 3800 "GET /api/staff/logs/?limit=10 HTTP/1.1" 403 58
WARNING 2026-05-05 00:44:25,799 log 13172 18768 Forbidden: /api/staff/bookings/stats/
WARNING 2026-05-05 00:44:25,800 basehttp 13172 18768 "GET /api/staff/bookings/stats/ HTTP/1.1" 403 58
WARNING 2026-05-05 00:44:26,482 log 13172 1488 Forbidden: /api/staff/bookings/
WARNING 2026-05-05 00:44:26,483 basehttp 13172 1488 "GET /api/staff/bookings/?limit=5&ordering=-created_at HTTP/1.1" 403 58
WARNING 2026-05-05 00:44:26,485 log 13172 3800 Forbidden: /api/staff/logs/
WARNING 2026-05-05 00:44:26,486 basehttp 13172 3800 "GET /api/staff/logs/?limit=10 HTTP/1.1" 403 58
WARNING 2026-05-05 00:44:26,504 log 13172 18768 Forbidden: /api/staff/bookings/stats/
WARNING 2026-05-05 00:44:26,505 basehttp 13172 18768 "GET /api/staff/bookings/stats/ HTTP/1.1" 403 58
WARNING 2026-05-05 00:44:27,164 log 13172 1488 Forbidden: /api/staff/bookings/
WARNING 2026-05-05 00:44:27,165 basehttp 13172 1488 "GET /api/staff/bookings/?limit=5&ordering=-created_at HTTP/1.1" 403 58
WARNING 2026-05-05 00:44:27,167 log 13172 3800 Forbidden: /api/staff/logs/
WARNING 2026-05-05 00:44:27,168 basehttp 13172 3800 "GET /api/staff/logs/?limit=10 HTTP/1.1" 403 58
WARNING 2026-05-05 00:44:27,183 log 13172 18768 Forbidden: /api/staff/bookings/stats/
WARNING 2026-05-05 00:44:27,184 basehttp 13172 18768 "GET /api/staff/bookings/stats/ HTTP/1.1" 403 58
WARNING 2026-05-05 00:44:27,891 log 13172 1488 Forbidden: /api/staff/bookings/
WARNING 2026-05-05 00:44:27,892 basehttp 13172 1488 "GET /api/staff/bookings/?limit=5&ordering=-created_at HTTP/1.1" 403 58
WARNING 2026-05-05 00:44:27,894 log 13172 3800 Forbidden: /api/staff/logs/
WARNING 2026-05-05 00:44:27,895 basehttp 13172 3800 "GET /api/staff/logs/?limit=10 HTTP/1.1" 403 58
WARNING 2026-05-05 00:44:27,908 log 13172 18768 Forbidden: /api/staff/bookings/stats/
WARNING 2026-05-05 00:44:27,908 basehttp 13172 18768 "GET /api/staff/bookings/stats/ HTTP/1.1" 403 58
WARNING 2026-05-05 00:44:28,582 log 13172 1488 Forbidden: /api/staff/bookings/
WARNING 2026-05-05 00:44:28,583 log 13172 3800 Forbidden: /api/staff/logs/
WARNING 2026-05-05 00:44:28,584 basehttp 13172 1488 "GET /api/staff/bookings/?limit=5&ordering=-created_at HTTP/1.1" 403 58
WARNING 2026-05-05 00:44:28,585 basehttp 13172 3800 "GET /api/staff/logs/?limit=10 HTTP/1.1" 403 58
WARNING 2026-05-05 00:44:28,595 log 13172 18768 Forbidden: /api/staff/bookings/stats/
WARNING 2026-05-05 00:44:28,596 basehttp 13172 18768 "GET /api/staff/bookings/stats/ HTTP/1.1" 403 58
WARNING 2026-05-05 00:44:29,265 log 13172 1488 Forbidden: /api/staff/bookings/
WARNING 2026-05-05 00:44:29,267 log 13172 3800 Forbidden: /api/staff/logs/
WARNING 2026-05-05 00:44:29,267 basehttp 13172 1488 "GET /api/staff/bookings/?limit=5&ordering=-created_at HTTP/1.1" 403 58
WARNING 2026-05-05 00:44:29,268 basehttp 13172 3800 "GET /api/staff/logs/?limit=10 HTTP/1.1" 403 58
WARNING 2026-05-05 00:44:29,281 log 13172 18768 Forbidden: /api/staff/bookings/stats/
WARNING 2026-05-05 00:44:29,283 basehttp 13172 18768 "GET /api/staff/bookings/stats/ HTTP/1.1" 403 58
WARNING 2026-05-05 00:44:30,040 log 13172 1488 Forbidden: /api/staff/bookings/
WARNING 2026-05-05 00:44:30,041 basehttp 13172 1488 "GET /api/staff/bookings/?limit=5&ordering=-created_at HTTP/1.1" 403 58
WARNING 2026-05-05 00:44:30,043 log 13172 3800 Forbidden: /api/staff/logs/
WARNING 2026-05-05 00:44:30,043 basehttp 13172 3800 "GET /api/staff/logs/?limit=10 HTTP/1.1" 403 58
WARNING 2026-05-05 00:44:30,056 log 13172 18768 Forbidden: /api/staff/bookings/stats/
WARNING 2026-05-05 00:44:30,057 basehttp 13172 18768 "GET /api/staff/bookings/stats/ HTTP/1.1" 403 58
WARNING 2026-05-05 00:44:30,779 log 13172 1488 Forbidden: /api/staff/bookings/
WARNING 2026-05-05 00:44:30,780 basehttp 13172 1488 "GET /api/staff/bookings/?limit=5&ordering=-created_at HTTP/1.1" 403 58
WARNING 2026-05-05 00:44:30,783 log 13172 3800 Forbidden: /api/staff/logs/
WARNING 2026-05-05 00:44:30,784 basehttp 13172 3800 "GET /api/staff/logs/?limit=10 HTTP/1.1" 403 58
WARNING 2026-05-05 00:44:30,797 log 13172 18768 Forbidden: /api/staff/bookings/stats/
WARNING 2026-05-05 00:44:30,798 basehttp 13172 18768 "GET /api/staff/bookings/stats/ HTTP/1.1" 403 58
WARNING 2026-05-05 00:44:31,653 log 13172 1488 Forbidden: /api/staff/bookings/
WARNING 2026-05-05 00:44:31,654 basehttp 13172 1488 "GET /api/staff/bookings/?limit=5&ordering=-created_at HTTP/1.1" 403 58
WARNING 2026-05-05 00:44:31,656 log 13172 3800 Forbidden: /api/staff/logs/
WARNING 2026-05-05 00:44:31,657 basehttp 13172 3800 "GET /api/staff/logs/?limit=10 HTTP/1.1" 403 58
WARNING 2026-05-05 00:44:31,671 log 13172 18768 Forbidden: /api/staff/bookings/stats/
WARNING 2026-05-05 00:44:31,671 basehttp 13172 18768 "GET /api/staff/bookings/stats/ HTTP/1.1" 403 58
WARNING 2026-05-05 00:44:32,498 log 13172 1488 Forbidden: /api/staff/bookings/
WARNING 2026-05-05 00:44:32,499 basehttp 13172 1488 "GET /api/staff/bookings/?limit=5&ordering=-created_at HTTP/1.1" 403 58
WARNING 2026-05-05 00:44:32,502 log 13172 3800 Forbidden: /api/staff/logs/
WARNING 2026-05-05 00:44:32,502 basehttp 13172 3800 "GET /api/staff/logs/?limit=10 HTTP/1.1" 403 58
WARNING 2026-05-05 00:44:32,516 log 13172 18768 Forbidden: /api/staff/bookings/stats/
WARNING 2026-05-05 00:44:32,517 basehttp 13172 18768 "GET /api/staff/bookings/stats/ HTTP/1.1" 403 58
WARNING 2026-05-05 00:44:33,324 log 13172 1488 Forbidden: /api/staff/bookings/
WARNING 2026-05-05 00:44:33,325 basehttp 13172 1488 "GET /api/staff/bookings/?limit=5&ordering=-created_at HTTP/1.1" 403 58
WARNING 2026-05-05 00:44:33,329 log 13172 3800 Forbidden: /api/staff/logs/
WARNING 2026-05-05 00:44:33,330 basehttp 13172 3800 "GET /api/staff/logs/?limit=10 HTTP/1.1" 403 58
WARNING 2026-05-05 00:44:33,342 log 13172 18768 Forbidden: /api/staff/bookings/stats/
WARNING 2026-05-05 00:44:33,343 basehttp 13172 18768 "GET /api/staff/bookings/stats/ HTTP/1.1" 403 58
WARNING 2026-05-05 00:44:34,155 log 13172 3800 Forbidden: /api/staff/logs/
WARNING 2026-05-05 00:44:34,155 log 13172 1488 Forbidden: /api/staff/bookings/
WARNING 2026-05-05 00:44:34,157 basehttp 13172 3800 "GET /api/staff/logs/?limit=10 HTTP/1.1" 403 58
WARNING 2026-05-05 00:44:34,157 basehttp 13172 1488 "GET /api/staff/bookings/?limit=5&ordering=-created_at HTTP/1.1" 403 58
WARNING 2026-05-05 00:44:34,167 log 13172 18768 Forbidden: /api/staff/bookings/stats/
WARNING 2026-05-05 00:44:34,172 basehttp 13172 18768 "GET /api/staff/bookings/stats/ HTTP/1.1" 403 58
WARNING 2026-05-05 00:44:34,936 log 13172 3800 Forbidden: /api/staff/logs/
WARNING 2026-05-05 00:44:34,937 log 13172 1488 Forbidden: /api/staff/bookings/
WARNING 2026-05-05 00:44:34,938 basehttp 13172 1488 "GET /api/staff/bookings/?limit=5&ordering=-created_at HTTP/1.1" 403 58
WARNING 2026-05-05 00:44:34,938 basehttp 13172 3800 "GET /api/staff/logs/?limit=10 HTTP/1.1" 403 58
WARNING 2026-05-05 00:44:34,950 log 13172 18768 Forbidden: /api/staff/bookings/stats/
WARNING 2026-05-05 00:44:34,950 basehttp 13172 18768 "GET /api/staff/bookings/stats/ HTTP/1.1" 403 58
WARNING 2026-05-05 00:44:35,577 log 13172 1488 Forbidden: /api/staff/logs/
WARNING 2026-05-05 00:44:35,577 basehttp 13172 1488 "GET /api/staff/logs/?limit=10 HTTP/1.1" 403 58
WARNING 2026-05-05 00:44:35,581 log 13172 3800 Forbidden: /api/staff/bookings/
WARNING 2026-05-05 00:44:35,582 basehttp 13172 3800 "GET /api/staff/bookings/?limit=5&ordering=-created_at HTTP/1.1" 403 58
WARNING 2026-05-05 00:44:35,596 log 13172 18768 Forbidden: /api/staff/bookings/stats/
WARNING 2026-05-05 00:44:35,597 basehttp 13172 18768 "GET /api/staff/bookings/stats/ HTTP/1.1" 403 58
WARNING 2026-05-05 00:44:36,234 log 13172 1488 Forbidden: /api/staff/bookings/
WARNING 2026-05-05 00:44:36,235 log 13172 3800 Forbidden: /api/staff/logs/
WARNING 2026-05-05 00:44:36,236 basehttp 13172 1488 "GET /api/staff/bookings/?limit=5&ordering=-created_at HTTP/1.1" 403 58
WARNING 2026-05-05 00:44:36,237 basehttp 13172 3800 "GET /api/staff/logs/?limit=10 HTTP/1.1" 403 58
WARNING 2026-05-05 00:44:36,250 log 13172 18768 Forbidden: /api/staff/bookings/stats/
WARNING 2026-05-05 00:44:36,251 basehttp 13172 18768 "GET /api/staff/bookings/stats/ HTTP/1.1" 403 58
WARNING 2026-05-05 00:44:36,861 log 13172 1488 Forbidden: /api/staff/bookings/
WARNING 2026-05-05 00:44:36,861 basehttp 13172 1488 "GET /api/staff/bookings/?limit=5&ordering=-created_at HTTP/1.1" 403 58
WARNING 2026-05-05 00:44:36,863 log 13172 3800 Forbidden: /api/staff/logs/
WARNING 2026-05-05 00:44:36,864 basehttp 13172 3800 "GET /api/staff/logs/?limit=10 HTTP/1.1" 403 58
WARNING 2026-05-05 00:44:36,878 log 13172 18768 Forbidden: /api/staff/bookings/stats/
WARNING 2026-05-05 00:44:36,879 basehttp 13172 18768 "GET /api/staff/bookings/stats/ HTTP/1.1" 403 58
WARNING 2026-05-05 00:44:37,495 log 13172 1488 Forbidden: /api/staff/bookings/
WARNING 2026-05-05 00:44:37,497 basehttp 13172 1488 "GET /api/staff/bookings/?limit=5&ordering=-created_at HTTP/1.1" 403 58
WARNING 2026-05-05 00:44:37,499 log 13172 3800 Forbidden: /api/staff/logs/
WARNING 2026-05-05 00:44:37,499 basehttp 13172 3800 "GET /api/staff/logs/?limit=10 HTTP/1.1" 403 58
WARNING 2026-05-05 00:44:37,513 log 13172 18768 Forbidden: /api/staff/bookings/stats/
WARNING 2026-05-05 00:44:37,514 basehttp 13172 18768 "GET /api/staff/bookings/stats/ HTTP/1.1" 403 58
WARNING 2026-05-05 00:44:38,139 log 13172 1488 Forbidden: /api/staff/bookings/
WARNING 2026-05-05 00:44:38,140 basehttp 13172 1488 "GET /api/staff/bookings/?limit=5&ordering=-created_at HTTP/1.1" 403 58
WARNING 2026-05-05 00:44:38,144 log 13172 3800 Forbidden: /api/staff/logs/
WARNING 2026-05-05 00:44:38,145 basehttp 13172 3800 "GET /api/staff/logs/?limit=10 HTTP/1.1" 403 58
WARNING 2026-05-05 00:44:38,156 log 13172 18768 Forbidden: /api/staff/bookings/stats/
WARNING 2026-05-05 00:44:38,157 basehttp 13172 18768 "GET /api/staff/bookings/stats/ HTTP/1.1" 403 58
WARNING 2026-05-05 00:44:38,766 log 13172 1488 Forbidden: /api/staff/bookings/
WARNING 2026-05-05 00:44:38,767 basehttp 13172 1488 "GET /api/staff/bookings/?limit=5&ordering=-created_at HTTP/1.1" 403 58
WARNING 2026-05-05 00:44:38,781 log 13172 3800 Forbidden: /api/staff/logs/
WARNING 2026-05-05 00:44:38,782 basehttp 13172 3800 "GET /api/staff/logs/?limit=10 HTTP/1.1" 403 58
WARNING 2026-05-05 00:44:38,784 log 13172 18768 Forbidden: /api/staff/bookings/stats/
WARNING 2026-05-05 00:44:38,784 basehttp 13172 18768 "GET /api/staff/bookings/stats/ HTTP/1.1" 403 58
WARNING 2026-05-05 00:44:39,391 log 13172 1488 Forbidden: /api/staff/bookings/
WARNING 2026-05-05 00:44:39,392 basehttp 13172 1488 "GET /api/staff/bookings/?limit=5&ordering=-created_at HTTP/1.1" 403 58
WARNING 2026-05-05 00:44:39,394 log 13172 3800 Forbidden: /api/staff/logs/
WARNING 2026-05-05 00:44:39,395 basehttp 13172 3800 "GET /api/staff/logs/?limit=10 HTTP/1.1" 403 58
WARNING 2026-05-05 00:44:39,416 log 13172 18768 Forbidden: /api/staff/bookings/stats/
WARNING 2026-05-05 00:44:39,417 basehttp 13172 18768 "GET /api/staff/bookings/stats/ HTTP/1.1" 403 58
WARNING 2026-05-05 00:44:40,026 log 13172 1488 Forbidden: /api/staff/bookings/
WARNING 2026-05-05 00:44:40,027 log 13172 3800 Forbidden: /api/staff/logs/
WARNING 2026-05-05 00:44:40,028 basehttp 13172 3800 "GET /api/staff/logs/?limit=10 HTTP/1.1" 403 58
WARNING 2026-05-05 00:44:40,028 basehttp 13172 1488 "GET /api/staff/bookings/?limit=5&ordering=-created_at HTTP/1.1" 403 58
WARNING 2026-05-05 00:44:40,040 log 13172 18768 Forbidden: /api/staff/bookings/stats/
WARNING 2026-05-05 00:44:40,041 basehttp 13172 18768 "GET /api/staff/bookings/stats/ HTTP/1.1" 403 58
WARNING 2026-05-05 00:44:40,651 log 13172 1488 Forbidden: /api/staff/logs/
WARNING 2026-05-05 00:44:40,652 basehttp 13172 1488 "GET /api/staff/logs/?limit=10 HTTP/1.1" 403 58
WARNING 2026-05-05 00:44:40,654 log 13172 3800 Forbidden: /api/staff/bookings/
WARNING 2026-05-05 00:44:40,655 basehttp 13172 3800 "GET /api/staff/bookings/?limit=5&ordering=-created_at HTTP/1.1" 403 58
WARNING 2026-05-05 00:44:40,664 log 13172 18768 Forbidden: /api/staff/bookings/stats/
WARNING 2026-05-05 00:44:40,665 basehttp 13172 18768 "GET /api/staff/bookings/stats/ HTTP/1.1" 403 58
WARNING 2026-05-05 00:44:41,283 log 13172 1488 Forbidden: /api/staff/bookings/
WARNING 2026-05-05 00:44:41,284 basehttp 13172 1488 "GET /api/staff/bookings/?limit=5&ordering=-created_at HTTP/1.1" 403 58
WARNING 2026-05-05 00:44:41,286 log 13172 3800 Forbidden: /api/staff/logs/
WARNING 2026-05-05 00:44:41,287 basehttp 13172 3800 "GET /api/staff/logs/?limit=10 HTTP/1.1" 403 58
WARNING 2026-05-05 00:44:41,300 log 13172 18768 Forbidden: /api/staff/bookings/stats/
WARNING 2026-05-05 00:44:41,301 basehttp 13172 18768 "GET /api/staff/bookings/stats/ HTTP/1.1" 403 58
WARNING 2026-05-05 00:44:41,908 log 13172 1488 Forbidden: /api/staff/bookings/
WARNING 2026-05-05 00:44:41,909 basehttp 13172 1488 "GET /api/staff/bookings/?limit=5&ordering=-created_at HTTP/1.1" 403 58
WARNING 2026-05-05 00:44:41,911 log 13172 3800 Forbidden: /api/staff/logs/
WARNING 2026-05-05 00:44:41,912 basehttp 13172 3800 "GET /api/staff/logs/?limit=10 HTTP/1.1" 403 58
WARNING 2026-05-05 00:44:41,926 log 13172 18768 Forbidden: /api/staff/bookings/stats/
WARNING 2026-05-05 00:44:41,927 basehttp 13172 18768 "GET /api/staff/bookings/stats/ HTTP/1.1" 403 58
WARNING 2026-05-05 00:44:42,588 log 13172 1488 Forbidden: /api/staff/bookings/
WARNING 2026-05-05 00:44:42,589 log 13172 3800 Forbidden: /api/staff/logs/
WARNING 2026-05-05 00:44:42,590 basehttp 13172 1488 "GET /api/staff/bookings/?limit=5&ordering=-created_at HTTP/1.1" 403 58
WARNING 2026-05-05 00:44:42,590 basehttp 13172 3800 "GET /api/staff/logs/?limit=10 HTTP/1.1" 403 58
WARNING 2026-05-05 00:44:42,603 log 13172 18768 Forbidden: /api/staff/bookings/stats/
WARNING 2026-05-05 00:44:42,604 basehttp 13172 18768 "GET /api/staff/bookings/stats/ HTTP/1.1" 403 58
WARNING 2026-05-05 00:44:43,243 log 13172 1488 Forbidden: /api/staff/logs/
WARNING 2026-05-05 00:44:43,244 basehttp 13172 1488 "GET /api/staff/logs/?limit=10 HTTP/1.1" 403 58
WARNING 2026-05-05 00:44:43,249 log 13172 3800 Forbidden: /api/staff/bookings/
WARNING 2026-05-05 00:44:43,250 basehttp 13172 3800 "GET /api/staff/bookings/?limit=5&ordering=-created_at HTTP/1.1" 403 58
WARNING 2026-05-05 00:44:43,261 log 13172 18768 Forbidden: /api/staff/bookings/stats/
WARNING 2026-05-05 00:44:43,263 basehttp 13172 18768 "GET /api/staff/bookings/stats/ HTTP/1.1" 403 58
WARNING 2026-05-05 00:44:43,925 log 13172 1488 Forbidden: /api/staff/bookings/
WARNING 2026-05-05 00:44:43,926 basehttp 13172 1488 "GET /api/staff/bookings/?limit=5&ordering=-created_at HTTP/1.1" 403 58
WARNING 2026-05-05 00:44:43,928 log 13172 3800 Forbidden: /api/staff/logs/
WARNING 2026-05-05 00:44:43,929 basehttp 13172 3800 "GET /api/staff/logs/?limit=10 HTTP/1.1" 403 58
WARNING 2026-05-05 00:44:43,942 log 13172 18768 Forbidden: /api/staff/bookings/stats/
WARNING 2026-05-05 00:44:43,943 basehttp 13172 18768 "GET /api/staff/bookings/stats/ HTTP/1.1" 403 58
WARNING 2026-05-05 00:44:44,551 log 13172 1488 Forbidden: /api/staff/bookings/
WARNING 2026-05-05 00:44:44,552 basehttp 13172 1488 "GET /api/staff/bookings/?limit=5&ordering=-created_at HTTP/1.1" 403 58
WARNING 2026-05-05 00:44:44,555 log 13172 3800 Forbidden: /api/staff/logs/
WARNING 2026-05-05 00:44:44,556 basehttp 13172 3800 "GET /api/staff/logs/?limit=10 HTTP/1.1" 403 58
WARNING 2026-05-05 00:44:44,568 log 13172 18768 Forbidden: /api/staff/bookings/stats/
WARNING 2026-05-05 00:44:44,569 basehttp 13172 18768 "GET /api/staff/bookings/stats/ HTTP/1.1" 403 58
WARNING 2026-05-05 00:44:45,185 log 13172 3800 Forbidden: /api/staff/logs/
WARNING 2026-05-05 00:44:45,186 log 13172 1488 Forbidden: /api/staff/bookings/
WARNING 2026-05-05 00:44:45,187 basehttp 13172 3800 "GET /api/staff/logs/?limit=10 HTTP/1.1" 403 58
WARNING 2026-05-05 00:44:45,188 basehttp 13172 1488 "GET /api/staff/bookings/?limit=5&ordering=-created_at HTTP/1.1" 403 58
WARNING 2026-05-05 00:44:45,200 log 13172 18768 Forbidden: /api/staff/bookings/stats/
WARNING 2026-05-05 00:44:45,200 basehttp 13172 18768 "GET /api/staff/bookings/stats/ HTTP/1.1" 403 58
WARNING 2026-05-05 00:44:45,833 log 13172 1488 Forbidden: /api/staff/logs/
WARNING 2026-05-05 00:44:45,834 basehttp 13172 1488 "GET /api/staff/logs/?limit=10 HTTP/1.1" 403 58
WARNING 2026-05-05 00:44:45,837 log 13172 3800 Forbidden: /api/staff/bookings/
WARNING 2026-05-05 00:44:45,838 basehttp 13172 3800 "GET /api/staff/bookings/?limit=5&ordering=-created_at HTTP/1.1" 403 58
WARNING 2026-05-05 00:44:45,847 log 13172 18768 Forbidden: /api/staff/bookings/stats/
WARNING 2026-05-05 00:44:45,848 basehttp 13172 18768 "GET /api/staff/bookings/stats/ HTTP/1.1" 403 58
WARNING 2026-05-05 00:44:46,466 log 13172 1488 Forbidden: /api/staff/bookings/
WARNING 2026-05-05 00:44:46,467 basehttp 13172 1488 "GET /api/staff/bookings/?limit=5&ordering=-created_at HTTP/1.1" 403 58
WARNING 2026-05-05 00:44:46,468 log 13172 3800 Forbidden: /api/staff/logs/
WARNING 2026-05-05 00:44:46,469 basehttp 13172 3800 "GET /api/staff/logs/?limit=10 HTTP/1.1" 403 58
WARNING 2026-05-05 00:44:46,483 log 13172 18768 Forbidden: /api/staff/bookings/stats/
WARNING 2026-05-05 00:44:46,484 basehttp 13172 18768 "GET /api/staff/bookings/stats/ HTTP/1.1" 403 58
WARNING 2026-05-05 00:44:47,117 log 13172 3800 Forbidden: /api/staff/logs/
WARNING 2026-05-05 00:44:47,118 basehttp 13172 3800 "GET /api/staff/logs/?limit=10 HTTP/1.1" 403 58
WARNING 2026-05-05 00:44:47,121 log 13172 1488 Forbidden: /api/staff/bookings/
WARNING 2026-05-05 00:44:47,122 basehttp 13172 1488 "GET /api/staff/bookings/?limit=5&ordering=-created_at HTTP/1.1" 403 58
WARNING 2026-05-05 00:44:47,126 log 13172 18768 Forbidden: /api/staff/bookings/stats/
WARNING 2026-05-05 00:44:47,127 basehttp 13172 18768 "GET /api/staff/bookings/stats/ HTTP/1.1" 403 58
WARNING 2026-05-05 00:44:47,760 log 13172 1488 Forbidden: /api/staff/logs/
WARNING 2026-05-05 00:44:47,761 basehttp 13172 1488 "GET /api/staff/logs/?limit=10 HTTP/1.1" 403 58
WARNING 2026-05-05 00:44:47,765 log 13172 3800 Forbidden: /api/staff/bookings/
WARNING 2026-05-05 00:44:47,766 basehttp 13172 3800 "GET /api/staff/bookings/?limit=5&ordering=-created_at HTTP/1.1" 403 58
WARNING 2026-05-05 00:44:47,778 log 13172 18768 Forbidden: /api/staff/bookings/stats/
WARNING 2026-05-05 00:44:47,780 basehttp 13172 18768 "GET /api/staff/bookings/stats/ HTTP/1.1" 403 58
WARNING 2026-05-05 00:44:48,401 log 13172 1488 Forbidden: /api/staff/bookings/
WARNING 2026-05-05 00:44:48,402 basehttp 13172 1488 "GET /api/staff/bookings/?limit=5&ordering=-created_at HTTP/1.1" 403 58
WARNING 2026-05-05 00:44:48,403 log 13172 3800 Forbidden: /api/staff/logs/
WARNING 2026-05-05 00:44:48,404 basehttp 13172 3800 "GET /api/staff/logs/?limit=10 HTTP/1.1" 403 58
WARNING 2026-05-05 00:44:48,417 log 13172 18768 Forbidden: /api/staff/bookings/stats/
WARNING 2026-05-05 00:44:48,418 basehttp 13172 18768 "GET /api/staff/bookings/stats/ HTTP/1.1" 403 58
WARNING 2026-05-05 00:44:49,017 log 13172 1488 Forbidden: /api/staff/bookings/
WARNING 2026-05-05 00:44:49,018 basehttp 13172 1488 "GET /api/staff/bookings/?limit=5&ordering=-created_at HTTP/1.1" 403 58
WARNING 2026-05-05 00:44:49,020 log 13172 3800 Forbidden: /api/staff/logs/
WARNING 2026-05-05 00:44:49,020 basehttp 13172 3800 "GET /api/staff/logs/?limit=10 HTTP/1.1" 403 58
WARNING 2026-05-05 00:44:49,033 log 13172 18768 Forbidden: /api/staff/bookings/stats/
WARNING 2026-05-05 00:44:49,034 basehttp 13172 18768 "GET /api/staff/bookings/stats/ HTTP/1.1" 403 58
WARNING 2026-05-05 00:44:49,660 log 13172 1488 Forbidden: /api/staff/bookings/
WARNING 2026-05-05 00:44:49,661 basehttp 13172 1488 "GET /api/staff/bookings/?limit=5&ordering=-created_at HTTP/1.1" 403 58
WARNING 2026-05-05 00:44:49,663 log 13172 3800 Forbidden: /api/staff/logs/
WARNING 2026-05-05 00:44:49,664 basehttp 13172 3800 "GET /api/staff/logs/?limit=10 HTTP/1.1" 403 58
WARNING 2026-05-05 00:44:49,677 log 13172 18768 Forbidden: /api/staff/bookings/stats/
WARNING 2026-05-05 00:44:49,678 basehttp 13172 18768 "GET /api/staff/bookings/stats/ HTTP/1.1" 403 58
WARNING 2026-05-05 00:44:50,375 log 13172 1488 Forbidden: /api/staff/bookings/
WARNING 2026-05-05 00:44:50,376 basehttp 13172 1488 "GET /api/staff/bookings/?limit=5&ordering=-created_at HTTP/1.1" 403 58
WARNING 2026-05-05 00:44:50,377 log 13172 3800 Forbidden: /api/staff/logs/
WARNING 2026-05-05 00:44:50,378 basehttp 13172 3800 "GET /api/staff/logs/?limit=10 HTTP/1.1" 403 58
WARNING 2026-05-05 00:44:50,391 log 13172 18768 Forbidden: /api/staff/bookings/stats/
WARNING 2026-05-05 00:44:50,392 basehttp 13172 18768 "GET /api/staff/bookings/stats/ HTTP/1.1" 403 58
WARNING 2026-05-05 00:44:51,051 log 13172 1488 Forbidden: /api/staff/bookings/
WARNING 2026-05-05 00:44:51,052 basehttp 13172 1488 "GET /api/staff/bookings/?limit=5&ordering=-created_at HTTP/1.1" 403 58
WARNING 2026-05-05 00:44:51,054 log 13172 3800 Forbidden: /api/staff/logs/
WARNING 2026-05-05 00:44:51,054 basehttp 13172 3800 "GET /api/staff/logs/?limit=10 HTTP/1.1" 403 58
WARNING 2026-05-05 00:44:51,063 log 13172 18768 Forbidden: /api/staff/bookings/stats/
WARNING 2026-05-05 00:44:51,064 basehttp 13172 18768 "GET /api/staff/bookings/stats/ HTTP/1.1" 403 58
WARNING 2026-05-05 00:44:51,717 log 13172 3800 Forbidden: /api/staff/logs/
WARNING 2026-05-05 00:44:51,718 log 13172 1488 Forbidden: /api/staff/bookings/
WARNING 2026-05-05 00:44:51,719 basehttp 13172 3800 "GET /api/staff/logs/?limit=10 HTTP/1.1" 403 58
WARNING 2026-05-05 00:44:51,719 basehttp 13172 1488 "GET /api/staff/bookings/?limit=5&ordering=-created_at HTTP/1.1" 403 58
WARNING 2026-05-05 00:44:51,730 log 13172 18768 Forbidden: /api/staff/bookings/stats/
WARNING 2026-05-05 00:44:51,731 basehttp 13172 18768 "GET /api/staff/bookings/stats/ HTTP/1.1" 403 58
WARNING 2026-05-05 00:44:52,346 log 13172 1488 Forbidden: /api/staff/logs/
WARNING 2026-05-05 00:44:52,347 log 13172 3800 Forbidden: /api/staff/bookings/
WARNING 2026-05-05 00:44:52,349 basehttp 13172 1488 "GET /api/staff/logs/?limit=10 HTTP/1.1" 403 58
WARNING 2026-05-05 00:44:52,351 basehttp 13172 3800 "GET /api/staff/bookings/?limit=5&ordering=-created_at HTTP/1.1" 403 58
WARNING 2026-05-05 00:44:52,359 log 13172 18768 Forbidden: /api/staff/bookings/stats/
WARNING 2026-05-05 00:44:52,361 basehttp 13172 18768 "GET /api/staff/bookings/stats/ HTTP/1.1" 403 58
WARNING 2026-05-05 00:44:52,973 log 13172 1488 Forbidden: /api/staff/bookings/
WARNING 2026-05-05 00:44:52,974 basehttp 13172 1488 "GET /api/staff/bookings/?limit=5&ordering=-created_at HTTP/1.1" 403 58
WARNING 2026-05-05 00:44:52,976 log 13172 3800 Forbidden: /api/staff/logs/
WARNING 2026-05-05 00:44:52,977 basehttp 13172 3800 "GET /api/staff/logs/?limit=10 HTTP/1.1" 403 58
WARNING 2026-05-05 00:44:52,991 log 13172 18768 Forbidden: /api/staff/bookings/stats/
WARNING 2026-05-05 00:44:52,992 basehttp 13172 18768 "GET /api/staff/bookings/stats/ HTTP/1.1" 403 58
WARNING 2026-05-05 00:44:53,603 log 13172 1488 Forbidden: /api/staff/bookings/
WARNING 2026-05-05 00:44:53,605 log 13172 3800 Forbidden: /api/staff/logs/
WARNING 2026-05-05 00:44:53,605 basehttp 13172 1488 "GET /api/staff/bookings/?limit=5&ordering=-created_at HTTP/1.1" 403 58
WARNING 2026-05-05 00:44:53,606 basehttp 13172 3800 "GET /api/staff/logs/?limit=10 HTTP/1.1" 403 58
WARNING 2026-05-05 00:44:53,619 log 13172 18768 Forbidden: /api/staff/bookings/stats/
WARNING 2026-05-05 00:44:53,620 basehttp 13172 18768 "GET /api/staff/bookings/stats/ HTTP/1.1" 403 58
WARNING 2026-05-05 00:44:54,297 log 13172 1488 Forbidden: /api/staff/bookings/
WARNING 2026-05-05 00:44:54,298 basehttp 13172 1488 "GET /api/staff/bookings/?limit=5&ordering=-created_at HTTP/1.1" 403 58
WARNING 2026-05-05 00:44:54,300 log 13172 3800 Forbidden: /api/staff/logs/
WARNING 2026-05-05 00:44:54,301 basehttp 13172 3800 "GET /api/staff/logs/?limit=10 HTTP/1.1" 403 58
WARNING 2026-05-05 00:44:54,314 log 13172 18768 Forbidden: /api/staff/bookings/stats/
WARNING 2026-05-05 00:44:54,315 basehttp 13172 18768 "GET /api/staff/bookings/stats/ HTTP/1.1" 403 58
WARNING 2026-05-05 00:44:54,991 log 13172 1488 Forbidden: /api/staff/bookings/
WARNING 2026-05-05 00:44:54,992 basehttp 13172 1488 "GET /api/staff/bookings/?limit=5&ordering=-created_at HTTP/1.1" 403 58
WARNING 2026-05-05 00:44:54,993 log 13172 3800 Forbidden: /api/staff/logs/
WARNING 2026-05-05 00:44:54,994 basehttp 13172 3800 "GET /api/staff/logs/?limit=10 HTTP/1.1" 403 58
WARNING 2026-05-05 00:44:55,007 log 13172 18768 Forbidden: /api/staff/bookings/stats/
WARNING 2026-05-05 00:44:55,008 basehttp 13172 18768 "GET /api/staff/bookings/stats/ HTTP/1.1" 403 58
WARNING 2026-05-05 00:44:55,767 log 13172 1488 Forbidden: /api/staff/bookings/
WARNING 2026-05-05 00:44:55,768 basehttp 13172 1488 "GET /api/staff/bookings/?limit=5&ordering=-created_at HTTP/1.1" 403 58
WARNING 2026-05-05 00:44:55,771 log 13172 3800 Forbidden: /api/staff/logs/
WARNING 2026-05-05 00:44:55,771 basehttp 13172 3800 "GET /api/staff/logs/?limit=10 HTTP/1.1" 403 58
WARNING 2026-05-05 00:44:55,784 log 13172 18768 Forbidden: /api/staff/bookings/stats/
WARNING 2026-05-05 00:44:55,785 basehttp 13172 18768 "GET /api/staff/bookings/stats/ HTTP/1.1" 403 58
WARNING 2026-05-05 00:44:56,455 log 13172 1488 Forbidden: /api/staff/bookings/
WARNING 2026-05-05 00:44:56,456 basehttp 13172 1488 "GET /api/staff/bookings/?limit=5&ordering=-created_at HTTP/1.1" 403 58
WARNING 2026-05-05 00:44:56,459 log 13172 3800 Forbidden: /api/staff/logs/
WARNING 2026-05-05 00:44:56,459 basehttp 13172 3800 "GET /api/staff/logs/?limit=10 HTTP/1.1" 403 58
WARNING 2026-05-05 00:44:56,473 log 13172 18768 Forbidden: /api/staff/bookings/stats/
WARNING 2026-05-05 00:44:56,474 basehttp 13172 18768 "GET /api/staff/bookings/stats/ HTTP/1.1" 403 58
WARNING 2026-05-05 00:44:57,167 log 13172 1488 Forbidden: /api/staff/bookings/
WARNING 2026-05-05 00:44:57,168 basehttp 13172 1488 "GET /api/staff/bookings/?limit=5&ordering=-created_at HTTP/1.1" 403 58
WARNING 2026-05-05 00:44:57,170 log 13172 3800 Forbidden: /api/staff/logs/
WARNING 2026-05-05 00:44:57,171 basehttp 13172 3800 "GET /api/staff/logs/?limit=10 HTTP/1.1" 403 58
WARNING 2026-05-05 00:44:57,180 log 13172 18768 Forbidden: /api/staff/bookings/stats/
WARNING 2026-05-05 00:44:57,181 basehttp 13172 18768 "GET /api/staff/bookings/stats/ HTTP/1.1" 403 58
WARNING 2026-05-05 00:44:57,868 log 13172 1488 Forbidden: /api/staff/bookings/
WARNING 2026-05-05 00:44:57,869 basehttp 13172 1488 "GET /api/staff/bookings/?limit=5&ordering=-created_at HTTP/1.1" 403 58
WARNING 2026-05-05 00:44:57,871 log 13172 3800 Forbidden: /api/staff/logs/
WARNING 2026-05-05 00:44:57,872 basehttp 13172 3800 "GET /api/staff/logs/?limit=10 HTTP/1.1" 403 58
WARNING 2026-05-05 00:44:57,885 log 13172 18768 Forbidden: /api/staff/bookings/stats/
WARNING 2026-05-05 00:44:57,886 basehttp 13172 18768 "GET /api/staff/bookings/stats/ HTTP/1.1" 403 58
WARNING 2026-05-05 00:44:58,730 log 13172 1488 Forbidden: /api/staff/bookings/
WARNING 2026-05-05 00:44:58,731 basehttp 13172 1488 "GET /api/staff/bookings/?limit=5&ordering=-created_at HTTP/1.1" 403 58
WARNING 2026-05-05 00:44:58,732 log 13172 3800 Forbidden: /api/staff/logs/
WARNING 2026-05-05 00:44:58,733 basehttp 13172 3800 "GET /api/staff/logs/?limit=10 HTTP/1.1" 403 58
WARNING 2026-05-05 00:44:58,747 log 13172 18768 Forbidden: /api/staff/bookings/stats/
WARNING 2026-05-05 00:44:58,748 basehttp 13172 18768 "GET /api/staff/bookings/stats/ HTTP/1.1" 403 58
WARNING 2026-05-05 00:44:59,468 log 13172 1488 Forbidden: /api/staff/bookings/
WARNING 2026-05-05 00:44:59,469 basehttp 13172 1488 "GET /api/staff/bookings/?limit=5&ordering=-created_at HTTP/1.1" 403 58
WARNING 2026-05-05 00:44:59,474 log 13172 3800 Forbidden: /api/staff/logs/
WARNING 2026-05-05 00:44:59,475 basehttp 13172 3800 "GET /api/staff/logs/?limit=10 HTTP/1.1" 403 58
WARNING 2026-05-05 00:44:59,491 log 13172 18768 Forbidden: /api/staff/bookings/stats/
WARNING 2026-05-05 00:44:59,492 basehttp 13172 18768 "GET /api/staff/bookings/stats/ HTTP/1.1" 403 58
WARNING 2026-05-05 00:45:00,183 log 13172 1488 Forbidden: /api/staff/bookings/
WARNING 2026-05-05 00:45:00,183 basehttp 13172 1488 "GET /api/staff/bookings/?limit=5&ordering=-created_at HTTP/1.1" 403 58
WARNING 2026-05-05 00:45:00,186 log 13172 3800 Forbidden: /api/staff/logs/
WARNING 2026-05-05 00:45:00,187 basehttp 13172 3800 "GET /api/staff/logs/?limit=10 HTTP/1.1" 403 58
WARNING 2026-05-05 00:45:00,196 log 13172 18768 Forbidden: /api/staff/bookings/stats/
WARNING 2026-05-05 00:45:00,197 basehttp 13172 18768 "GET /api/staff/bookings/stats/ HTTP/1.1" 403 58
WARNING 2026-05-05 00:45:00,934 log 13172 1488 Forbidden: /api/staff/bookings/
WARNING 2026-05-05 00:45:00,935 basehttp 13172 1488 "GET /api/staff/bookings/?limit=5&ordering=-created_at HTTP/1.1" 403 58
WARNING 2026-05-05 00:45:00,936 log 13172 3800 Forbidden: /api/staff/logs/
WARNING 2026-05-05 00:45:00,937 basehttp 13172 3800 "GET /api/staff/logs/?limit=10 HTTP/1.1" 403 58
WARNING 2026-05-05 00:45:00,946 log 13172 18768 Forbidden: /api/staff/bookings/stats/
WARNING 2026-05-05 00:45:00,947 basehttp 13172 18768 "GET /api/staff/bookings/stats/ HTTP/1.1" 403 58
WARNING 2026-05-05 00:45:01,744 log 13172 1488 Forbidden: /api/staff/bookings/
WARNING 2026-05-05 00:45:01,745 log 13172 3800 Forbidden: /api/staff/logs/
WARNING 2026-05-05 00:45:01,746 basehttp 13172 3800 "GET /api/staff/logs/?limit=10 HTTP/1.1" 403 58
WARNING 2026-05-05 00:45:01,747 basehttp 13172 1488 "GET /api/staff/bookings/?limit=5&ordering=-created_at HTTP/1.1" 403 58
WARNING 2026-05-05 00:45:01,761 log 13172 18768 Forbidden: /api/staff/bookings/stats/
WARNING 2026-05-05 00:45:01,761 basehttp 13172 18768 "GET /api/staff/bookings/stats/ HTTP/1.1" 403 58
WARNING 2026-05-05 00:45:02,559 log 13172 1488 Forbidden: /api/staff/bookings/
WARNING 2026-05-05 00:45:02,560 basehttp 13172 1488 "GET /api/staff/bookings/?limit=5&ordering=-created_at HTTP/1.1" 403 58
WARNING 2026-05-05 00:45:02,561 log 13172 3800 Forbidden: /api/staff/logs/
WARNING 2026-05-05 00:45:02,561 basehttp 13172 3800 "GET /api/staff/logs/?limit=10 HTTP/1.1" 403 58
WARNING 2026-05-05 00:45:02,574 log 13172 18768 Forbidden: /api/staff/bookings/stats/
WARNING 2026-05-05 00:45:02,575 basehttp 13172 18768 "GET /api/staff/bookings/stats/ HTTP/1.1" 403 58
WARNING 2026-05-05 00:45:03,226 log 13172 1488 Forbidden: /api/staff/bookings/
WARNING 2026-05-05 00:45:03,227 log 13172 3800 Forbidden: /api/staff/logs/
WARNING 2026-05-05 00:45:03,228 basehttp 13172 1488 "GET /api/staff/bookings/?limit=5&ordering=-created_at HTTP/1.1" 403 58
WARNING 2026-05-05 00:45:03,228 basehttp 13172 3800 "GET /api/staff/logs/?limit=10 HTTP/1.1" 403 58
WARNING 2026-05-05 00:45:03,242 log 13172 18768 Forbidden: /api/staff/bookings/stats/
WARNING 2026-05-05 00:45:03,243 basehttp 13172 18768 "GET /api/staff/bookings/stats/ HTTP/1.1" 403 58
WARNING 2026-05-05 00:45:03,888 log 13172 1488 Forbidden: /api/staff/bookings/
WARNING 2026-05-05 00:45:03,889 log 13172 3800 Forbidden: /api/staff/logs/
WARNING 2026-05-05 00:45:03,890 basehttp 13172 1488 "GET /api/staff/bookings/?limit=5&ordering=-created_at HTTP/1.1" 403 58
WARNING 2026-05-05 00:45:03,890 basehttp 13172 3800 "GET /api/staff/logs/?limit=10 HTTP/1.1" 403 58
WARNING 2026-05-05 00:45:03,901 log 13172 18768 Forbidden: /api/staff/bookings/stats/
WARNING 2026-05-05 00:45:03,902 basehttp 13172 18768 "GET /api/staff/bookings/stats/ HTTP/1.1" 403 58
WARNING 2026-05-05 00:45:04,604 log 13172 1488 Forbidden: /api/staff/bookings/
WARNING 2026-05-05 00:45:04,605 basehttp 13172 1488 "GET /api/staff/bookings/?limit=5&ordering=-created_at HTTP/1.1" 403 58
WARNING 2026-05-05 00:45:04,606 log 13172 3800 Forbidden: /api/staff/logs/
WARNING 2026-05-05 00:45:04,607 basehttp 13172 3800 "GET /api/staff/logs/?limit=10 HTTP/1.1" 403 58
WARNING 2026-05-05 00:45:04,620 log 13172 18768 Forbidden: /api/staff/bookings/stats/
WARNING 2026-05-05 00:45:04,621 basehttp 13172 18768 "GET /api/staff/bookings/stats/ HTTP/1.1" 403 58
WARNING 2026-05-05 00:45:05,389 log 13172 1488 Forbidden: /api/staff/bookings/
WARNING 2026-05-05 00:45:05,390 basehttp 13172 1488 "GET /api/staff/bookings/?limit=5&ordering=-created_at HTTP/1.1" 403 58
WARNING 2026-05-05 00:45:05,393 log 13172 3800 Forbidden: /api/staff/logs/
WARNING 2026-05-05 00:45:05,394 basehttp 13172 3800 "GET /api/staff/logs/?limit=10 HTTP/1.1" 403 58
WARNING 2026-05-05 00:45:05,406 log 13172 18768 Forbidden: /api/staff/bookings/stats/
WARNING 2026-05-05 00:45:05,407 basehttp 13172 18768 "GET /api/staff/bookings/stats/ HTTP/1.1" 403 58
WARNING 2026-05-05 00:45:06,386 log 13172 3800 Forbidden: /api/staff/logs/
WARNING 2026-05-05 00:45:06,387 log 13172 1488 Forbidden: /api/staff/bookings/
WARNING 2026-05-05 00:45:06,388 basehttp 13172 3800 "GET /api/staff/logs/?limit=10 HTTP/1.1" 403 58
WARNING 2026-05-05 00:45:06,388 basehttp 13172 1488 "GET /api/staff/bookings/?limit=5&ordering=-created_at HTTP/1.1" 403 58
WARNING 2026-05-05 00:45:06,400 log 13172 18768 Forbidden: /api/staff/bookings/stats/
WARNING 2026-05-05 00:45:06,401 basehttp 13172 18768 "GET /api/staff/bookings/stats/ HTTP/1.1" 403 58
WARNING 2026-05-05 00:45:07,263 log 13172 1488 Forbidden: /api/staff/bookings/
WARNING 2026-05-05 00:45:07,264 basehttp 13172 1488 "GET /api/staff/bookings/?limit=5&ordering=-created_at HTTP/1.1" 403 58
WARNING 2026-05-05 00:45:07,266 log 13172 3800 Forbidden: /api/staff/logs/
WARNING 2026-05-05 00:45:07,267 basehttp 13172 3800 "GET /api/staff/logs/?limit=10 HTTP/1.1" 403 58
WARNING 2026-05-05 00:45:07,280 log 13172 18768 Forbidden: /api/staff/bookings/stats/
WARNING 2026-05-05 00:45:07,281 basehttp 13172 18768 "GET /api/staff/bookings/stats/ HTTP/1.1" 403 58
WARNING 2026-05-05 00:45:08,162 log 13172 1488 Forbidden: /api/staff/bookings/
WARNING 2026-05-05 00:45:08,163 basehttp 13172 1488 "GET /api/staff/bookings/?limit=5&ordering=-created_at HTTP/1.1" 403 58
WARNING 2026-05-05 00:45:08,165 log 13172 3800 Forbidden: /api/staff/logs/
WARNING 2026-05-05 00:45:08,166 basehttp 13172 3800 "GET /api/staff/logs/?limit=10 HTTP/1.1" 403 58
WARNING 2026-05-05 00:45:08,179 log 13172 18768 Forbidden: /api/staff/bookings/stats/
WARNING 2026-05-05 00:45:08,181 basehttp 13172 18768 "GET /api/staff/bookings/stats/ HTTP/1.1" 403 58
WARNING 2026-05-05 00:45:09,043 log 13172 1488 Forbidden: /api/staff/bookings/
WARNING 2026-05-05 00:45:09,044 basehttp 13172 1488 "GET /api/staff/bookings/?limit=5&ordering=-created_at HTTP/1.1" 403 58
WARNING 2026-05-05 00:45:09,045 log 13172 3800 Forbidden: /api/staff/logs/
WARNING 2026-05-05 00:45:09,046 basehttp 13172 3800 "GET /api/staff/logs/?limit=10 HTTP/1.1" 403 58
WARNING 2026-05-05 00:45:09,068 log 13172 18768 Forbidden: /api/staff/bookings/stats/
WARNING 2026-05-05 00:45:09,069 basehttp 13172 18768 "GET /api/staff/bookings/stats/ HTTP/1.1" 403 58
WARNING 2026-05-05 00:45:10,036 log 13172 1488 Forbidden: /api/staff/bookings/
WARNING 2026-05-05 00:45:10,037 log 13172 3800 Forbidden: /api/staff/logs/
WARNING 2026-05-05 00:45:10,038 basehttp 13172 3800 "GET /api/staff/logs/?limit=10 HTTP/1.1" 403 58
WARNING 2026-05-05 00:45:10,038 basehttp 13172 1488 "GET /api/staff/bookings/?limit=5&ordering=-created_at HTTP/1.1" 403 58
WARNING 2026-05-05 00:45:10,051 log 13172 18768 Forbidden: /api/staff/bookings/stats/
WARNING 2026-05-05 00:45:10,052 basehttp 13172 18768 "GET /api/staff/bookings/stats/ HTTP/1.1" 403 58
WARNING 2026-05-05 00:45:10,960 log 13172 1488 Forbidden: /api/staff/logs/
WARNING 2026-05-05 00:45:10,961 log 13172 3800 Forbidden: /api/staff/bookings/
WARNING 2026-05-05 00:45:10,962 basehttp 13172 3800 "GET /api/staff/bookings/?limit=5&ordering=-created_at HTTP/1.1" 403 58
WARNING 2026-05-05 00:45:10,962 basehttp 13172 1488 "GET /api/staff/logs/?limit=10 HTTP/1.1" 403 58
WARNING 2026-05-05 00:45:10,977 log 13172 18768 Forbidden: /api/staff/bookings/stats/
WARNING 2026-05-05 00:45:10,982 basehttp 13172 18768 "GET /api/staff/bookings/stats/ HTTP/1.1" 403 58
WARNING 2026-05-05 00:45:11,920 log 13172 1488 Forbidden: /api/staff/logs/
WARNING 2026-05-05 00:45:11,921 log 13172 3800 Forbidden: /api/staff/bookings/
WARNING 2026-05-05 00:45:11,922 log 13172 18768 Forbidden: /api/staff/bookings/stats/
WARNING 2026-05-05 00:45:11,923 basehttp 13172 1488 "GET /api/staff/logs/?limit=10 HTTP/1.1" 403 58
WARNING 2026-05-05 00:45:11,923 basehttp 13172 3800 "GET /api/staff/bookings/?limit=5&ordering=-created_at HTTP/1.1" 403 58
WARNING 2026-05-05 00:45:11,924 basehttp 13172 18768 "GET /api/staff/bookings/stats/ HTTP/1.1" 403 58
WARNING 2026-05-05 00:45:12,636 log 13172 3800 Forbidden: /api/staff/logs/
WARNING 2026-05-05 00:45:12,637 basehttp 13172 3800 "GET /api/staff/logs/?limit=10 HTTP/1.1" 403 58
WARNING 2026-05-05 00:45:12,639 log 13172 1488 Forbidden: /api/staff/bookings/
WARNING 2026-05-05 00:45:12,639 basehttp 13172 1488 "GET /api/staff/bookings/?limit=5&ordering=-created_at HTTP/1.1" 403 58
WARNING 2026-05-05 00:45:12,650 log 13172 18768 Forbidden: /api/staff/bookings/stats/
WARNING 2026-05-05 00:45:12,650 basehttp 13172 18768 "GET /api/staff/bookings/stats/ HTTP/1.1" 403 58
WARNING 2026-05-05 00:45:13,411 log 13172 1488 Forbidden: /api/staff/logs/
WARNING 2026-05-05 00:45:13,411 basehttp 13172 1488 "GET /api/staff/logs/?limit=10 HTTP/1.1" 403 58
WARNING 2026-05-05 00:45:13,417 log 13172 3800 Forbidden: /api/staff/bookings/
WARNING 2026-05-05 00:45:13,418 basehttp 13172 3800 "GET /api/staff/bookings/?limit=5&ordering=-created_at HTTP/1.1" 403 58
WARNING 2026-05-05 00:45:13,428 log 13172 18768 Forbidden: /api/staff/bookings/stats/
WARNING 2026-05-05 00:45:13,429 basehttp 13172 18768 "GET /api/staff/bookings/stats/ HTTP/1.1" 403 58
WARNING 2026-05-05 00:45:14,124 log 13172 3800 Forbidden: /api/staff/logs/
WARNING 2026-05-05 00:45:14,125 log 13172 1488 Forbidden: /api/staff/bookings/
WARNING 2026-05-05 00:45:14,126 basehttp 13172 1488 "GET /api/staff/bookings/?limit=5&ordering=-created_at HTTP/1.1" 403 58
WARNING 2026-05-05 00:45:14,126 basehttp 13172 3800 "GET /api/staff/logs/?limit=10 HTTP/1.1" 403 58
WARNING 2026-05-05 00:45:14,139 log 13172 18768 Forbidden: /api/staff/bookings/stats/
WARNING 2026-05-05 00:45:14,140 basehttp 13172 18768 "GET /api/staff/bookings/stats/ HTTP/1.1" 403 58
WARNING 2026-05-05 00:45:14,859 log 13172 1488 Forbidden: /api/staff/bookings/
WARNING 2026-05-05 00:45:14,859 basehttp 13172 1488 "GET /api/staff/bookings/?limit=5&ordering=-created_at HTTP/1.1" 403 58
WARNING 2026-05-05 00:45:14,862 log 13172 3800 Forbidden: /api/staff/logs/
WARNING 2026-05-05 00:45:14,863 basehttp 13172 3800 "GET /api/staff/logs/?limit=10 HTTP/1.1" 403 58
WARNING 2026-05-05 00:45:14,876 log 13172 18768 Forbidden: /api/staff/bookings/stats/
WARNING 2026-05-05 00:45:14,877 basehttp 13172 18768 "GET /api/staff/bookings/stats/ HTTP/1.1" 403 58
WARNING 2026-05-05 00:45:15,563 log 13172 1488 Forbidden: /api/staff/bookings/
WARNING 2026-05-05 00:45:15,564 basehttp 13172 1488 "GET /api/staff/bookings/?limit=5&ordering=-created_at HTTP/1.1" 403 58
WARNING 2026-05-05 00:45:15,567 log 13172 3800 Forbidden: /api/staff/logs/
WARNING 2026-05-05 00:45:15,568 basehttp 13172 3800 "GET /api/staff/logs/?limit=10 HTTP/1.1" 403 58
WARNING 2026-05-05 00:45:15,584 log 13172 18768 Forbidden: /api/staff/bookings/stats/
WARNING 2026-05-05 00:45:15,587 basehttp 13172 18768 "GET /api/staff/bookings/stats/ HTTP/1.1" 403 58
WARNING 2026-05-05 00:45:16,220 log 13172 1488 Forbidden: /api/staff/bookings/
WARNING 2026-05-05 00:45:16,221 basehttp 13172 1488 "GET /api/staff/bookings/?limit=5&ordering=-created_at HTTP/1.1" 403 58
WARNING 2026-05-05 00:45:16,223 log 13172 3800 Forbidden: /api/staff/logs/
WARNING 2026-05-05 00:45:16,223 basehttp 13172 3800 "GET /api/staff/logs/?limit=10 HTTP/1.1" 403 58
WARNING 2026-05-05 00:45:16,237 log 13172 18768 Forbidden: /api/staff/bookings/stats/
WARNING 2026-05-05 00:45:16,237 basehttp 13172 18768 "GET /api/staff/bookings/stats/ HTTP/1.1" 403 58
WARNING 2026-05-05 00:45:16,844 log 13172 1488 Forbidden: /api/staff/bookings/
WARNING 2026-05-05 00:45:16,844 basehttp 13172 1488 "GET /api/staff/bookings/?limit=5&ordering=-created_at HTTP/1.1" 403 58
WARNING 2026-05-05 00:45:16,846 log 13172 3800 Forbidden: /api/staff/logs/
WARNING 2026-05-05 00:45:16,847 basehttp 13172 3800 "GET /api/staff/logs/?limit=10 HTTP/1.1" 403 58
WARNING 2026-05-05 00:45:16,860 log 13172 18768 Forbidden: /api/staff/bookings/stats/
WARNING 2026-05-05 00:45:16,861 basehttp 13172 18768 "GET /api/staff/bookings/stats/ HTTP/1.1" 403 58
WARNING 2026-05-05 00:45:17,515 log 13172 1488 Forbidden: /api/staff/bookings/
WARNING 2026-05-05 00:45:17,516 basehttp 13172 1488 "GET /api/staff/bookings/?limit=5&ordering=-created_at HTTP/1.1" 403 58
WARNING 2026-05-05 00:45:17,519 log 13172 3800 Forbidden: /api/staff/logs/
WARNING 2026-05-05 00:45:17,519 basehttp 13172 3800 "GET /api/staff/logs/?limit=10 HTTP/1.1" 403 58
WARNING 2026-05-05 00:45:17,532 log 13172 18768 Forbidden: /api/staff/bookings/stats/
WARNING 2026-05-05 00:45:17,533 basehttp 13172 18768 "GET /api/staff/bookings/stats/ HTTP/1.1" 403 58
WARNING 2026-05-05 00:45:18,190 log 13172 1488 Forbidden: /api/staff/bookings/
WARNING 2026-05-05 00:45:18,191 basehttp 13172 1488 "GET /api/staff/bookings/?limit=5&ordering=-created_at HTTP/1.1" 403 58
WARNING 2026-05-05 00:45:18,193 log 13172 3800 Forbidden: /api/staff/logs/
WARNING 2026-05-05 00:45:18,194 basehttp 13172 3800 "GET /api/staff/logs/?limit=10 HTTP/1.1" 403 58
WARNING 2026-05-05 00:45:18,207 log 13172 18768 Forbidden: /api/staff/bookings/stats/
WARNING 2026-05-05 00:45:18,208 basehttp 13172 18768 "GET /api/staff/bookings/stats/ HTTP/1.1" 403 58
WARNING 2026-05-05 00:45:18,831 log 13172 1488 Forbidden: /api/staff/bookings/
WARNING 2026-05-05 00:45:18,832 basehttp 13172 1488 "GET /api/staff/bookings/?limit=5&ordering=-created_at HTTP/1.1" 403 58
WARNING 2026-05-05 00:45:18,835 log 13172 3800 Forbidden: /api/staff/logs/
WARNING 2026-05-05 00:45:18,836 basehttp 13172 3800 "GET /api/staff/logs/?limit=10 HTTP/1.1" 403 58
WARNING 2026-05-05 00:45:18,848 log 13172 18768 Forbidden: /api/staff/bookings/stats/
WARNING 2026-05-05 00:45:18,848 basehttp 13172 18768 "GET /api/staff/bookings/stats/ HTTP/1.1" 403 58
WARNING 2026-05-05 00:45:19,470 log 13172 1488 Forbidden: /api/staff/bookings/
WARNING 2026-05-05 00:45:19,471 basehttp 13172 1488 "GET /api/staff/bookings/?limit=5&ordering=-created_at HTTP/1.1" 403 58
WARNING 2026-05-05 00:45:19,473 log 13172 3800 Forbidden: /api/staff/logs/
WARNING 2026-05-05 00:45:19,473 basehttp 13172 3800 "GET /api/staff/logs/?limit=10 HTTP/1.1" 403 58
WARNING 2026-05-05 00:45:19,487 log 13172 18768 Forbidden: /api/staff/bookings/stats/
WARNING 2026-05-05 00:45:19,488 basehttp 13172 18768 "GET /api/staff/bookings/stats/ HTTP/1.1" 403 58
WARNING 2026-05-05 00:45:20,095 log 13172 1488 Forbidden: /api/staff/bookings/
WARNING 2026-05-05 00:45:20,096 basehttp 13172 1488 "GET /api/staff/bookings/?limit=5&ordering=-created_at HTTP/1.1" 403 58
WARNING 2026-05-05 00:45:20,111 log 13172 3800 Forbidden: /api/staff/logs/
WARNING 2026-05-05 00:45:20,113 log 13172 18768 Forbidden: /api/staff/bookings/stats/
WARNING 2026-05-05 00:45:20,113 basehttp 13172 3800 "GET /api/staff/logs/?limit=10 HTTP/1.1" 403 58
WARNING 2026-05-05 00:45:20,114 basehttp 13172 18768 "GET /api/staff/bookings/stats/ HTTP/1.1" 403 58
WARNING 2026-05-05 00:45:20,731 log 13172 1488 Forbidden: /api/staff/bookings/
WARNING 2026-05-05 00:45:20,732 basehttp 13172 1488 "GET /api/staff/bookings/?limit=5&ordering=-created_at HTTP/1.1" 403 58
WARNING 2026-05-05 00:45:20,735 log 13172 3800 Forbidden: /api/staff/logs/
WARNING 2026-05-05 00:45:20,736 basehttp 13172 3800 "GET /api/staff/logs/?limit=10 HTTP/1.1" 403 58
WARNING 2026-05-05 00:45:20,749 log 13172 18768 Forbidden: /api/staff/bookings/stats/
WARNING 2026-05-05 00:45:20,749 basehttp 13172 18768 "GET /api/staff/bookings/stats/ HTTP/1.1" 403 58
WARNING 2026-05-05 00:45:21,432 log 13172 1488 Forbidden: /api/staff/bookings/
WARNING 2026-05-05 00:45:21,432 basehttp 13172 1488 "GET /api/staff/bookings/?limit=5&ordering=-created_at HTTP/1.1" 403 58
WARNING 2026-05-05 00:45:21,436 log 13172 3800 Forbidden: /api/staff/logs/
WARNING 2026-05-05 00:45:21,436 basehttp 13172 3800 "GET /api/staff/logs/?limit=10 HTTP/1.1" 403 58
WARNING 2026-05-05 00:45:21,451 log 13172 18768 Forbidden: /api/staff/bookings/stats/
WARNING 2026-05-05 00:45:21,452 basehttp 13172 18768 "GET /api/staff/bookings/stats/ HTTP/1.1" 403 58
WARNING 2026-05-05 00:45:22,142 log 13172 3800 Forbidden: /api/staff/logs/
WARNING 2026-05-05 00:45:22,143 log 13172 1488 Forbidden: /api/staff/bookings/
WARNING 2026-05-05 00:45:22,144 basehttp 13172 3800 "GET /api/staff/logs/?limit=10 HTTP/1.1" 403 58
WARNING 2026-05-05 00:45:22,144 basehttp 13172 1488 "GET /api/staff/bookings/?limit=5&ordering=-created_at HTTP/1.1" 403 58
WARNING 2026-05-05 00:45:22,156 log 13172 18768 Forbidden: /api/staff/bookings/stats/
WARNING 2026-05-05 00:45:22,156 basehttp 13172 18768 "GET /api/staff/bookings/stats/ HTTP/1.1" 403 58
WARNING 2026-05-05 00:45:22,830 log 13172 1488 Forbidden: /api/staff/logs/
WARNING 2026-05-05 00:45:22,831 basehttp 13172 1488 "GET /api/staff/logs/?limit=10 HTTP/1.1" 403 58
WARNING 2026-05-05 00:45:22,833 log 13172 3800 Forbidden: /api/staff/bookings/
WARNING 2026-05-05 00:45:22,833 basehttp 13172 3800 "GET /api/staff/bookings/?limit=5&ordering=-created_at HTTP/1.1" 403 58
WARNING 2026-05-05 00:45:22,846 log 13172 18768 Forbidden: /api/staff/bookings/stats/
WARNING 2026-05-05 00:45:22,847 basehttp 13172 18768 "GET /api/staff/bookings/stats/ HTTP/1.1" 403 58
WARNING 2026-05-05 00:45:23,526 log 13172 1488 Forbidden: /api/staff/bookings/
WARNING 2026-05-05 00:45:23,527 basehttp 13172 1488 "GET /api/staff/bookings/?limit=5&ordering=-created_at HTTP/1.1" 403 58
WARNING 2026-05-05 00:45:23,529 log 13172 3800 Forbidden: /api/staff/logs/
WARNING 2026-05-05 00:45:23,529 basehttp 13172 3800 "GET /api/staff/logs/?limit=10 HTTP/1.1" 403 58
WARNING 2026-05-05 00:45:23,543 log 13172 18768 Forbidden: /api/staff/bookings/stats/
WARNING 2026-05-05 00:45:23,543 basehttp 13172 18768 "GET /api/staff/bookings/stats/ HTTP/1.1" 403 58
WARNING 2026-05-05 00:45:24,240 log 13172 1488 Forbidden: /api/staff/bookings/
WARNING 2026-05-05 00:45:24,241 basehttp 13172 1488 "GET /api/staff/bookings/?limit=5&ordering=-created_at HTTP/1.1" 403 58
WARNING 2026-05-05 00:45:24,243 log 13172 3800 Forbidden: /api/staff/logs/
WARNING 2026-05-05 00:45:24,243 basehttp 13172 3800 "GET /api/staff/logs/?limit=10 HTTP/1.1" 403 58
WARNING 2026-05-05 00:45:24,257 log 13172 18768 Forbidden: /api/staff/bookings/stats/
WARNING 2026-05-05 00:45:24,258 basehttp 13172 18768 "GET /api/staff/bookings/stats/ HTTP/1.1" 403 58
WARNING 2026-05-05 00:45:24,926 log 13172 1488 Forbidden: /api/staff/bookings/
WARNING 2026-05-05 00:45:24,927 basehttp 13172 1488 "GET /api/staff/bookings/?limit=5&ordering=-created_at HTTP/1.1" 403 58
WARNING 2026-05-05 00:45:24,928 log 13172 3800 Forbidden: /api/staff/logs/
WARNING 2026-05-05 00:45:24,929 basehttp 13172 3800 "GET /api/staff/logs/?limit=10 HTTP/1.1" 403 58
WARNING 2026-05-05 00:45:24,943 log 13172 18768 Forbidden: /api/staff/bookings/stats/
WARNING 2026-05-05 00:45:24,943 basehttp 13172 18768 "GET /api/staff/bookings/stats/ HTTP/1.1" 403 58
WARNING 2026-05-05 00:45:25,572 log 13172 1488 Forbidden: /api/staff/bookings/
WARNING 2026-05-05 00:45:25,573 basehttp 13172 1488 "GET /api/staff/bookings/?limit=5&ordering=-created_at HTTP/1.1" 403 58
WARNING 2026-05-05 00:45:25,575 log 13172 3800 Forbidden: /api/staff/logs/
WARNING 2026-05-05 00:45:25,576 basehttp 13172 3800 "GET /api/staff/logs/?limit=10 HTTP/1.1" 403 58
WARNING 2026-05-05 00:45:25,589 log 13172 18768 Forbidden: /api/staff/bookings/stats/
WARNING 2026-05-05 00:45:25,590 basehttp 13172 18768 "GET /api/staff/bookings/stats/ HTTP/1.1" 403 58
INFO 2026-05-05 00:46:35,289 basehttp 13172 2632 "POST /api/auth/staff/login/password/ HTTP/1.1" 200 424
WARNING 2026-05-05 00:46:37,799 log 13172 20768 Forbidden: /api/staff/bookings/
WARNING 2026-05-05 00:46:37,800 basehttp 13172 20768 "GET /api/staff/bookings/?limit=5&ordering=-created_at HTTP/1.1" 403 58
WARNING 2026-05-05 00:46:37,942 log 13172 7644 Forbidden: /api/staff/bookings/stats/
WARNING 2026-05-05 00:46:37,943 basehttp 13172 7644 "GET /api/staff/bookings/stats/ HTTP/1.1" 403 58
WARNING 2026-05-05 00:46:38,261 log 13172 8040 Forbidden: /api/staff/logs/
INFO 2026-05-05 00:46:38,262 basehttp 13172 8040 - Broken pipe from ('127.0.0.1', 54350)
INFO 2026-05-05 00:46:46,410 basehttp 13172 1624 "POST /api/auth/staff/login/password/ HTTP/1.1" 200 424
WARNING 2026-05-05 00:46:46,853 log 13172 20768 Forbidden: /api/staff/bookings/stats/
WARNING 2026-05-05 00:46:46,854 basehttp 13172 20768 "GET /api/staff/bookings/stats/ HTTP/1.1" 403 58
WARNING 2026-05-05 00:46:46,870 log 13172 7644 Forbidden: /api/staff/logs/
WARNING 2026-05-05 00:46:46,871 basehttp 13172 7644 "GET /api/staff/logs/?limit=10 HTTP/1.1" 403 58
WARNING 2026-05-05 00:46:48,564 log 13172 9968 Forbidden: /api/staff/bookings/
INFO 2026-05-05 00:46:48,564 basehttp 13172 9968 - Broken pipe from ('127.0.0.1', 60111)
INFO 2026-05-05 00:54:35,489 basehttp 13172 19260 "POST /api/auth/staff/login/password/ HTTP/1.1" 200 424
WARNING 2026-05-05 00:54:37,974 log 13172 19596 Forbidden: /api/staff/bookings/
WARNING 2026-05-05 00:54:37,975 basehttp 13172 19596 "GET /api/staff/bookings/?limit=5&ordering=-created_at HTTP/1.1" 403 58
WARNING 2026-05-05 00:54:38,042 log 13172 20596 Forbidden: /api/staff/logs/
WARNING 2026-05-05 00:54:38,044 basehttp 13172 20596 "GET /api/staff/logs/?limit=10 HTTP/1.1" 403 58
WARNING 2026-05-05 00:54:38,073 log 13172 16064 Forbidden: /api/staff/bookings/stats/
WARNING 2026-05-05 00:54:38,074 basehttp 13172 16064 "GET /api/staff/bookings/stats/ HTTP/1.1" 403 58
INFO 2026-05-05 00:56:19,461 basehttp 13172 9344 "POST /api/auth/staff/login/password/ HTTP/1.1" 200 424
WARNING 2026-05-05 00:56:20,041 log 13172 16064 Forbidden: /api/staff/bookings/stats/
WARNING 2026-05-05 00:56:20,042 basehttp 13172 16064 "GET /api/staff/bookings/stats/ HTTP/1.1" 403 58
WARNING 2026-05-05 00:56:20,050 log 13172 20596 Forbidden: /api/staff/logs/
WARNING 2026-05-05 00:56:20,051 log 13172 19596 Forbidden: /api/staff/bookings/
WARNING 2026-05-05 00:56:20,053 basehttp 13172 20596 "GET /api/staff/logs/?limit=10 HTTP/1.1" 403 58
WARNING 2026-05-05 00:56:20,053 basehttp 13172 19596 "GET /api/staff/bookings/?limit=5&ordering=-created_at HTTP/1.1" 403 58
WARNING 2026-05-05 00:56:21,309 log 13172 20596 Forbidden: /api/staff/bookings/stats/
WARNING 2026-05-05 00:56:21,311 basehttp 13172 20596 "GET /api/staff/bookings/stats/ HTTP/1.1" 403 58
WARNING 2026-05-05 00:56:21,324 log 13172 19596 Forbidden: /api/staff/bookings/
WARNING 2026-05-05 00:56:21,325 log 13172 16064 Forbidden: /api/staff/logs/
WARNING 2026-05-05 00:56:21,326 basehttp 13172 19596 "GET /api/staff/bookings/?limit=5&ordering=-created_at HTTP/1.1" 403 58
WARNING 2026-05-05 00:56:21,327 basehttp 13172 16064 "GET /api/staff/logs/?limit=10 HTTP/1.1" 403 58
INFO 2026-05-05 00:56:28,962 basehttp 13172 16064 "OPTIONS /api/staff/bookings/ HTTP/1.1" 200 0
WARNING 2026-05-05 00:56:29,214 log 13172 19596 Forbidden: /api/staff/bookings/stats/
WARNING 2026-05-05 00:56:29,215 basehttp 13172 19596 "GET /api/staff/bookings/stats/ HTTP/1.1" 403 58
WARNING 2026-05-05 00:56:29,218 log 13172 16064 Forbidden: /api/staff/bookings/
WARNING 2026-05-05 00:56:29,219 basehttp 13172 16064 "GET /api/staff/bookings/ HTTP/1.1" 403 58
WARNING 2026-05-05 00:56:30,475 log 13172 16064 Forbidden: /api/staff/bookings/stats/
WARNING 2026-05-05 00:56:30,476 basehttp 13172 16064 "GET /api/staff/bookings/stats/ HTTP/1.1" 403 58
WARNING 2026-05-05 00:56:30,483 log 13172 19596 Forbidden: /api/staff/bookings/
WARNING 2026-05-05 00:56:30,485 basehttp 13172 19596 "GET /api/staff/bookings/ HTTP/1.1" 403 58
INFO 2026-05-05 00:56:34,715 basehttp 13172 19596 "OPTIONS /api/staff/bookings/?payment_method=cash&payment_status=pending HTTP/1.1" 200 0
WARNING 2026-05-05 00:56:34,971 log 13172 19596 Forbidden: /api/staff/bookings/
WARNING 2026-05-05 00:56:34,972 basehttp 13172 19596 "GET /api/staff/bookings/?payment_method=cash&payment_status=pending HTTP/1.1" 403 58
WARNING 2026-05-05 00:56:36,237 log 13172 19596 Forbidden: /api/staff/bookings/
WARNING 2026-05-05 00:56:36,238 basehttp 13172 19596 "GET /api/staff/bookings/?payment_method=cash&payment_status=pending HTTP/1.1" 403 58
INFO 2026-05-05 00:56:39,273 basehttp 13172 19596 "OPTIONS /api/staff/bookings/?limit=200 HTTP/1.1" 200 0
WARNING 2026-05-05 00:56:39,533 log 13172 19596 Forbidden: /api/staff/bookings/
WARNING 2026-05-05 00:56:39,534 basehttp 13172 19596 "GET /api/staff/bookings/?limit=200 HTTP/1.1" 403 58
WARNING 2026-05-05 00:56:40,797 log 13172 19596 Forbidden: /api/staff/bookings/
WARNING 2026-05-05 00:56:40,798 basehttp 13172 19596 "GET /api/staff/bookings/?limit=200 HTTP/1.1" 403 58
INFO 2026-05-05 00:56:41,141 basehttp 13172 16064 "OPTIONS /api/spare-parts/parts/?search= HTTP/1.1" 200 0
INFO 2026-05-05 00:56:41,142 basehttp 13172 19596 "OPTIONS /api/spare-parts/parts/ HTTP/1.1" 200 0
INFO 2026-05-05 00:56:47,806 basehttp 13172 16064 "GET /api/spare-parts/parts/ HTTP/1.1" 200 10166
INFO 2026-05-05 00:56:47,842 basehttp 13172 19596 "GET /api/spare-parts/parts/?search= HTTP/1.1" 200 10166
INFO 2026-05-05 00:56:52,291 basehttp 13172 19596 "OPTIONS /api/spare-parts/orders/ HTTP/1.1" 200 0
WARNING 2026-05-05 00:56:52,551 log 13172 19596 Bad Request: /api/spare-parts/orders/
WARNING 2026-05-05 00:56:52,552 basehttp 13172 19596 "GET /api/spare-parts/orders/ HTTP/1.1" 400 64
WARNING 2026-05-05 00:56:53,874 log 13172 19596 Bad Request: /api/spare-parts/orders/
WARNING 2026-05-05 00:56:53,875 basehttp 13172 19596 "GET /api/spare-parts/orders/ HTTP/1.1" 400 64
INFO 2026-05-05 00:56:58,763 basehttp 13172 19596 "OPTIONS /api/staff/bookings/?search=&limit=50 HTTP/1.1" 200 0
WARNING 2026-05-05 00:56:59,021 log 13172 19596 Forbidden: /api/staff/bookings/
WARNING 2026-05-05 00:56:59,021 basehttp 13172 19596 "GET /api/staff/bookings/?search=&limit=50 HTTP/1.1" 403 58
WARNING 2026-05-05 00:57:00,290 log 13172 19596 Forbidden: /api/staff/bookings/
WARNING 2026-05-05 00:57:00,291 basehttp 13172 19596 "GET /api/staff/bookings/?search=&limit=50 HTTP/1.1" 403 58
WARNING 2026-05-05 00:57:00,741 log 13172 19596 Forbidden: /api/staff/bookings/stats/
WARNING 2026-05-05 00:57:00,742 basehttp 13172 19596 "GET /api/staff/bookings/stats/ HTTP/1.1" 403 58
WARNING 2026-05-05 00:57:02,006 log 13172 19596 Forbidden: /api/staff/bookings/stats/
WARNING 2026-05-05 00:57:02,007 basehttp 13172 19596 "GET /api/staff/bookings/stats/ HTTP/1.1" 403 58
WARNING 2026-05-05 00:57:05,816 log 13172 19596 Forbidden: /api/staff/bookings/stats/
WARNING 2026-05-05 00:57:05,817 basehttp 13172 19596 "GET /api/staff/bookings/stats/ HTTP/1.1" 403 58
WARNING 2026-05-05 00:57:05,820 log 13172 16064 Forbidden: /api/staff/bookings/
WARNING 2026-05-05 00:57:05,821 basehttp 13172 16064 "GET /api/staff/bookings/ HTTP/1.1" 403 58
WARNING 2026-05-05 00:57:07,080 log 13172 16064 Forbidden: /api/staff/bookings/stats/
WARNING 2026-05-05 00:57:07,081 basehttp 13172 16064 "GET /api/staff/bookings/stats/ HTTP/1.1" 403 58
WARNING 2026-05-05 00:57:07,084 log 13172 19596 Forbidden: /api/staff/bookings/
WARNING 2026-05-05 00:57:07,085 basehttp 13172 19596 "GET /api/staff/bookings/ HTTP/1.1" 403 58
WARNING 2026-05-05 00:57:10,733 log 13172 19596 Forbidden: /api/staff/bookings/
WARNING 2026-05-05 00:57:10,734 basehttp 13172 19596 "GET /api/staff/bookings/?limit=200 HTTP/1.1" 403 58
WARNING 2026-05-05 00:57:11,997 log 13172 19596 Forbidden: /api/staff/bookings/
WARNING 2026-05-05 00:57:11,998 basehttp 13172 19596 "GET /api/staff/bookings/?limit=200 HTTP/1.1" 403 58
WARNING 2026-05-05 00:57:29,609 log 13172 16064 Forbidden: /api/staff/bookings/
WARNING 2026-05-05 00:57:29,610 log 13172 19596 Forbidden: /api/staff/bookings/stats/
WARNING 2026-05-05 00:57:29,611 basehttp 13172 19596 "GET /api/staff/bookings/stats/ HTTP/1.1" 403 58
WARNING 2026-05-05 00:57:29,611 basehttp 13172 16064 "GET /api/staff/bookings/ HTTP/1.1" 403 58
WARNING 2026-05-05 00:57:30,879 log 13172 16064 Forbidden: /api/staff/bookings/
WARNING 2026-05-05 00:57:30,879 log 13172 19596 Forbidden: /api/staff/bookings/stats/
WARNING 2026-05-05 00:57:30,880 basehttp 13172 16064 "GET /api/staff/bookings/ HTTP/1.1" 403 58
WARNING 2026-05-05 00:57:30,881 basehttp 13172 19596 "GET /api/staff/bookings/stats/ HTTP/1.1" 403 58
WARNING 2026-05-05 00:57:47,681 log 13172 20596 Bad Request: /api/spare-parts/orders/
WARNING 2026-05-05 00:57:47,682 basehttp 13172 20596 "GET /api/spare-parts/orders/ HTTP/1.1" 400 64
WARNING 2026-05-05 00:57:48,945 log 13172 20596 Bad Request: /api/spare-parts/orders/
WARNING 2026-05-05 00:57:48,947 basehttp 13172 20596 "GET /api/spare-parts/orders/ HTTP/1.1" 400 64
WARNING 2026-05-05 00:57:49,542 log 13172 20596 Forbidden: /api/staff/bookings/
WARNING 2026-05-05 00:57:49,543 basehttp 13172 20596 "GET /api/staff/bookings/?search=&limit=50 HTTP/1.1" 403 58
WARNING 2026-05-05 00:57:50,810 log 13172 20596 Forbidden: /api/staff/bookings/
WARNING 2026-05-05 00:57:50,811 basehttp 13172 20596 "GET /api/staff/bookings/?search=&limit=50 HTTP/1.1" 403 58
INFO 2026-05-05 00:57:52,048 basehttp 13172 19596 "GET /api/spare-parts/parts/ HTTP/1.1" 200 10166
INFO 2026-05-05 00:57:52,048 basehttp 13172 16064 "GET /api/spare-parts/parts/?search= HTTP/1.1" 200 10166
WARNING 2026-05-05 00:57:52,685 log 13172 20596 Forbidden: /api/staff/bookings/
WARNING 2026-05-05 00:57:52,687 log 13172 19596 Forbidden: /api/staff/logs/
WARNING 2026-05-05 00:57:52,687 log 13172 16064 Forbidden: /api/staff/bookings/stats/
WARNING 2026-05-05 00:57:52,688 basehttp 13172 19596 "GET /api/staff/logs/?limit=10 HTTP/1.1" 403 58
WARNING 2026-05-05 00:57:52,689 basehttp 13172 20596 "GET /api/staff/bookings/?limit=5&ordering=-created_at HTTP/1.1" 403 58
WARNING 2026-05-05 00:57:52,689 basehttp 13172 16064 "GET /api/staff/bookings/stats/ HTTP/1.1" 403 58
WARNING 2026-05-05 00:57:53,971 log 13172 16064 Forbidden: /api/staff/bookings/
WARNING 2026-05-05 00:57:53,973 log 13172 20596 Forbidden: /api/staff/logs/
WARNING 2026-05-05 00:57:53,973 log 13172 19596 Forbidden: /api/staff/bookings/stats/
WARNING 2026-05-05 00:57:53,974 basehttp 13172 20596 "GET /api/staff/logs/?limit=10 HTTP/1.1" 403 58
WARNING 2026-05-05 00:57:53,975 basehttp 13172 16064 "GET /api/staff/bookings/?limit=5&ordering=-created_at HTTP/1.1" 403 58
WARNING 2026-05-05 00:57:53,975 basehttp 13172 19596 "GET /api/staff/bookings/stats/ HTTP/1.1" 403 58
WARNING 2026-05-05 00:57:55,522 log 13172 19596 Forbidden: /api/staff/bookings/stats/
WARNING 2026-05-05 00:57:55,524 log 13172 16064 Forbidden: /api/staff/bookings/
WARNING 2026-05-05 00:57:55,525 basehttp 13172 16064 "GET /api/staff/bookings/ HTTP/1.1" 403 58
WARNING 2026-05-05 00:57:55,525 basehttp 13172 19596 "GET /api/staff/bookings/stats/ HTTP/1.1" 403 58
WARNING 2026-05-05 00:57:56,806 log 13172 16064 Forbidden: /api/staff/bookings/
WARNING 2026-05-05 00:57:56,807 log 13172 19596 Forbidden: /api/staff/bookings/stats/
WARNING 2026-05-05 00:57:56,808 basehttp 13172 16064 "GET /api/staff/bookings/ HTTP/1.1" 403 58
WARNING 2026-05-05 00:57:56,808 basehttp 13172 19596 "GET /api/staff/bookings/stats/ HTTP/1.1" 403 58
WARNING 2026-05-05 00:58:16,297 log 13172 16064 Forbidden: /api/staff/logs/
WARNING 2026-05-05 00:58:16,298 log 13172 19596 Forbidden: /api/staff/bookings/stats/
WARNING 2026-05-05 00:58:16,297 log 13172 20596 Forbidden: /api/staff/bookings/
WARNING 2026-05-05 00:58:16,299 basehttp 13172 16064 "GET /api/staff/logs/?limit=10 HTTP/1.1" 403 58
WARNING 2026-05-05 00:58:16,300 basehttp 13172 19596 "GET /api/staff/bookings/stats/ HTTP/1.1" 403 58
WARNING 2026-05-05 00:58:16,301 basehttp 13172 20596 "GET /api/staff/bookings/?limit=5&ordering=-created_at HTTP/1.1" 403 58
WARNING 2026-05-05 00:58:17,592 log 13172 20596 Forbidden: /api/staff/logs/
WARNING 2026-05-05 00:58:17,593 log 13172 16064 Forbidden: /api/staff/bookings/
WARNING 2026-05-05 00:58:17,594 log 13172 19596 Forbidden: /api/staff/bookings/stats/
WARNING 2026-05-05 00:58:17,595 basehttp 13172 16064 "GET /api/staff/bookings/?limit=5&ordering=-created_at HTTP/1.1" 403 58
WARNING 2026-05-05 00:58:17,595 basehttp 13172 20596 "GET /api/staff/logs/?limit=10 HTTP/1.1" 403 58
WARNING 2026-05-05 00:58:17,595 basehttp 13172 19596 "GET /api/staff/bookings/stats/ HTTP/1.1" 403 58
WARNING 2026-05-05 00:58:36,227 log 13172 20596 Bad Request: /api/spare-parts/orders/
WARNING 2026-05-05 00:58:36,228 basehttp 13172 20596 "GET /api/spare-parts/orders/ HTTP/1.1" 400 64
WARNING 2026-05-05 00:58:37,494 log 13172 20596 Bad Request: /api/spare-parts/orders/
WARNING 2026-05-05 00:58:37,496 basehttp 13172 20596 "GET /api/spare-parts/orders/ HTTP/1.1" 400 64
WARNING 2026-05-05 00:58:47,860 log 13172 20596 Forbidden: /api/staff/bookings/stats/
WARNING 2026-05-05 00:58:47,860 basehttp 13172 20596 "GET /api/staff/bookings/stats/ HTTP/1.1" 403 58
WARNING 2026-05-05 00:58:49,129 log 13172 20596 Forbidden: /api/staff/bookings/stats/
WARNING 2026-05-05 00:58:49,129 basehttp 13172 20596 "GET /api/staff/bookings/stats/ HTTP/1.1" 403 58
WARNING 2026-05-05 00:58:54,261 log 13172 20596 Forbidden: /api/staff/bookings/stats/
WARNING 2026-05-05 00:58:54,262 log 13172 19596 Bad Request: /api/spare-parts/orders/
WARNING 2026-05-05 00:58:54,263 basehttp 13172 20596 "GET /api/staff/bookings/stats/ HTTP/1.1" 403 58
WARNING 2026-05-05 00:58:54,263 basehttp 13172 19596 "GET /api/spare-parts/orders/ HTTP/1.1" 400 64
WARNING 2026-05-05 00:58:55,534 log 13172 20596 Forbidden: /api/staff/bookings/stats/
WARNING 2026-05-05 00:58:55,535 log 13172 19596 Bad Request: /api/spare-parts/orders/
WARNING 2026-05-05 00:58:55,536 basehttp 13172 19596 "GET /api/spare-parts/orders/ HTTP/1.1" 400 64
WARNING 2026-05-05 00:58:55,536 basehttp 13172 20596 "GET /api/staff/bookings/stats/ HTTP/1.1" 403 58
WARNING 2026-05-05 00:59:50,096 log 13172 10368 Not Found: /
WARNING 2026-05-05 00:59:50,098 basehttp 13172 10368 "GET / HTTP/1.1" 404 4077
WARNING 2026-05-05 00:59:50,486 log 13172 10368 Not Found: /favicon.ico
WARNING 2026-05-05 00:59:50,487 basehttp 13172 10368 "GET /favicon.ico HTTP/1.1" 404 4128
WARNING 2026-05-05 01:00:02,381 log 13172 10368 Not Found: /bookings/
WARNING 2026-05-05 01:00:02,382 basehttp 13172 10368 "GET /bookings/ HTTP/1.1" 404 4122
WARNING 2026-05-05 01:00:12,370 log 13172 10368 Not Found: /ap/bookings/
WARNING 2026-05-05 01:00:12,371 basehttp 13172 10368 "GET /ap/bookings/ HTTP/1.1" 404 4131
INFO 2026-05-05 01:00:20,323 basehttp 13172 10368 "GET /api/bookings/ HTTP/1.1" 200 59
WARNING 2026-05-05 01:00:31,171 log 13172 10368 Unauthorized: /api/bookings/bookings/
WARNING 2026-05-05 01:00:31,171 basehttp 13172 10368 "GET /api/bookings/bookings/ HTTP/1.1" 401 67
INFO 2026-05-05 01:00:42,383 basehttp 13172 10368 "GET /admin HTTP/1.1" 301 0
INFO 2026-05-05 01:00:44,646 basehttp 13172 19852 "GET /admin/ HTTP/1.1" 302 0
INFO 2026-05-05 01:00:44,984 basehttp 13172 19852 "GET /admin/login/?next=/admin/ HTTP/1.1" 200 4177
INFO 2026-05-05 01:00:45,156 basehttp 13172 2544 "GET /static/admin/css/dark_mode.css HTTP/1.1" 200 2808
INFO 2026-05-05 01:00:45,161 basehttp 13172 19852 "GET /static/admin/css/base.css HTTP/1.1" 200 22120
INFO 2026-05-05 01:00:45,175 basehttp 13172 2544 "GET /static/admin/css/nav_sidebar.css HTTP/1.1" 200 2810
INFO 2026-05-05 01:00:45,178 basehttp 13172 19852 "GET /static/admin/css/login.css HTTP/1.1" 200 951
INFO 2026-05-05 01:00:45,205 basehttp 13172 2544 "GET /static/admin/css/responsive.css HTTP/1.1" 200 16565
INFO 2026-05-05 01:00:45,226 basehttp 13172 19852 "GET /static/admin/js/theme.js HTTP/1.1" 200 1653
INFO 2026-05-05 01:00:45,246 basehttp 13172 2544 "GET /static/admin/js/nav_sidebar.js HTTP/1.1" 200 3063
INFO 2026-05-05 01:00:57,554 basehttp 13172 2544 - Broken pipe from ('127.0.0.1', 58589)
INFO 2026-05-05 01:00:57,957 basehttp 13172 19852 "POST /admin/login/?next=/admin/ HTTP/1.1" 302 0
INFO 2026-05-05 01:00:59,601 basehttp 13172 19852 "GET /admin/ HTTP/1.1" 200 26858
INFO 2026-05-05 01:00:59,640 basehttp 13172 19852 "GET /static/admin/css/dashboard.css HTTP/1.1" 200 441
INFO 2026-05-05 01:00:59,728 basehttp 13172 19852 "GET /static/admin/img/icon-addlink.svg HTTP/1.1" 200 331
INFO 2026-05-05 01:00:59,729 basehttp 13172 8096 "GET /static/admin/img/icon-changelink.svg HTTP/1.1" 200 380
ERROR 2026-05-05 01:01:17,813 log 13172 19852 Internal Server Error: /admin/bookings/booking/
Traceback (most recent call last):
  File "E:\develop\repairmybike\repairmybike_backend\venv\Lib\site-packages\django\db\backends\utils.py", line 105, in _execute
    return self.cursor.execute(sql, params)
           ~~~~~~~~~~~~~~~~~~~^^^^^^^^^^^^^
psycopg2.errors.UndefinedColumn: column bookings.notes does not exist
LINE 1: ...on_id", "bookings"."subscription_visit_consumed", "bookings"...
                                                             ^


The above exception was the direct cause of the following exception:

Traceback (most recent call last):
  File "E:\develop\repairmybike\repairmybike_backend\venv\Lib\site-packages\django\core\handlers\exception.py", line 55, in inner
    response = get_response(request)
  File "E:\develop\repairmybike\repairmybike_backend\venv\Lib\site-packages\django\core\handlers\base.py", line 197, in _get_response
    response = wrapped_callback(request, *callback_args, **callback_kwargs)
  File "C:\Users\wolf\AppData\Local\Python\pythoncore-3.14-64\Lib\contextlib.py", line 85, in inner
    return func(*args, **kwds)
  File "E:\develop\repairmybike\repairmybike_backend\venv\Lib\site-packages\django\contrib\admin\options.py", line 719, in wrapper
    return self.admin_site.admin_view(view)(*args, **kwargs)
           ~~~~~~~~~~~~~~~~~~~~~~~~~~~~~~~~^^^^^^^^^^^^^^^^^
  File "E:\develop\repairmybike\repairmybike_backend\venv\Lib\site-packages\django\utils\decorators.py", line 192, in _view_wrapper
    result = _process_exception(request, e)
  File "E:\develop\repairmybike\repairmybike_backend\venv\Lib\site-packages\django\utils\decorators.py", line 190, in _view_wrapper
    response = view_func(request, *args, **kwargs)
  File "E:\develop\repairmybike\repairmybike_backend\venv\Lib\site-packages\django\views\decorators\cache.py", line 80, in _view_wrapper
    response = view_func(request, *args, **kwargs)
  File "E:\develop\repairmybike\repairmybike_backend\venv\Lib\site-packages\django\contrib\admin\sites.py", line 246, in inner
    return view(request, *args, **kwargs)
  File "E:\develop\repairmybike\repairmybike_backend\venv\Lib\site-packages\django\utils\decorators.py", line 48, in _wrapper
    return bound_method(*args, **kwargs)
  File "E:\develop\repairmybike\repairmybike_backend\venv\Lib\site-packages\django\utils\decorators.py", line 192, in _view_wrapper
    result = _process_exception(request, e)
  File "E:\develop\repairmybike\repairmybike_backend\venv\Lib\site-packages\django\utils\decorators.py", line 190, in _view_wrapper
    response = view_func(request, *args, **kwargs)
  File "E:\develop\repairmybike\repairmybike_backend\venv\Lib\site-packages\django\contrib\admin\options.py", line 2163, in changelist_view
    "selection_note": _("0 of %(cnt)s selected") % {"cnt": len(cl.result_list)},
                                                           ~~~^^^^^^^^^^^^^^^^
  File "E:\develop\repairmybike\repairmybike_backend\venv\Lib\site-packages\django\db\models\query.py", line 366, in __len__
    self._fetch_all()
    ~~~~~~~~~~~~~~~^^
  File "E:\develop\repairmybike\repairmybike_backend\venv\Lib\site-packages\django\db\models\query.py", line 1949, in _fetch_all
    self._result_cache = list(self._iterable_class(self))
                         ~~~~^^^^^^^^^^^^^^^^^^^^^^^^^^^^
  File "E:\develop\repairmybike\repairmybike_backend\venv\Lib\site-packages\django\db\models\query.py", line 91, in __iter__
    results = compiler.execute_sql(
        chunked_fetch=self.chunked_fetch, chunk_size=self.chunk_size
    )
  File "E:\develop\repairmybike\repairmybike_backend\venv\Lib\site-packages\django\db\models\sql\compiler.py", line 1623, in execute_sql
    cursor.execute(sql, params)
    ~~~~~~~~~~~~~~^^^^^^^^^^^^^
  File "E:\develop\repairmybike\repairmybike_backend\venv\Lib\site-packages\django\db\backends\utils.py", line 122, in execute
    return super().execute(sql, params)
           ~~~~~~~~~~~~~~~^^^^^^^^^^^^^
  File "E:\develop\repairmybike\repairmybike_backend\venv\Lib\site-packages\django\db\backends\utils.py", line 79, in execute
    return self._execute_with_wrappers(
           ~~~~~~~~~~~~~~~~~~~~~~~~~~~^
        sql, params, many=False, executor=self._execute
        ^^^^^^^^^^^^^^^^^^^^^^^^^^^^^^^^^^^^^^^^^^^^^^^
    )
    ^
  File "E:\develop\repairmybike\repairmybike_backend\venv\Lib\site-packages\django\db\backends\utils.py", line 92, in _execute_with_wrappers
    return executor(sql, params, many, context)
  File "E:\develop\repairmybike\repairmybike_backend\venv\Lib\site-packages\django\db\backends\utils.py", line 100, in _execute
    with self.db.wrap_database_errors:
         ^^^^^^^^^^^^^^^^^^^^^^^^^^^^
  File "E:\develop\repairmybike\repairmybike_backend\venv\Lib\site-packages\django\db\utils.py", line 91, in __exit__
    raise dj_exc_value.with_traceback(traceback) from exc_value
  File "E:\develop\repairmybike\repairmybike_backend\venv\Lib\site-packages\django\db\backends\utils.py", line 105, in _execute
    return self.cursor.execute(sql, params)
           ~~~~~~~~~~~~~~~~~~~^^^^^^^^^^^^^
django.db.utils.ProgrammingError: column bookings.notes does not exist
LINE 1: ...on_id", "bookings"."subscription_visit_consumed", "bookings"...
                                                             ^

ERROR 2026-05-05 01:01:17,827 basehttp 13172 19852 "GET /admin/bookings/booking/ HTTP/1.1" 500 195138
INFO 2026-05-05 01:01:21,626 basehttp 13172 19852 "GET /admin/services/service/ HTTP/1.1" 200 36482
INFO 2026-05-05 01:01:21,893 basehttp 13172 19852 "GET /static/admin/css/changelists.css HTTP/1.1" 200 6878
INFO 2026-05-05 01:01:21,919 basehttp 13172 19852 "GET /static/admin/js/jquery.init.js HTTP/1.1" 200 347
INFO 2026-05-05 01:01:21,971 basehttp 13172 19852 "GET /static/admin/js/core.js HTTP/1.1" 200 6208
INFO 2026-05-05 01:01:21,983 basehttp 13172 18456 "GET /static/admin/js/vendor/jquery/jquery.js HTTP/1.1" 200 285314
INFO 2026-05-05 01:01:22,033 basehttp 13172 19852 "GET /static/admin/js/admin/RelatedObjectLookups.js HTTP/1.1" 200 9777
INFO 2026-05-05 01:01:22,046 basehttp 13172 18456 "GET /static/admin/js/actions.js HTTP/1.1" 200 8076
INFO 2026-05-05 01:01:22,072 basehttp 13172 19852 "GET /static/admin/js/urlify.js HTTP/1.1" 200 7887
INFO 2026-05-05 01:01:22,088 basehttp 13172 18456 "GET /static/admin/js/prepopulate.js HTTP/1.1" 200 1531
INFO 2026-05-05 01:01:22,107 basehttp 13172 8020 "GET /static/admin/img/search.svg HTTP/1.1" 200 458
ERROR 2026-05-05 01:01:22,154 log 13172 8096 Internal Server Error: /admin/bookings/bookingservice/
Traceback (most recent call last):
  File "E:\develop\repairmybike\repairmybike_backend\venv\Lib\site-packages\django\db\backends\utils.py", line 105, in _execute
    return self.cursor.execute(sql, params)
           ~~~~~~~~~~~~~~~~~~~^^^^^^^^^^^^^
psycopg2.errors.UndefinedColumn: column bookings.notes does not exist
LINE 1: ...on_id", "bookings"."subscription_visit_consumed", "bookings"...
                                                             ^


The above exception was the direct cause of the following exception:

Traceback (most recent call last):
  File "E:\develop\repairmybike\repairmybike_backend\venv\Lib\site-packages\django\core\handlers\exception.py", line 55, in inner
    response = get_response(request)
  File "E:\develop\repairmybike\repairmybike_backend\venv\Lib\site-packages\django\core\handlers\base.py", line 197, in _get_response
    response = wrapped_callback(request, *callback_args, **callback_kwargs)
  File "C:\Users\wolf\AppData\Local\Python\pythoncore-3.14-64\Lib\contextlib.py", line 85, in inner
    return func(*args, **kwds)
  File "E:\develop\repairmybike\repairmybike_backend\venv\Lib\site-packages\django\contrib\admin\options.py", line 719, in wrapper
    return self.admin_site.admin_view(view)(*args, **kwargs)
           ~~~~~~~~~~~~~~~~~~~~~~~~~~~~~~~~^^^^^^^^^^^^^^^^^
  File "E:\develop\repairmybike\repairmybike_backend\venv\Lib\site-packages\django\utils\decorators.py", line 192, in _view_wrapper
    result = _process_exception(request, e)
  File "E:\develop\repairmybike\repairmybike_backend\venv\Lib\site-packages\django\utils\decorators.py", line 190, in _view_wrapper
    response = view_func(request, *args, **kwargs)
  File "E:\develop\repairmybike\repairmybike_backend\venv\Lib\site-packages\django\views\decorators\cache.py", line 80, in _view_wrapper
    response = view_func(request, *args, **kwargs)
  File "E:\develop\repairmybike\repairmybike_backend\venv\Lib\site-packages\django\contrib\admin\sites.py", line 246, in inner
    return view(request, *args, **kwargs)
  File "E:\develop\repairmybike\repairmybike_backend\venv\Lib\site-packages\django\utils\decorators.py", line 48, in _wrapper
    return bound_method(*args, **kwargs)
  File "E:\develop\repairmybike\repairmybike_backend\venv\Lib\site-packages\django\utils\decorators.py", line 192, in _view_wrapper
    result = _process_exception(request, e)
  File "E:\develop\repairmybike\repairmybike_backend\venv\Lib\site-packages\django\utils\decorators.py", line 190, in _view_wrapper
    response = view_func(request, *args, **kwargs)
  File "E:\develop\repairmybike\repairmybike_backend\venv\Lib\site-packages\django\contrib\admin\options.py", line 2163, in changelist_view
    "selection_note": _("0 of %(cnt)s selected") % {"cnt": len(cl.result_list)},
                                                           ~~~^^^^^^^^^^^^^^^^
  File "E:\develop\repairmybike\repairmybike_backend\venv\Lib\site-packages\django\db\models\query.py", line 366, in __len__
    self._fetch_all()
    ~~~~~~~~~~~~~~~^^
  File "E:\develop\repairmybike\repairmybike_backend\venv\Lib\site-packages\django\db\models\query.py", line 1949, in _fetch_all
    self._result_cache = list(self._iterable_class(self))
                         ~~~~^^^^^^^^^^^^^^^^^^^^^^^^^^^^
  File "E:\develop\repairmybike\repairmybike_backend\venv\Lib\site-packages\django\db\models\query.py", line 91, in __iter__
    results = compiler.execute_sql(
        chunked_fetch=self.chunked_fetch, chunk_size=self.chunk_size
    )
  File "E:\develop\repairmybike\repairmybike_backend\venv\Lib\site-packages\django\db\models\sql\compiler.py", line 1623, in execute_sql
    cursor.execute(sql, params)
    ~~~~~~~~~~~~~~^^^^^^^^^^^^^
  File "E:\develop\repairmybike\repairmybike_backend\venv\Lib\site-packages\django\db\backends\utils.py", line 122, in execute
    return super().execute(sql, params)
           ~~~~~~~~~~~~~~~^^^^^^^^^^^^^
  File "E:\develop\repairmybike\repairmybike_backend\venv\Lib\site-packages\django\db\backends\utils.py", line 79, in execute
    return self._execute_with_wrappers(
           ~~~~~~~~~~~~~~~~~~~~~~~~~~~^
        sql, params, many=False, executor=self._execute
        ^^^^^^^^^^^^^^^^^^^^^^^^^^^^^^^^^^^^^^^^^^^^^^^
    )
    ^
  File "E:\develop\repairmybike\repairmybike_backend\venv\Lib\site-packages\django\db\backends\utils.py", line 92, in _execute_with_wrappers
    return executor(sql, params, many, context)
  File "E:\develop\repairmybike\repairmybike_backend\venv\Lib\site-packages\django\db\backends\utils.py", line 100, in _execute
    with self.db.wrap_database_errors:
         ^^^^^^^^^^^^^^^^^^^^^^^^^^^^
  File "E:\develop\repairmybike\repairmybike_backend\venv\Lib\site-packages\django\db\utils.py", line 91, in __exit__
    raise dj_exc_value.with_traceback(traceback) from exc_value
  File "E:\develop\repairmybike\repairmybike_backend\venv\Lib\site-packages\django\db\backends\utils.py", line 105, in _execute
    return self.cursor.execute(sql, params)
           ~~~~~~~~~~~~~~~~~~~^^^^^^^^^^^^^
django.db.utils.ProgrammingError: column bookings.notes does not exist
LINE 1: ...on_id", "bookings"."subscription_visit_consumed", "bookings"...
                                                             ^

ERROR 2026-05-05 01:01:22,161 basehttp 13172 8096 "GET /admin/bookings/bookingservice/ HTTP/1.1" 500 206318
INFO 2026-05-05 01:01:22,299 basehttp 13172 19852 "GET /static/admin/js/vendor/xregexp/xregexp.js HTTP/1.1" 200 325171
INFO 2026-05-05 01:01:22,360 basehttp 13172 19852 "GET /static/admin/js/filters.js HTTP/1.1" 200 978
INFO 2026-05-05 01:01:25,025 basehttp 13172 12708 "GET /admin/jsi18n/ HTTP/1.1" 200 3342
INFO 2026-05-05 01:01:25,105 basehttp 13172 19852 "GET /static/admin/img/sorting-icons.svg HTTP/1.1" 200 1097
INFO 2026-05-05 01:01:25,106 basehttp 13172 12708 "GET /static/admin/img/tooltag-add.svg HTTP/1.1" 200 331
INFO 2026-05-05 01:01:25,161 basehttp 13172 12708 "GET /static/admin/img/icon-viewlink.svg HTTP/1.1" 200 581
INFO 2026-05-05 01:01:37,792 basehttp 13172 12708 "GET /admin/services/service/5/change/ HTTP/1.1" 200 31484
INFO 2026-05-05 01:01:37,854 basehttp 13172 12708 "GET /static/admin/css/forms.css HTTP/1.1" 200 8525
INFO 2026-05-05 01:01:37,874 basehttp 13172 19852 "GET /static/admin/js/prepopulate_init.js HTTP/1.1" 200 586
INFO 2026-05-05 01:01:37,903 basehttp 13172 19852 "GET /static/admin/css/widgets.css HTTP/1.1" 200 11973
INFO 2026-05-05 01:01:37,938 basehttp 13172 19852 "GET /static/admin/js/change_form.js HTTP/1.1" 200 606
INFO 2026-05-05 01:01:39,205 basehttp 13172 8096 "GET /admin/jsi18n/ HTTP/1.1" 200 3342
INFO 2026-05-05 01:01:56,118 basehttp 13172 8096 "GET /admin/spare_parts/sparepart/ HTTP/1.1" 200 43640
INFO 2026-05-05 01:01:56,836 basehttp 13172 19852 "GET /admin/subscriptions/subscription/ HTTP/1.1" 200 31851
INFO 2026-05-05 01:01:56,907 basehttp 13172 19852 "GET /static/admin/img/icon-yes.svg HTTP/1.1" 200 436
INFO 2026-05-05 01:01:57,655 basehttp 13172 8096 "GET /admin/jsi18n/ HTTP/1.1" 200 3342
INFO 2026-05-05 01:01:58,950 basehttp 13172 8096 "GET /admin/jsi18n/ HTTP/1.1" 200 3342
WARNING 2026-05-05 01:02:39,364 log 13172 8096 Not Found: /
WARNING 2026-05-05 01:02:39,367 basehttp 13172 8096 "GET / HTTP/1.1" 404 4077
WARNING 2026-05-05 01:02:49,163 log 13172 8096 Not Found: /staff/
WARNING 2026-05-05 01:02:49,164 basehttp 13172 8096 "GET /staff/ HTTP/1.1" 404 4113
WARNING 2026-05-05 01:03:03,694 log 13172 8096 Not Found: /staff/api/bookings/
WARNING 2026-05-05 01:03:03,696 basehttp 13172 8096 "GET /staff/api/bookings/ HTTP/1.1" 404 4152
WARNING 2026-05-05 01:03:12,677 log 13172 8096 Not Found: /staff
WARNING 2026-05-05 01:03:12,679 basehttp 13172 8096 "GET /staff HTTP/1.1" 404 4110
INFO 2026-05-05 01:05:57,889 basehttp 13172 8096 "GET /admin/subscriptions/subscription/ HTTP/1.1" 200 31851
INFO 2026-05-05 01:05:59,230 basehttp 13172 8096 "GET /admin/jsi18n/ HTTP/1.1" 200 3342
WARNING 2026-05-05 01:07:28,459 log 13172 12132 Forbidden: /api/staff/bookings/stats/
WARNING 2026-05-05 01:07:28,460 basehttp 13172 12132 "GET /api/staff/bookings/stats/ HTTP/1.1" 403 58
WARNING 2026-05-05 01:07:28,464 log 13172 21160 Bad Request: /api/spare-parts/orders/
WARNING 2026-05-05 01:07:28,465 basehttp 13172 21160 "GET /api/spare-parts/orders/ HTTP/1.1" 400 64
WARNING 2026-05-05 01:08:35,296 log 13172 21160 Forbidden: /api/staff/bookings/stats/
WARNING 2026-05-05 01:08:35,297 basehttp 13172 21160 "GET /api/staff/bookings/stats/ HTTP/1.1" 403 58
WARNING 2026-05-05 01:11:15,300 log 13172 21160 Forbidden: /api/staff/bookings/stats/
WARNING 2026-05-05 01:11:15,301 basehttp 13172 21160 "GET /api/staff/bookings/stats/ HTTP/1.1" 403 58
WARNING 2026-05-05 01:11:15,302 log 13172 12132 Forbidden: /api/staff/logs/
WARNING 2026-05-05 01:11:15,303 basehttp 13172 12132 "GET /api/staff/logs/?limit=10 HTTP/1.1" 403 58
WARNING 2026-05-05 01:11:15,561 log 13172 21160 Forbidden: /api/staff/bookings/
WARNING 2026-05-05 01:11:15,562 basehttp 13172 21160 "GET /api/staff/bookings/?limit=5&ordering=-created_at HTTP/1.1" 403 58
WARNING 2026-05-05 01:11:16,566 log 13172 21160 Forbidden: /api/staff/bookings/stats/
WARNING 2026-05-05 01:11:16,567 basehttp 13172 21160 "GET /api/staff/bookings/stats/ HTTP/1.1" 403 58
WARNING 2026-05-05 01:11:16,569 log 13172 12132 Forbidden: /api/staff/logs/
WARNING 2026-05-05 01:11:16,570 basehttp 13172 12132 "GET /api/staff/logs/?limit=10 HTTP/1.1" 403 58
WARNING 2026-05-05 01:11:16,829 log 13172 12132 Forbidden: /api/staff/bookings/
WARNING 2026-05-05 01:11:16,830 basehttp 13172 12132 "GET /api/staff/bookings/?limit=5&ordering=-created_at HTTP/1.1" 403 58
INFO 2026-05-05 01:11:28,858 basehttp 13172 12132 "GET /api/spare-parts/parts/ HTTP/1.1" 200 10166
INFO 2026-05-05 01:11:28,858 basehttp 13172 21160 "GET /api/spare-parts/parts/?search= HTTP/1.1" 200 10166
WARNING 2026-05-05 01:11:46,853 log 13172 21160 Forbidden: /api/staff/bookings/stats/
WARNING 2026-05-05 01:11:46,854 basehttp 13172 21160 "GET /api/staff/bookings/stats/ HTTP/1.1" 403 58
WARNING 2026-05-05 01:11:48,122 log 13172 21160 Forbidden: /api/staff/bookings/stats/
WARNING 2026-05-05 01:11:48,123 basehttp 13172 21160 "GET /api/staff/bookings/stats/ HTTP/1.1" 403 58
WARNING 2026-05-05 01:11:52,978 log 13172 21160 Bad Request: /api/spare-parts/orders/
WARNING 2026-05-05 01:11:52,979 basehttp 13172 21160 "GET /api/spare-parts/orders/ HTTP/1.1" 400 64
WARNING 2026-05-05 01:11:54,248 log 13172 21160 Bad Request: /api/spare-parts/orders/
WARNING 2026-05-05 01:11:54,249 basehttp 13172 21160 "GET /api/spare-parts/orders/ HTTP/1.1" 400 64
WARNING 2026-05-05 01:11:57,273 log 13172 12132 Forbidden: /api/staff/bookings/
WARNING 2026-05-05 01:11:57,274 log 13172 21160 Forbidden: /api/staff/bookings/stats/
WARNING 2026-05-05 01:11:57,275 basehttp 13172 12132 "GET /api/staff/bookings/ HTTP/1.1" 403 58
WARNING 2026-05-05 01:11:57,275 basehttp 13172 21160 "GET /api/staff/bookings/stats/ HTTP/1.1" 403 58
WARNING 2026-05-05 01:11:58,540 log 13172 12132 Forbidden: /api/staff/bookings/
WARNING 2026-05-05 01:11:58,541 log 13172 21160 Forbidden: /api/staff/bookings/stats/
WARNING 2026-05-05 01:11:58,542 basehttp 13172 12132 "GET /api/staff/bookings/ HTTP/1.1" 403 58
WARNING 2026-05-05 01:11:58,543 basehttp 13172 21160 "GET /api/staff/bookings/stats/ HTTP/1.1" 403 58
WARNING 2026-05-05 01:12:01,438 log 13172 21160 Forbidden: /api/staff/bookings/
WARNING 2026-05-05 01:12:01,439 basehttp 13172 21160 "GET /api/staff/bookings/?payment_method=cash&payment_status=pending HTTP/1.1" 403 58
WARNING 2026-05-05 01:12:02,706 log 13172 21160 Forbidden: /api/staff/bookings/
WARNING 2026-05-05 01:12:02,707 basehttp 13172 21160 "GET /api/staff/bookings/?payment_method=cash&payment_status=pending HTTP/1.1" 403 58
WARNING 2026-05-05 01:12:04,952 log 13172 21160 Bad Request: /api/spare-parts/orders/
WARNING 2026-05-05 01:12:04,954 basehttp 13172 21160 "GET /api/spare-parts/orders/ HTTP/1.1" 400 64
WARNING 2026-05-05 01:12:06,218 log 13172 21160 Bad Request: /api/spare-parts/orders/
WARNING 2026-05-05 01:12:06,219 basehttp 13172 21160 "GET /api/spare-parts/orders/ HTTP/1.1" 400 64
INFO 2026-05-05 01:13:39,905 basehttp 13172 9044 "POST /api/auth/staff/login/password/ HTTP/1.1" 200 390
WARNING 2026-05-05 01:13:40,385 log 13172 21160 Forbidden: /api/staff/bookings/stats/
WARNING 2026-05-05 01:13:40,386 basehttp 13172 21160 "GET /api/staff/bookings/stats/ HTTP/1.1" 403 58
WARNING 2026-05-05 01:13:40,391 log 13172 12132 Forbidden: /api/staff/logs/
WARNING 2026-05-05 01:13:40,392 basehttp 13172 12132 "GET /api/staff/logs/?limit=10 HTTP/1.1" 403 58
WARNING 2026-05-05 01:13:40,643 log 13172 21160 Forbidden: /api/staff/bookings/
WARNING 2026-05-05 01:13:40,644 basehttp 13172 21160 "GET /api/staff/bookings/?limit=5&ordering=-created_at HTTP/1.1" 403 58
WARNING 2026-05-05 01:13:41,655 log 13172 21160 Forbidden: /api/staff/bookings/stats/
WARNING 2026-05-05 01:13:41,656 basehttp 13172 21160 "GET /api/staff/bookings/stats/ HTTP/1.1" 403 58
WARNING 2026-05-05 01:13:41,672 log 13172 12132 Forbidden: /api/staff/logs/
WARNING 2026-05-05 01:13:41,673 basehttp 13172 12132 "GET /api/staff/logs/?limit=10 HTTP/1.1" 403 58
WARNING 2026-05-05 01:13:43,735 log 13172 19396 Forbidden: /api/staff/bookings/
WARNING 2026-05-05 01:13:43,736 basehttp 13172 19396 "GET /api/staff/bookings/?limit=5&ordering=-created_at HTTP/1.1" 403 58
INFO 2026-05-05 01:13:55,933 basehttp 13172 12132 "GET /api/spare-parts/parts/?search= HTTP/1.1" 200 10166
INFO 2026-05-05 01:13:55,952 basehttp 13172 19396 "GET /api/spare-parts/parts/ HTTP/1.1" 200 10166
WARNING 2026-05-05 01:14:11,924 log 13172 19396 Forbidden: /api/staff/bookings/stats/
WARNING 2026-05-05 01:14:11,925 basehttp 13172 19396 "GET /api/staff/bookings/stats/ HTTP/1.1" 403 58
WARNING 2026-05-05 01:14:13,194 log 13172 19396 Forbidden: /api/staff/bookings/stats/
WARNING 2026-05-05 01:14:13,194 basehttp 13172 19396 "GET /api/staff/bookings/stats/ HTTP/1.1" 403 58
WARNING 2026-05-05 01:14:18,313 log 13172 19396 Bad Request: /api/spare-parts/orders/
WARNING 2026-05-05 01:14:18,314 basehttp 13172 19396 "GET /api/spare-parts/orders/ HTTP/1.1" 400 64
WARNING 2026-05-05 01:14:19,582 log 13172 19396 Bad Request: /api/spare-parts/orders/
WARNING 2026-05-05 01:14:19,583 basehttp 13172 19396 "GET /api/spare-parts/orders/ HTTP/1.1" 400 64
WARNING 2026-05-05 01:14:22,482 log 13172 19396 Forbidden: /api/staff/bookings/
WARNING 2026-05-05 01:14:22,484 basehttp 13172 19396 "GET /api/staff/bookings/?search=&limit=50 HTTP/1.1" 403 58
WARNING 2026-05-05 01:14:23,766 log 13172 19396 Forbidden: /api/staff/bookings/
WARNING 2026-05-05 01:14:23,767 basehttp 13172 19396 "GET /api/staff/bookings/?search=&limit=50 HTTP/1.1" 403 58
WARNING 2026-05-05 01:14:26,613 log 13172 19396 Forbidden: /api/staff/bookings/
WARNING 2026-05-05 01:14:26,614 basehttp 13172 19396 "GET /api/staff/bookings/?payment_method=cash&payment_status=pending HTTP/1.1" 403 58
WARNING 2026-05-05 01:14:27,901 log 13172 19396 Forbidden: /api/staff/bookings/
WARNING 2026-05-05 01:14:27,902 basehttp 13172 19396 "GET /api/staff/bookings/?payment_method=cash&payment_status=pending HTTP/1.1" 403 58
WARNING 2026-05-05 01:14:29,929 log 13172 12132 Forbidden: /api/staff/bookings/
WARNING 2026-05-05 01:14:29,930 log 13172 19396 Forbidden: /api/staff/bookings/stats/
WARNING 2026-05-05 01:14:29,931 basehttp 13172 12132 "GET /api/staff/bookings/ HTTP/1.1" 403 58
WARNING 2026-05-05 01:14:29,932 basehttp 13172 19396 "GET /api/staff/bookings/stats/ HTTP/1.1" 403 58
WARNING 2026-05-05 01:14:31,201 log 13172 12132 Forbidden: /api/staff/bookings/stats/
WARNING 2026-05-05 01:14:31,202 log 13172 19396 Forbidden: /api/staff/bookings/
WARNING 2026-05-05 01:14:31,203 basehttp 13172 19396 "GET /api/staff/bookings/ HTTP/1.1" 403 58
WARNING 2026-05-05 01:14:31,203 basehttp 13172 12132 "GET /api/staff/bookings/stats/ HTTP/1.1" 403 58
WARNING 2026-05-05 01:15:01,471 log 13172 12132 Forbidden: /api/staff/bookings/stats/
WARNING 2026-05-05 01:15:01,472 basehttp 13172 12132 "GET /api/staff/bookings/stats/ HTTP/1.1" 403 58
WARNING 2026-05-05 01:15:01,631 log 13172 19396 Bad Request: /api/spare-parts/orders/
WARNING 2026-05-05 01:15:01,632 basehttp 13172 19396 "GET /api/spare-parts/orders/ HTTP/1.1" 400 64
WARNING 2026-05-05 01:15:02,816 log 13172 19396 Forbidden: /api/staff/bookings/stats/
WARNING 2026-05-05 01:15:02,818 basehttp 13172 19396 "GET /api/staff/bookings/stats/ HTTP/1.1" 403 58
WARNING 2026-05-05 01:15:02,894 log 13172 12132 Bad Request: /api/spare-parts/orders/
WARNING 2026-05-05 01:15:02,895 basehttp 13172 12132 "GET /api/spare-parts/orders/ HTTP/1.1" 400 64
WARNING 2026-05-05 01:23:32,775 log 13172 13844 Forbidden: /api/staff/bookings/stats/
WARNING 2026-05-05 01:23:32,776 basehttp 13172 13844 "GET /api/staff/bookings/stats/ HTTP/1.1" 403 58
WARNING 2026-05-05 01:23:32,963 log 13172 13208 Bad Request: /api/spare-parts/orders/
WARNING 2026-05-05 01:23:32,964 basehttp 13172 13208 "GET /api/spare-parts/orders/ HTTP/1.1" 400 64
WARNING 2026-05-05 01:23:33,026 log 13172 13844 Forbidden: /api/staff/bookings/stats/
WARNING 2026-05-05 01:23:33,028 basehttp 13172 13844 "GET /api/staff/bookings/stats/ HTTP/1.1" 403 58
WARNING 2026-05-05 01:23:33,234 log 13172 13208 Bad Request: /api/spare-parts/orders/
WARNING 2026-05-05 01:23:33,235 basehttp 13172 13208 "GET /api/spare-parts/orders/ HTTP/1.1" 400 64
INFO 2026-05-05 01:41:41,549 basehttp 13172 12068 "GET /api/spare-parts/orders/ HTTP/1.1" 200 67
INFO 2026-05-05 01:41:42,786 basehttp 13172 12068 "GET /api/spare-parts/orders/ HTTP/1.1" 200 67
INFO 2026-05-05 01:41:43,930 basehttp 13172 20956 "GET /api/staff/bookings/stats/ HTTP/1.1" 200 223
INFO 2026-05-05 01:41:47,296 basehttp 13172 20956 "GET /api/staff/bookings/stats/ HTTP/1.1" 200 223
INFO 2026-05-05 01:42:17,308 basehttp 13172 20956 "GET /api/staff/bookings/stats/ HTTP/1.1" 200 223
ERROR 2026-05-05 01:42:20,980 log 13172 12068 Internal Server Error: /api/staff/bookings/
Traceback (most recent call last):
  File "E:\develop\repairmybike\repairmybike_backend\venv\Lib\site-packages\django\db\backends\utils.py", line 105, in _execute
    return self.cursor.execute(sql, params)
           ~~~~~~~~~~~~~~~~~~~^^^^^^^^^^^^^
psycopg2.errors.UndefinedColumn: column bookings.notes does not exist
LINE 1: ...on_id", "bookings"."subscription_visit_consumed", "bookings"...
                                                             ^


The above exception was the direct cause of the following exception:

Traceback (most recent call last):
  File "E:\develop\repairmybike\repairmybike_backend\venv\Lib\site-packages\django\core\handlers\exception.py", line 55, in inner
    response = get_response(request)
  File "E:\develop\repairmybike\repairmybike_backend\venv\Lib\site-packages\django\core\handlers\base.py", line 197, in _get_response
    response = wrapped_callback(request, *callback_args, **callback_kwargs)
  File "C:\Users\wolf\AppData\Local\Python\pythoncore-3.14-64\Lib\contextlib.py", line 85, in inner
    return func(*args, **kwds)
  File "E:\develop\repairmybike\repairmybike_backend\venv\Lib\site-packages\django\views\decorators\csrf.py", line 65, in _view_wrapper
    return view_func(request, *args, **kwargs)
  File "E:\develop\repairmybike\repairmybike_backend\venv\Lib\site-packages\rest_framework\viewsets.py", line 125, in view
    return self.dispatch(request, *args, **kwargs)
           ~~~~~~~~~~~~~^^^^^^^^^^^^^^^^^^^^^^^^^^
  File "E:\develop\repairmybike\repairmybike_backend\venv\Lib\site-packages\rest_framework\views.py", line 515, in dispatch
    response = self.handle_exception(exc)
  File "E:\develop\repairmybike\repairmybike_backend\venv\Lib\site-packages\rest_framework\views.py", line 475, in handle_exception
    self.raise_uncaught_exception(exc)
    ~~~~~~~~~~~~~~~~~~~~~~~~~~~~~^^^^^
  File "E:\develop\repairmybike\repairmybike_backend\venv\Lib\site-packages\rest_framework\views.py", line 486, in raise_uncaught_exception
    raise exc
  File "E:\develop\repairmybike\repairmybike_backend\venv\Lib\site-packages\rest_framework\views.py", line 512, in dispatch
    response = handler(request, *args, **kwargs)
  File "E:\develop\repairmybike\repairmybike_backend\staff\views.py", line 47, in list
    'data': serializer.data,
            ^^^^^^^^^^^^^^^
  File "E:\develop\repairmybike\repairmybike_backend\venv\Lib\site-packages\rest_framework\serializers.py", line 797, in data
    ret = super().data
          ^^^^^^^^^^^^
  File "E:\develop\repairmybike\repairmybike_backend\venv\Lib\site-packages\rest_framework\serializers.py", line 251, in data
    self._data = self.to_representation(self.instance)
                 ~~~~~~~~~~~~~~~~~~~~~~^^^^^^^^^^^^^^^
  File "E:\develop\repairmybike\repairmybike_backend\venv\Lib\site-packages\rest_framework\serializers.py", line 716, in to_representation
    self.child.to_representation(item) for item in iterable
                                                   ^^^^^^^^
  File "E:\develop\repairmybike\repairmybike_backend\venv\Lib\site-packages\django\db\models\query.py", line 384, in __iter__
    self._fetch_all()
    ~~~~~~~~~~~~~~~^^
  File "E:\develop\repairmybike\repairmybike_backend\venv\Lib\site-packages\django\db\models\query.py", line 1949, in _fetch_all
    self._result_cache = list(self._iterable_class(self))
                         ~~~~^^^^^^^^^^^^^^^^^^^^^^^^^^^^
  File "E:\develop\repairmybike\repairmybike_backend\venv\Lib\site-packages\django\db\models\query.py", line 91, in __iter__
    results = compiler.execute_sql(
        chunked_fetch=self.chunked_fetch, chunk_size=self.chunk_size
    )
  File "E:\develop\repairmybike\repairmybike_backend\venv\Lib\site-packages\django\db\models\sql\compiler.py", line 1623, in execute_sql
    cursor.execute(sql, params)
    ~~~~~~~~~~~~~~^^^^^^^^^^^^^
  File "E:\develop\repairmybike\repairmybike_backend\venv\Lib\site-packages\django\db\backends\utils.py", line 122, in execute
    return super().execute(sql, params)
           ~~~~~~~~~~~~~~~^^^^^^^^^^^^^
  File "E:\develop\repairmybike\repairmybike_backend\venv\Lib\site-packages\django\db\backends\utils.py", line 79, in execute
    return self._execute_with_wrappers(
           ~~~~~~~~~~~~~~~~~~~~~~~~~~~^
        sql, params, many=False, executor=self._execute
        ^^^^^^^^^^^^^^^^^^^^^^^^^^^^^^^^^^^^^^^^^^^^^^^
    )
    ^
  File "E:\develop\repairmybike\repairmybike_backend\venv\Lib\site-packages\django\db\backends\utils.py", line 92, in _execute_with_wrappers
    return executor(sql, params, many, context)
  File "E:\develop\repairmybike\repairmybike_backend\venv\Lib\site-packages\django\db\backends\utils.py", line 100, in _execute
    with self.db.wrap_database_errors:
         ^^^^^^^^^^^^^^^^^^^^^^^^^^^^
  File "E:\develop\repairmybike\repairmybike_backend\venv\Lib\site-packages\django\db\utils.py", line 91, in __exit__
    raise dj_exc_value.with_traceback(traceback) from exc_value
  File "E:\develop\repairmybike\repairmybike_backend\venv\Lib\site-packages\django\db\backends\utils.py", line 105, in _execute
    return self.cursor.execute(sql, params)
           ~~~~~~~~~~~~~~~~~~~^^^^^^^^^^^^^
django.db.utils.ProgrammingError: column bookings.notes does not exist
LINE 1: ...on_id", "bookings"."subscription_visit_consumed", "bookings"...
                                                             ^

ERROR 2026-05-05 01:42:20,993 basehttp 13172 12068 "GET /api/staff/bookings/ HTTP/1.1" 500 192644
ERROR 2026-05-05 01:42:25,906 log 13172 12068 Internal Server Error: /api/staff/bookings/
Traceback (most recent call last):
  File "E:\develop\repairmybike\repairmybike_backend\venv\Lib\site-packages\django\db\backends\utils.py", line 105, in _execute
    return self.cursor.execute(sql, params)
           ~~~~~~~~~~~~~~~~~~~^^^^^^^^^^^^^
psycopg2.errors.UndefinedColumn: column bookings.notes does not exist
LINE 1: ...on_id", "bookings"."subscription_visit_consumed", "bookings"...
                                                             ^


The above exception was the direct cause of the following exception:

Traceback (most recent call last):
  File "E:\develop\repairmybike\repairmybike_backend\venv\Lib\site-packages\django\core\handlers\exception.py", line 55, in inner
    response = get_response(request)
  File "E:\develop\repairmybike\repairmybike_backend\venv\Lib\site-packages\django\core\handlers\base.py", line 197, in _get_response
    response = wrapped_callback(request, *callback_args, **callback_kwargs)
  File "C:\Users\wolf\AppData\Local\Python\pythoncore-3.14-64\Lib\contextlib.py", line 85, in inner
    return func(*args, **kwds)
  File "E:\develop\repairmybike\repairmybike_backend\venv\Lib\site-packages\django\views\decorators\csrf.py", line 65, in _view_wrapper
    return view_func(request, *args, **kwargs)
  File "E:\develop\repairmybike\repairmybike_backend\venv\Lib\site-packages\rest_framework\viewsets.py", line 125, in view
    return self.dispatch(request, *args, **kwargs)
           ~~~~~~~~~~~~~^^^^^^^^^^^^^^^^^^^^^^^^^^
  File "E:\develop\repairmybike\repairmybike_backend\venv\Lib\site-packages\rest_framework\views.py", line 515, in dispatch
    response = self.handle_exception(exc)
  File "E:\develop\repairmybike\repairmybike_backend\venv\Lib\site-packages\rest_framework\views.py", line 475, in handle_exception
    self.raise_uncaught_exception(exc)
    ~~~~~~~~~~~~~~~~~~~~~~~~~~~~~^^^^^
  File "E:\develop\repairmybike\repairmybike_backend\venv\Lib\site-packages\rest_framework\views.py", line 486, in raise_uncaught_exception
    raise exc
  File "E:\develop\repairmybike\repairmybike_backend\venv\Lib\site-packages\rest_framework\views.py", line 512, in dispatch
    response = handler(request, *args, **kwargs)
  File "E:\develop\repairmybike\repairmybike_backend\staff\views.py", line 47, in list
    'data': serializer.data,
            ^^^^^^^^^^^^^^^
  File "E:\develop\repairmybike\repairmybike_backend\venv\Lib\site-packages\rest_framework\serializers.py", line 797, in data
    ret = super().data
          ^^^^^^^^^^^^
  File "E:\develop\repairmybike\repairmybike_backend\venv\Lib\site-packages\rest_framework\serializers.py", line 251, in data
    self._data = self.to_representation(self.instance)
                 ~~~~~~~~~~~~~~~~~~~~~~^^^^^^^^^^^^^^^
  File "E:\develop\repairmybike\repairmybike_backend\venv\Lib\site-packages\rest_framework\serializers.py", line 716, in to_representation
    self.child.to_representation(item) for item in iterable
                                                   ^^^^^^^^
  File "E:\develop\repairmybike\repairmybike_backend\venv\Lib\site-packages\django\db\models\query.py", line 384, in __iter__
    self._fetch_all()
    ~~~~~~~~~~~~~~~^^
  File "E:\develop\repairmybike\repairmybike_backend\venv\Lib\site-packages\django\db\models\query.py", line 1949, in _fetch_all
    self._result_cache = list(self._iterable_class(self))
                         ~~~~^^^^^^^^^^^^^^^^^^^^^^^^^^^^
  File "E:\develop\repairmybike\repairmybike_backend\venv\Lib\site-packages\django\db\models\query.py", line 91, in __iter__
    results = compiler.execute_sql(
        chunked_fetch=self.chunked_fetch, chunk_size=self.chunk_size
    )
  File "E:\develop\repairmybike\repairmybike_backend\venv\Lib\site-packages\django\db\models\sql\compiler.py", line 1623, in execute_sql
    cursor.execute(sql, params)
    ~~~~~~~~~~~~~~^^^^^^^^^^^^^
  File "E:\develop\repairmybike\repairmybike_backend\venv\Lib\site-packages\django\db\backends\utils.py", line 122, in execute
    return super().execute(sql, params)
           ~~~~~~~~~~~~~~~^^^^^^^^^^^^^
  File "E:\develop\repairmybike\repairmybike_backend\venv\Lib\site-packages\django\db\backends\utils.py", line 79, in execute
    return self._execute_with_wrappers(
           ~~~~~~~~~~~~~~~~~~~~~~~~~~~^
        sql, params, many=False, executor=self._execute
        ^^^^^^^^^^^^^^^^^^^^^^^^^^^^^^^^^^^^^^^^^^^^^^^
    )
    ^
  File "E:\develop\repairmybike\repairmybike_backend\venv\Lib\site-packages\django\db\backends\utils.py", line 92, in _execute_with_wrappers
    return executor(sql, params, many, context)
  File "E:\develop\repairmybike\repairmybike_backend\venv\Lib\site-packages\django\db\backends\utils.py", line 100, in _execute
    with self.db.wrap_database_errors:
         ^^^^^^^^^^^^^^^^^^^^^^^^^^^^
  File "E:\develop\repairmybike\repairmybike_backend\venv\Lib\site-packages\django\db\utils.py", line 91, in __exit__
    raise dj_exc_value.with_traceback(traceback) from exc_value
  File "E:\develop\repairmybike\repairmybike_backend\venv\Lib\site-packages\django\db\backends\utils.py", line 105, in _execute
    return self.cursor.execute(sql, params)
           ~~~~~~~~~~~~~~~~~~~^^^^^^^^^^^^^
django.db.utils.ProgrammingError: column bookings.notes does not exist
LINE 1: ...on_id", "bookings"."subscription_visit_consumed", "bookings"...
                                                             ^

ERROR 2026-05-05 01:42:25,914 basehttp 13172 12068 "GET /api/staff/bookings/ HTTP/1.1" 500 192644
INFO 2026-05-05 01:42:28,360 basehttp 13172 12068 "OPTIONS /api/staff/bookings/?status=pending HTTP/1.1" 200 0
ERROR 2026-05-05 01:42:32,291 log 13172 12068 Internal Server Error: /api/staff/bookings/
Traceback (most recent call last):
  File "E:\develop\repairmybike\repairmybike_backend\venv\Lib\site-packages\django\db\backends\utils.py", line 105, in _execute
    return self.cursor.execute(sql, params)
           ~~~~~~~~~~~~~~~~~~~^^^^^^^^^^^^^
psycopg2.errors.UndefinedColumn: column bookings.notes does not exist
LINE 1: ...on_id", "bookings"."subscription_visit_consumed", "bookings"...
                                                             ^


The above exception was the direct cause of the following exception:

Traceback (most recent call last):
  File "E:\develop\repairmybike\repairmybike_backend\venv\Lib\site-packages\django\core\handlers\exception.py", line 55, in inner
    response = get_response(request)
  File "E:\develop\repairmybike\repairmybike_backend\venv\Lib\site-packages\django\core\handlers\base.py", line 197, in _get_response
    response = wrapped_callback(request, *callback_args, **callback_kwargs)
  File "C:\Users\wolf\AppData\Local\Python\pythoncore-3.14-64\Lib\contextlib.py", line 85, in inner
    return func(*args, **kwds)
  File "E:\develop\repairmybike\repairmybike_backend\venv\Lib\site-packages\django\views\decorators\csrf.py", line 65, in _view_wrapper
    return view_func(request, *args, **kwargs)
  File "E:\develop\repairmybike\repairmybike_backend\venv\Lib\site-packages\rest_framework\viewsets.py", line 125, in view
    return self.dispatch(request, *args, **kwargs)
           ~~~~~~~~~~~~~^^^^^^^^^^^^^^^^^^^^^^^^^^
  File "E:\develop\repairmybike\repairmybike_backend\venv\Lib\site-packages\rest_framework\views.py", line 515, in dispatch
    response = self.handle_exception(exc)
  File "E:\develop\repairmybike\repairmybike_backend\venv\Lib\site-packages\rest_framework\views.py", line 475, in handle_exception
    self.raise_uncaught_exception(exc)
    ~~~~~~~~~~~~~~~~~~~~~~~~~~~~~^^^^^
  File "E:\develop\repairmybike\repairmybike_backend\venv\Lib\site-packages\rest_framework\views.py", line 486, in raise_uncaught_exception
    raise exc
  File "E:\develop\repairmybike\repairmybike_backend\venv\Lib\site-packages\rest_framework\views.py", line 512, in dispatch
    response = handler(request, *args, **kwargs)
  File "E:\develop\repairmybike\repairmybike_backend\staff\views.py", line 47, in list
    'data': serializer.data,
            ^^^^^^^^^^^^^^^
  File "E:\develop\repairmybike\repairmybike_backend\venv\Lib\site-packages\rest_framework\serializers.py", line 797, in data
    ret = super().data
          ^^^^^^^^^^^^
  File "E:\develop\repairmybike\repairmybike_backend\venv\Lib\site-packages\rest_framework\serializers.py", line 251, in data
    self._data = self.to_representation(self.instance)
                 ~~~~~~~~~~~~~~~~~~~~~~^^^^^^^^^^^^^^^
  File "E:\develop\repairmybike\repairmybike_backend\venv\Lib\site-packages\rest_framework\serializers.py", line 716, in to_representation
    self.child.to_representation(item) for item in iterable
                                                   ^^^^^^^^
  File "E:\develop\repairmybike\repairmybike_backend\venv\Lib\site-packages\django\db\models\query.py", line 384, in __iter__
    self._fetch_all()
    ~~~~~~~~~~~~~~~^^
  File "E:\develop\repairmybike\repairmybike_backend\venv\Lib\site-packages\django\db\models\query.py", line 1949, in _fetch_all
    self._result_cache = list(self._iterable_class(self))
                         ~~~~^^^^^^^^^^^^^^^^^^^^^^^^^^^^
  File "E:\develop\repairmybike\repairmybike_backend\venv\Lib\site-packages\django\db\models\query.py", line 91, in __iter__
    results = compiler.execute_sql(
        chunked_fetch=self.chunked_fetch, chunk_size=self.chunk_size
    )
  File "E:\develop\repairmybike\repairmybike_backend\venv\Lib\site-packages\django\db\models\sql\compiler.py", line 1623, in execute_sql
    cursor.execute(sql, params)
    ~~~~~~~~~~~~~~^^^^^^^^^^^^^
  File "E:\develop\repairmybike\repairmybike_backend\venv\Lib\site-packages\django\db\backends\utils.py", line 122, in execute
    return super().execute(sql, params)
           ~~~~~~~~~~~~~~~^^^^^^^^^^^^^
  File "E:\develop\repairmybike\repairmybike_backend\venv\Lib\site-packages\django\db\backends\utils.py", line 79, in execute
    return self._execute_with_wrappers(
           ~~~~~~~~~~~~~~~~~~~~~~~~~~~^
        sql, params, many=False, executor=self._execute
        ^^^^^^^^^^^^^^^^^^^^^^^^^^^^^^^^^^^^^^^^^^^^^^^
    )
    ^
  File "E:\develop\repairmybike\repairmybike_backend\venv\Lib\site-packages\django\db\backends\utils.py", line 92, in _execute_with_wrappers
    return executor(sql, params, many, context)
  File "E:\develop\repairmybike\repairmybike_backend\venv\Lib\site-packages\django\db\backends\utils.py", line 100, in _execute
    with self.db.wrap_database_errors:
         ^^^^^^^^^^^^^^^^^^^^^^^^^^^^
  File "E:\develop\repairmybike\repairmybike_backend\venv\Lib\site-packages\django\db\utils.py", line 91, in __exit__
    raise dj_exc_value.with_traceback(traceback) from exc_value
  File "E:\develop\repairmybike\repairmybike_backend\venv\Lib\site-packages\django\db\backends\utils.py", line 105, in _execute
    return self.cursor.execute(sql, params)
           ~~~~~~~~~~~~~~~~~~~^^^^^^^^^^^^^
django.db.utils.ProgrammingError: column bookings.notes does not exist
LINE 1: ...on_id", "bookings"."subscription_visit_consumed", "bookings"...
                                                             ^

ERROR 2026-05-05 01:42:32,298 basehttp 13172 12068 "GET /api/staff/bookings/?status=pending HTTP/1.1" 500 193724
ERROR 2026-05-05 01:42:35,877 log 13172 20956 Internal Server Error: /api/staff/bookings/
Traceback (most recent call last):
  File "E:\develop\repairmybike\repairmybike_backend\venv\Lib\site-packages\django\db\backends\utils.py", line 105, in _execute
    return self.cursor.execute(sql, params)
           ~~~~~~~~~~~~~~~~~~~^^^^^^^^^^^^^
psycopg2.errors.UndefinedColumn: column bookings.notes does not exist
LINE 1: ...on_id", "bookings"."subscription_visit_consumed", "bookings"...
                                                             ^


The above exception was the direct cause of the following exception:

Traceback (most recent call last):
  File "E:\develop\repairmybike\repairmybike_backend\venv\Lib\site-packages\django\core\handlers\exception.py", line 55, in inner
    response = get_response(request)
  File "E:\develop\repairmybike\repairmybike_backend\venv\Lib\site-packages\django\core\handlers\base.py", line 197, in _get_response
    response = wrapped_callback(request, *callback_args, **callback_kwargs)
  File "C:\Users\wolf\AppData\Local\Python\pythoncore-3.14-64\Lib\contextlib.py", line 85, in inner
    return func(*args, **kwds)
  File "E:\develop\repairmybike\repairmybike_backend\venv\Lib\site-packages\django\views\decorators\csrf.py", line 65, in _view_wrapper
    return view_func(request, *args, **kwargs)
  File "E:\develop\repairmybike\repairmybike_backend\venv\Lib\site-packages\rest_framework\viewsets.py", line 125, in view
    return self.dispatch(request, *args, **kwargs)
           ~~~~~~~~~~~~~^^^^^^^^^^^^^^^^^^^^^^^^^^
  File "E:\develop\repairmybike\repairmybike_backend\venv\Lib\site-packages\rest_framework\views.py", line 515, in dispatch
    response = self.handle_exception(exc)
  File "E:\develop\repairmybike\repairmybike_backend\venv\Lib\site-packages\rest_framework\views.py", line 475, in handle_exception
    self.raise_uncaught_exception(exc)
    ~~~~~~~~~~~~~~~~~~~~~~~~~~~~~^^^^^
  File "E:\develop\repairmybike\repairmybike_backend\venv\Lib\site-packages\rest_framework\views.py", line 486, in raise_uncaught_exception
    raise exc
  File "E:\develop\repairmybike\repairmybike_backend\venv\Lib\site-packages\rest_framework\views.py", line 512, in dispatch
    response = handler(request, *args, **kwargs)
  File "E:\develop\repairmybike\repairmybike_backend\staff\views.py", line 47, in list
    'data': serializer.data,
            ^^^^^^^^^^^^^^^
  File "E:\develop\repairmybike\repairmybike_backend\venv\Lib\site-packages\rest_framework\serializers.py", line 797, in data
    ret = super().data
          ^^^^^^^^^^^^
  File "E:\develop\repairmybike\repairmybike_backend\venv\Lib\site-packages\rest_framework\serializers.py", line 251, in data
    self._data = self.to_representation(self.instance)
                 ~~~~~~~~~~~~~~~~~~~~~~^^^^^^^^^^^^^^^
  File "E:\develop\repairmybike\repairmybike_backend\venv\Lib\site-packages\rest_framework\serializers.py", line 716, in to_representation
    self.child.to_representation(item) for item in iterable
                                                   ^^^^^^^^
  File "E:\develop\repairmybike\repairmybike_backend\venv\Lib\site-packages\django\db\models\query.py", line 384, in __iter__
    self._fetch_all()
    ~~~~~~~~~~~~~~~^^
  File "E:\develop\repairmybike\repairmybike_backend\venv\Lib\site-packages\django\db\models\query.py", line 1949, in _fetch_all
    self._result_cache = list(self._iterable_class(self))
                         ~~~~^^^^^^^^^^^^^^^^^^^^^^^^^^^^
  File "E:\develop\repairmybike\repairmybike_backend\venv\Lib\site-packages\django\db\models\query.py", line 91, in __iter__
    results = compiler.execute_sql(
        chunked_fetch=self.chunked_fetch, chunk_size=self.chunk_size
    )
  File "E:\develop\repairmybike\repairmybike_backend\venv\Lib\site-packages\django\db\models\sql\compiler.py", line 1623, in execute_sql
    cursor.execute(sql, params)
    ~~~~~~~~~~~~~~^^^^^^^^^^^^^
  File "E:\develop\repairmybike\repairmybike_backend\venv\Lib\site-packages\django\db\backends\utils.py", line 122, in execute
    return super().execute(sql, params)
           ~~~~~~~~~~~~~~~^^^^^^^^^^^^^
  File "E:\develop\repairmybike\repairmybike_backend\venv\Lib\site-packages\django\db\backends\utils.py", line 79, in execute
    return self._execute_with_wrappers(
           ~~~~~~~~~~~~~~~~~~~~~~~~~~~^
        sql, params, many=False, executor=self._execute
        ^^^^^^^^^^^^^^^^^^^^^^^^^^^^^^^^^^^^^^^^^^^^^^^
    )
    ^
  File "E:\develop\repairmybike\repairmybike_backend\venv\Lib\site-packages\django\db\backends\utils.py", line 92, in _execute_with_wrappers
    return executor(sql, params, many, context)
  File "E:\develop\repairmybike\repairmybike_backend\venv\Lib\site-packages\django\db\backends\utils.py", line 100, in _execute
    with self.db.wrap_database_errors:
         ^^^^^^^^^^^^^^^^^^^^^^^^^^^^
  File "E:\develop\repairmybike\repairmybike_backend\venv\Lib\site-packages\django\db\utils.py", line 91, in __exit__
    raise dj_exc_value.with_traceback(traceback) from exc_value
  File "E:\develop\repairmybike\repairmybike_backend\venv\Lib\site-packages\django\db\backends\utils.py", line 105, in _execute
    return self.cursor.execute(sql, params)
           ~~~~~~~~~~~~~~~~~~~^^^^^^^^^^^^^
django.db.utils.ProgrammingError: column bookings.notes does not exist
LINE 1: ...on_id", "bookings"."subscription_visit_consumed", "bookings"...
                                                             ^

ERROR 2026-05-05 01:42:35,882 basehttp 13172 20956 "GET /api/staff/bookings/ HTTP/1.1" 500 192644
INFO 2026-05-05 01:42:43,663 basehttp 13172 12068 "GET /api/spare-parts/parts/?search= HTTP/1.1" 200 10166
INFO 2026-05-05 01:42:44,357 basehttp 13172 20956 "GET /api/spare-parts/parts/ HTTP/1.1" 200 10166
ERROR 2026-05-05 01:42:49,604 log 13172 20956 Internal Server Error: /api/staff/bookings/
Traceback (most recent call last):
  File "E:\develop\repairmybike\repairmybike_backend\venv\Lib\site-packages\django\db\backends\utils.py", line 105, in _execute
    return self.cursor.execute(sql, params)
           ~~~~~~~~~~~~~~~~~~~^^^^^^^^^^^^^
psycopg2.errors.UndefinedColumn: column bookings.notes does not exist
LINE 1: ...on_id", "bookings"."subscription_visit_consumed", "bookings"...
                                                             ^


The above exception was the direct cause of the following exception:

Traceback (most recent call last):
  File "E:\develop\repairmybike\repairmybike_backend\venv\Lib\site-packages\django\core\handlers\exception.py", line 55, in inner
    response = get_response(request)
  File "E:\develop\repairmybike\repairmybike_backend\venv\Lib\site-packages\django\core\handlers\base.py", line 197, in _get_response
    response = wrapped_callback(request, *callback_args, **callback_kwargs)
  File "C:\Users\wolf\AppData\Local\Python\pythoncore-3.14-64\Lib\contextlib.py", line 85, in inner
    return func(*args, **kwds)
  File "E:\develop\repairmybike\repairmybike_backend\venv\Lib\site-packages\django\views\decorators\csrf.py", line 65, in _view_wrapper
    return view_func(request, *args, **kwargs)
  File "E:\develop\repairmybike\repairmybike_backend\venv\Lib\site-packages\rest_framework\viewsets.py", line 125, in view
    return self.dispatch(request, *args, **kwargs)
           ~~~~~~~~~~~~~^^^^^^^^^^^^^^^^^^^^^^^^^^
  File "E:\develop\repairmybike\repairmybike_backend\venv\Lib\site-packages\rest_framework\views.py", line 515, in dispatch
    response = self.handle_exception(exc)
  File "E:\develop\repairmybike\repairmybike_backend\venv\Lib\site-packages\rest_framework\views.py", line 475, in handle_exception
    self.raise_uncaught_exception(exc)
    ~~~~~~~~~~~~~~~~~~~~~~~~~~~~~^^^^^
  File "E:\develop\repairmybike\repairmybike_backend\venv\Lib\site-packages\rest_framework\views.py", line 486, in raise_uncaught_exception
    raise exc
  File "E:\develop\repairmybike\repairmybike_backend\venv\Lib\site-packages\rest_framework\views.py", line 512, in dispatch
    response = handler(request, *args, **kwargs)
  File "E:\develop\repairmybike\repairmybike_backend\staff\views.py", line 47, in list
    'data': serializer.data,
            ^^^^^^^^^^^^^^^
  File "E:\develop\repairmybike\repairmybike_backend\venv\Lib\site-packages\rest_framework\serializers.py", line 797, in data
    ret = super().data
          ^^^^^^^^^^^^
  File "E:\develop\repairmybike\repairmybike_backend\venv\Lib\site-packages\rest_framework\serializers.py", line 251, in data
    self._data = self.to_representation(self.instance)
                 ~~~~~~~~~~~~~~~~~~~~~~^^^^^^^^^^^^^^^
  File "E:\develop\repairmybike\repairmybike_backend\venv\Lib\site-packages\rest_framework\serializers.py", line 716, in to_representation
    self.child.to_representation(item) for item in iterable
                                                   ^^^^^^^^
  File "E:\develop\repairmybike\repairmybike_backend\venv\Lib\site-packages\django\db\models\query.py", line 384, in __iter__
    self._fetch_all()
    ~~~~~~~~~~~~~~~^^
  File "E:\develop\repairmybike\repairmybike_backend\venv\Lib\site-packages\django\db\models\query.py", line 1949, in _fetch_all
    self._result_cache = list(self._iterable_class(self))
                         ~~~~^^^^^^^^^^^^^^^^^^^^^^^^^^^^
  File "E:\develop\repairmybike\repairmybike_backend\venv\Lib\site-packages\django\db\models\query.py", line 91, in __iter__
    results = compiler.execute_sql(
        chunked_fetch=self.chunked_fetch, chunk_size=self.chunk_size
    )
  File "E:\develop\repairmybike\repairmybike_backend\venv\Lib\site-packages\django\db\models\sql\compiler.py", line 1623, in execute_sql
    cursor.execute(sql, params)
    ~~~~~~~~~~~~~~^^^^^^^^^^^^^
  File "E:\develop\repairmybike\repairmybike_backend\venv\Lib\site-packages\django\db\backends\utils.py", line 122, in execute
    return super().execute(sql, params)
           ~~~~~~~~~~~~~~~^^^^^^^^^^^^^
  File "E:\develop\repairmybike\repairmybike_backend\venv\Lib\site-packages\django\db\backends\utils.py", line 79, in execute
    return self._execute_with_wrappers(
           ~~~~~~~~~~~~~~~~~~~~~~~~~~~^
        sql, params, many=False, executor=self._execute
        ^^^^^^^^^^^^^^^^^^^^^^^^^^^^^^^^^^^^^^^^^^^^^^^
    )
    ^
  File "E:\develop\repairmybike\repairmybike_backend\venv\Lib\site-packages\django\db\backends\utils.py", line 92, in _execute_with_wrappers
    return executor(sql, params, many, context)
  File "E:\develop\repairmybike\repairmybike_backend\venv\Lib\site-packages\django\db\backends\utils.py", line 100, in _execute
    with self.db.wrap_database_errors:
         ^^^^^^^^^^^^^^^^^^^^^^^^^^^^
  File "E:\develop\repairmybike\repairmybike_backend\venv\Lib\site-packages\django\db\utils.py", line 91, in __exit__
    raise dj_exc_value.with_traceback(traceback) from exc_value
  File "E:\develop\repairmybike\repairmybike_backend\venv\Lib\site-packages\django\db\backends\utils.py", line 105, in _execute
    return self.cursor.execute(sql, params)
           ~~~~~~~~~~~~~~~~~~~^^^^^^^^^^^^^
django.db.utils.ProgrammingError: column bookings.notes does not exist
LINE 1: ...on_id", "bookings"."subscription_visit_consumed", "bookings"...
                                                             ^

ERROR 2026-05-05 01:42:49,610 basehttp 13172 20956 "GET /api/staff/bookings/ HTTP/1.1" 500 192644
INFO 2026-05-05 01:42:50,362 basehttp 13172 12068 "GET /api/staff/bookings/stats/ HTTP/1.1" 200 223
ERROR 2026-05-05 01:42:54,503 log 13172 12068 Internal Server Error: /api/staff/bookings/
Traceback (most recent call last):
  File "E:\develop\repairmybike\repairmybike_backend\venv\Lib\site-packages\django\db\backends\utils.py", line 105, in _execute
    return self.cursor.execute(sql, params)
           ~~~~~~~~~~~~~~~~~~~^^^^^^^^^^^^^
psycopg2.errors.UndefinedColumn: column bookings.notes does not exist
LINE 1: ...on_id", "bookings"."subscription_visit_consumed", "bookings"...
                                                             ^


The above exception was the direct cause of the following exception:

Traceback (most recent call last):
  File "E:\develop\repairmybike\repairmybike_backend\venv\Lib\site-packages\django\core\handlers\exception.py", line 55, in inner
    response = get_response(request)
  File "E:\develop\repairmybike\repairmybike_backend\venv\Lib\site-packages\django\core\handlers\base.py", line 197, in _get_response
    response = wrapped_callback(request, *callback_args, **callback_kwargs)
  File "C:\Users\wolf\AppData\Local\Python\pythoncore-3.14-64\Lib\contextlib.py", line 85, in inner
    return func(*args, **kwds)
  File "E:\develop\repairmybike\repairmybike_backend\venv\Lib\site-packages\django\views\decorators\csrf.py", line 65, in _view_wrapper
    return view_func(request, *args, **kwargs)
  File "E:\develop\repairmybike\repairmybike_backend\venv\Lib\site-packages\rest_framework\viewsets.py", line 125, in view
    return self.dispatch(request, *args, **kwargs)
           ~~~~~~~~~~~~~^^^^^^^^^^^^^^^^^^^^^^^^^^
  File "E:\develop\repairmybike\repairmybike_backend\venv\Lib\site-packages\rest_framework\views.py", line 515, in dispatch
    response = self.handle_exception(exc)
  File "E:\develop\repairmybike\repairmybike_backend\venv\Lib\site-packages\rest_framework\views.py", line 475, in handle_exception
    self.raise_uncaught_exception(exc)
    ~~~~~~~~~~~~~~~~~~~~~~~~~~~~~^^^^^
  File "E:\develop\repairmybike\repairmybike_backend\venv\Lib\site-packages\rest_framework\views.py", line 486, in raise_uncaught_exception
    raise exc
  File "E:\develop\repairmybike\repairmybike_backend\venv\Lib\site-packages\rest_framework\views.py", line 512, in dispatch
    response = handler(request, *args, **kwargs)
  File "E:\develop\repairmybike\repairmybike_backend\staff\views.py", line 47, in list
    'data': serializer.data,
            ^^^^^^^^^^^^^^^
  File "E:\develop\repairmybike\repairmybike_backend\venv\Lib\site-packages\rest_framework\serializers.py", line 797, in data
    ret = super().data
          ^^^^^^^^^^^^
  File "E:\develop\repairmybike\repairmybike_backend\venv\Lib\site-packages\rest_framework\serializers.py", line 251, in data
    self._data = self.to_representation(self.instance)
                 ~~~~~~~~~~~~~~~~~~~~~~^^^^^^^^^^^^^^^
  File "E:\develop\repairmybike\repairmybike_backend\venv\Lib\site-packages\rest_framework\serializers.py", line 716, in to_representation
    self.child.to_representation(item) for item in iterable
                                                   ^^^^^^^^
  File "E:\develop\repairmybike\repairmybike_backend\venv\Lib\site-packages\django\db\models\query.py", line 384, in __iter__
    self._fetch_all()
    ~~~~~~~~~~~~~~~^^
  File "E:\develop\repairmybike\repairmybike_backend\venv\Lib\site-packages\django\db\models\query.py", line 1949, in _fetch_all
    self._result_cache = list(self._iterable_class(self))
                         ~~~~^^^^^^^^^^^^^^^^^^^^^^^^^^^^
  File "E:\develop\repairmybike\repairmybike_backend\venv\Lib\site-packages\django\db\models\query.py", line 91, in __iter__
    results = compiler.execute_sql(
        chunked_fetch=self.chunked_fetch, chunk_size=self.chunk_size
    )
  File "E:\develop\repairmybike\repairmybike_backend\venv\Lib\site-packages\django\db\models\sql\compiler.py", line 1623, in execute_sql
    cursor.execute(sql, params)
    ~~~~~~~~~~~~~~^^^^^^^^^^^^^
  File "E:\develop\repairmybike\repairmybike_backend\venv\Lib\site-packages\django\db\backends\utils.py", line 122, in execute
    return super().execute(sql, params)
           ~~~~~~~~~~~~~~~^^^^^^^^^^^^^
  File "E:\develop\repairmybike\repairmybike_backend\venv\Lib\site-packages\django\db\backends\utils.py", line 79, in execute
    return self._execute_with_wrappers(
           ~~~~~~~~~~~~~~~~~~~~~~~~~~~^
        sql, params, many=False, executor=self._execute
        ^^^^^^^^^^^^^^^^^^^^^^^^^^^^^^^^^^^^^^^^^^^^^^^
    )
    ^
  File "E:\develop\repairmybike\repairmybike_backend\venv\Lib\site-packages\django\db\backends\utils.py", line 92, in _execute_with_wrappers
    return executor(sql, params, many, context)
  File "E:\develop\repairmybike\repairmybike_backend\venv\Lib\site-packages\django\db\backends\utils.py", line 100, in _execute
    with self.db.wrap_database_errors:
         ^^^^^^^^^^^^^^^^^^^^^^^^^^^^
  File "E:\develop\repairmybike\repairmybike_backend\venv\Lib\site-packages\django\db\utils.py", line 91, in __exit__
    raise dj_exc_value.with_traceback(traceback) from exc_value
  File "E:\develop\repairmybike\repairmybike_backend\venv\Lib\site-packages\django\db\backends\utils.py", line 105, in _execute
    return self.cursor.execute(sql, params)
           ~~~~~~~~~~~~~~~~~~~^^^^^^^^^^^^^
django.db.utils.ProgrammingError: column bookings.notes does not exist
LINE 1: ...on_id", "bookings"."subscription_visit_consumed", "bookings"...
                                                             ^

ERROR 2026-05-05 01:42:54,508 basehttp 13172 12068 "GET /api/staff/bookings/ HTTP/1.1" 500 192644
INFO 2026-05-05 02:21:41,738 basehttp 13172 5516 "GET /api/staff/logs/?limit=10 HTTP/1.1" 200 25
INFO 2026-05-05 02:21:41,987 basehttp 13172 7968 "GET /api/spare-parts/orders/ HTTP/1.1" 200 67
INFO 2026-05-05 02:21:43,438 basehttp 13172 10464 "GET /api/staff/bookings/stats/ HTTP/1.1" 200 223
ERROR 2026-05-05 02:21:44,962 log 13172 20084 Internal Server Error: /api/staff/bookings/
Traceback (most recent call last):
  File "E:\develop\repairmybike\repairmybike_backend\venv\Lib\site-packages\django\db\backends\utils.py", line 105, in _execute
    return self.cursor.execute(sql, params)
           ~~~~~~~~~~~~~~~~~~~^^^^^^^^^^^^^
psycopg2.errors.UndefinedColumn: column bookings.notes does not exist
LINE 1: ...on_id", "bookings"."subscription_visit_consumed", "bookings"...
                                                             ^


The above exception was the direct cause of the following exception:

Traceback (most recent call last):
  File "E:\develop\repairmybike\repairmybike_backend\venv\Lib\site-packages\django\core\handlers\exception.py", line 55, in inner
    response = get_response(request)
  File "E:\develop\repairmybike\repairmybike_backend\venv\Lib\site-packages\django\core\handlers\base.py", line 197, in _get_response
    response = wrapped_callback(request, *callback_args, **callback_kwargs)
  File "C:\Users\wolf\AppData\Local\Python\pythoncore-3.14-64\Lib\contextlib.py", line 85, in inner
    return func(*args, **kwds)
  File "E:\develop\repairmybike\repairmybike_backend\venv\Lib\site-packages\django\views\decorators\csrf.py", line 65, in _view_wrapper
    return view_func(request, *args, **kwargs)
  File "E:\develop\repairmybike\repairmybike_backend\venv\Lib\site-packages\rest_framework\viewsets.py", line 125, in view
    return self.dispatch(request, *args, **kwargs)
           ~~~~~~~~~~~~~^^^^^^^^^^^^^^^^^^^^^^^^^^
  File "E:\develop\repairmybike\repairmybike_backend\venv\Lib\site-packages\rest_framework\views.py", line 515, in dispatch
    response = self.handle_exception(exc)
  File "E:\develop\repairmybike\repairmybike_backend\venv\Lib\site-packages\rest_framework\views.py", line 475, in handle_exception
    self.raise_uncaught_exception(exc)
    ~~~~~~~~~~~~~~~~~~~~~~~~~~~~~^^^^^
  File "E:\develop\repairmybike\repairmybike_backend\venv\Lib\site-packages\rest_framework\views.py", line 486, in raise_uncaught_exception
    raise exc
  File "E:\develop\repairmybike\repairmybike_backend\venv\Lib\site-packages\rest_framework\views.py", line 512, in dispatch
    response = handler(request, *args, **kwargs)
  File "E:\develop\repairmybike\repairmybike_backend\staff\views.py", line 47, in list
    'data': serializer.data,
            ^^^^^^^^^^^^^^^
  File "E:\develop\repairmybike\repairmybike_backend\venv\Lib\site-packages\rest_framework\serializers.py", line 797, in data
    ret = super().data
          ^^^^^^^^^^^^
  File "E:\develop\repairmybike\repairmybike_backend\venv\Lib\site-packages\rest_framework\serializers.py", line 251, in data
    self._data = self.to_representation(self.instance)
                 ~~~~~~~~~~~~~~~~~~~~~~^^^^^^^^^^^^^^^
  File "E:\develop\repairmybike\repairmybike_backend\venv\Lib\site-packages\rest_framework\serializers.py", line 716, in to_representation
    self.child.to_representation(item) for item in iterable
                                                   ^^^^^^^^
  File "E:\develop\repairmybike\repairmybike_backend\venv\Lib\site-packages\django\db\models\query.py", line 384, in __iter__
    self._fetch_all()
    ~~~~~~~~~~~~~~~^^
  File "E:\develop\repairmybike\repairmybike_backend\venv\Lib\site-packages\django\db\models\query.py", line 1949, in _fetch_all
    self._result_cache = list(self._iterable_class(self))
                         ~~~~^^^^^^^^^^^^^^^^^^^^^^^^^^^^
  File "E:\develop\repairmybike\repairmybike_backend\venv\Lib\site-packages\django\db\models\query.py", line 91, in __iter__
    results = compiler.execute_sql(
        chunked_fetch=self.chunked_fetch, chunk_size=self.chunk_size
    )
  File "E:\develop\repairmybike\repairmybike_backend\venv\Lib\site-packages\django\db\models\sql\compiler.py", line 1623, in execute_sql
    cursor.execute(sql, params)
    ~~~~~~~~~~~~~~^^^^^^^^^^^^^
  File "E:\develop\repairmybike\repairmybike_backend\venv\Lib\site-packages\django\db\backends\utils.py", line 122, in execute
    return super().execute(sql, params)
           ~~~~~~~~~~~~~~~^^^^^^^^^^^^^
  File "E:\develop\repairmybike\repairmybike_backend\venv\Lib\site-packages\django\db\backends\utils.py", line 79, in execute
    return self._execute_with_wrappers(
           ~~~~~~~~~~~~~~~~~~~~~~~~~~~^
        sql, params, many=False, executor=self._execute
        ^^^^^^^^^^^^^^^^^^^^^^^^^^^^^^^^^^^^^^^^^^^^^^^
    )
    ^
  File "E:\develop\repairmybike\repairmybike_backend\venv\Lib\site-packages\django\db\backends\utils.py", line 92, in _execute_with_wrappers
    return executor(sql, params, many, context)
  File "E:\develop\repairmybike\repairmybike_backend\venv\Lib\site-packages\django\db\backends\utils.py", line 100, in _execute
    with self.db.wrap_database_errors:
         ^^^^^^^^^^^^^^^^^^^^^^^^^^^^
  File "E:\develop\repairmybike\repairmybike_backend\venv\Lib\site-packages\django\db\utils.py", line 91, in __exit__
    raise dj_exc_value.with_traceback(traceback) from exc_value
  File "E:\develop\repairmybike\repairmybike_backend\venv\Lib\site-packages\django\db\backends\utils.py", line 105, in _execute
    return self.cursor.execute(sql, params)
           ~~~~~~~~~~~~~~~~~~~^^^^^^^^^^^^^
django.db.utils.ProgrammingError: column bookings.notes does not exist
LINE 1: ...on_id", "bookings"."subscription_visit_consumed", "bookings"...
                                                             ^

ERROR 2026-05-05 02:21:44,973 basehttp 13172 20084 "GET /api/staff/bookings/?limit=5&ordering=-created_at HTTP/1.1" 500 193672
INFO 2026-05-05 02:21:46,383 basehttp 13172 10464 "GET /api/staff/bookings/stats/ HTTP/1.1" 200 223
INFO 2026-05-05 02:23:05,505 basehttp 13172 20084 "GET /api/staff/logs/?limit=10 HTTP/1.1" 200 25
INFO 2026-05-05 02:23:07,052 basehttp 13172 10464 "GET /api/staff/bookings/stats/ HTTP/1.1" 200 223
ERROR 2026-05-05 02:23:08,202 log 13172 7968 Internal Server Error: /api/staff/bookings/
Traceback (most recent call last):
  File "E:\develop\repairmybike\repairmybike_backend\venv\Lib\site-packages\django\db\backends\utils.py", line 105, in _execute
    return self.cursor.execute(sql, params)
           ~~~~~~~~~~~~~~~~~~~^^^^^^^^^^^^^
psycopg2.errors.UndefinedColumn: column bookings.notes does not exist
LINE 1: ...on_id", "bookings"."subscription_visit_consumed", "bookings"...
                                                             ^


The above exception was the direct cause of the following exception:

Traceback (most recent call last):
  File "E:\develop\repairmybike\repairmybike_backend\venv\Lib\site-packages\django\core\handlers\exception.py", line 55, in inner
    response = get_response(request)
  File "E:\develop\repairmybike\repairmybike_backend\venv\Lib\site-packages\django\core\handlers\base.py", line 197, in _get_response
    response = wrapped_callback(request, *callback_args, **callback_kwargs)
  File "C:\Users\wolf\AppData\Local\Python\pythoncore-3.14-64\Lib\contextlib.py", line 85, in inner
    return func(*args, **kwds)
  File "E:\develop\repairmybike\repairmybike_backend\venv\Lib\site-packages\django\views\decorators\csrf.py", line 65, in _view_wrapper
    return view_func(request, *args, **kwargs)
  File "E:\develop\repairmybike\repairmybike_backend\venv\Lib\site-packages\rest_framework\viewsets.py", line 125, in view
    return self.dispatch(request, *args, **kwargs)
           ~~~~~~~~~~~~~^^^^^^^^^^^^^^^^^^^^^^^^^^
  File "E:\develop\repairmybike\repairmybike_backend\venv\Lib\site-packages\rest_framework\views.py", line 515, in dispatch
    response = self.handle_exception(exc)
  File "E:\develop\repairmybike\repairmybike_backend\venv\Lib\site-packages\rest_framework\views.py", line 475, in handle_exception
    self.raise_uncaught_exception(exc)
    ~~~~~~~~~~~~~~~~~~~~~~~~~~~~~^^^^^
  File "E:\develop\repairmybike\repairmybike_backend\venv\Lib\site-packages\rest_framework\views.py", line 486, in raise_uncaught_exception
    raise exc
  File "E:\develop\repairmybike\repairmybike_backend\venv\Lib\site-packages\rest_framework\views.py", line 512, in dispatch
    response = handler(request, *args, **kwargs)
  File "E:\develop\repairmybike\repairmybike_backend\staff\views.py", line 47, in list
    'data': serializer.data,
            ^^^^^^^^^^^^^^^
  File "E:\develop\repairmybike\repairmybike_backend\venv\Lib\site-packages\rest_framework\serializers.py", line 797, in data
    ret = super().data
          ^^^^^^^^^^^^
  File "E:\develop\repairmybike\repairmybike_backend\venv\Lib\site-packages\rest_framework\serializers.py", line 251, in data
    self._data = self.to_representation(self.instance)
                 ~~~~~~~~~~~~~~~~~~~~~~^^^^^^^^^^^^^^^
  File "E:\develop\repairmybike\repairmybike_backend\venv\Lib\site-packages\rest_framework\serializers.py", line 716, in to_representation
    self.child.to_representation(item) for item in iterable
                                                   ^^^^^^^^
  File "E:\develop\repairmybike\repairmybike_backend\venv\Lib\site-packages\django\db\models\query.py", line 384, in __iter__
    self._fetch_all()
    ~~~~~~~~~~~~~~~^^
  File "E:\develop\repairmybike\repairmybike_backend\venv\Lib\site-packages\django\db\models\query.py", line 1949, in _fetch_all
    self._result_cache = list(self._iterable_class(self))
                         ~~~~^^^^^^^^^^^^^^^^^^^^^^^^^^^^
  File "E:\develop\repairmybike\repairmybike_backend\venv\Lib\site-packages\django\db\models\query.py", line 91, in __iter__
    results = compiler.execute_sql(
        chunked_fetch=self.chunked_fetch, chunk_size=self.chunk_size
    )
  File "E:\develop\repairmybike\repairmybike_backend\venv\Lib\site-packages\django\db\models\sql\compiler.py", line 1623, in execute_sql
    cursor.execute(sql, params)
    ~~~~~~~~~~~~~~^^^^^^^^^^^^^
  File "E:\develop\repairmybike\repairmybike_backend\venv\Lib\site-packages\django\db\backends\utils.py", line 122, in execute
    return super().execute(sql, params)
           ~~~~~~~~~~~~~~~^^^^^^^^^^^^^
  File "E:\develop\repairmybike\repairmybike_backend\venv\Lib\site-packages\django\db\backends\utils.py", line 79, in execute
    return self._execute_with_wrappers(
           ~~~~~~~~~~~~~~~~~~~~~~~~~~~^
        sql, params, many=False, executor=self._execute
        ^^^^^^^^^^^^^^^^^^^^^^^^^^^^^^^^^^^^^^^^^^^^^^^
    )
    ^
  File "E:\develop\repairmybike\repairmybike_backend\venv\Lib\site-packages\django\db\backends\utils.py", line 92, in _execute_with_wrappers
    return executor(sql, params, many, context)
  File "E:\develop\repairmybike\repairmybike_backend\venv\Lib\site-packages\django\db\backends\utils.py", line 100, in _execute
    with self.db.wrap_database_errors:
         ^^^^^^^^^^^^^^^^^^^^^^^^^^^^
  File "E:\develop\repairmybike\repairmybike_backend\venv\Lib\site-packages\django\db\utils.py", line 91, in __exit__
    raise dj_exc_value.with_traceback(traceback) from exc_value
  File "E:\develop\repairmybike\repairmybike_backend\venv\Lib\site-packages\django\db\backends\utils.py", line 105, in _execute
    return self.cursor.execute(sql, params)
           ~~~~~~~~~~~~~~~~~~~^^^^^^^^^^^^^
django.db.utils.ProgrammingError: column bookings.notes does not exist
LINE 1: ...on_id", "bookings"."subscription_visit_consumed", "bookings"...
                                                             ^

ERROR 2026-05-05 02:23:08,209 basehttp 13172 7968 "GET /api/staff/bookings/?limit=5&ordering=-created_at HTTP/1.1" 500 193672
INFO 2026-05-05 02:24:10,994 basehttp 13172 10464 "GET /api/staff/logs/?limit=10 HTTP/1.1" 200 25
INFO 2026-05-05 02:24:12,955 basehttp 13172 7968 "GET /api/staff/bookings/stats/ HTTP/1.1" 200 223
ERROR 2026-05-05 02:24:13,987 log 13172 20084 Internal Server Error: /api/staff/bookings/
Traceback (most recent call last):
  File "E:\develop\repairmybike\repairmybike_backend\venv\Lib\site-packages\django\db\backends\utils.py", line 105, in _execute
    return self.cursor.execute(sql, params)
           ~~~~~~~~~~~~~~~~~~~^^^^^^^^^^^^^
psycopg2.errors.UndefinedColumn: column bookings.notes does not exist
LINE 1: ...on_id", "bookings"."subscription_visit_consumed", "bookings"...
                                                             ^


The above exception was the direct cause of the following exception:

Traceback (most recent call last):
  File "E:\develop\repairmybike\repairmybike_backend\venv\Lib\site-packages\django\core\handlers\exception.py", line 55, in inner
    response = get_response(request)
  File "E:\develop\repairmybike\repairmybike_backend\venv\Lib\site-packages\django\core\handlers\base.py", line 197, in _get_response
    response = wrapped_callback(request, *callback_args, **callback_kwargs)
  File "C:\Users\wolf\AppData\Local\Python\pythoncore-3.14-64\Lib\contextlib.py", line 85, in inner
    return func(*args, **kwds)
  File "E:\develop\repairmybike\repairmybike_backend\venv\Lib\site-packages\django\views\decorators\csrf.py", line 65, in _view_wrapper
    return view_func(request, *args, **kwargs)
  File "E:\develop\repairmybike\repairmybike_backend\venv\Lib\site-packages\rest_framework\viewsets.py", line 125, in view
    return self.dispatch(request, *args, **kwargs)
           ~~~~~~~~~~~~~^^^^^^^^^^^^^^^^^^^^^^^^^^
  File "E:\develop\repairmybike\repairmybike_backend\venv\Lib\site-packages\rest_framework\views.py", line 515, in dispatch
    response = self.handle_exception(exc)
  File "E:\develop\repairmybike\repairmybike_backend\venv\Lib\site-packages\rest_framework\views.py", line 475, in handle_exception
    self.raise_uncaught_exception(exc)
    ~~~~~~~~~~~~~~~~~~~~~~~~~~~~~^^^^^
  File "E:\develop\repairmybike\repairmybike_backend\venv\Lib\site-packages\rest_framework\views.py", line 486, in raise_uncaught_exception
    raise exc
  File "E:\develop\repairmybike\repairmybike_backend\venv\Lib\site-packages\rest_framework\views.py", line 512, in dispatch
    response = handler(request, *args, **kwargs)
  File "E:\develop\repairmybike\repairmybike_backend\staff\views.py", line 47, in list
    'data': serializer.data,
            ^^^^^^^^^^^^^^^
  File "E:\develop\repairmybike\repairmybike_backend\venv\Lib\site-packages\rest_framework\serializers.py", line 797, in data
    ret = super().data
          ^^^^^^^^^^^^
  File "E:\develop\repairmybike\repairmybike_backend\venv\Lib\site-packages\rest_framework\serializers.py", line 251, in data
    self._data = self.to_representation(self.instance)
                 ~~~~~~~~~~~~~~~~~~~~~~^^^^^^^^^^^^^^^
  File "E:\develop\repairmybike\repairmybike_backend\venv\Lib\site-packages\rest_framework\serializers.py", line 716, in to_representation
    self.child.to_representation(item) for item in iterable
                                                   ^^^^^^^^
  File "E:\develop\repairmybike\repairmybike_backend\venv\Lib\site-packages\django\db\models\query.py", line 384, in __iter__
    self._fetch_all()
    ~~~~~~~~~~~~~~~^^
  File "E:\develop\repairmybike\repairmybike_backend\venv\Lib\site-packages\django\db\models\query.py", line 1949, in _fetch_all
    self._result_cache = list(self._iterable_class(self))
                         ~~~~^^^^^^^^^^^^^^^^^^^^^^^^^^^^
  File "E:\develop\repairmybike\repairmybike_backend\venv\Lib\site-packages\django\db\models\query.py", line 91, in __iter__
    results = compiler.execute_sql(
        chunked_fetch=self.chunked_fetch, chunk_size=self.chunk_size
    )
  File "E:\develop\repairmybike\repairmybike_backend\venv\Lib\site-packages\django\db\models\sql\compiler.py", line 1623, in execute_sql
    cursor.execute(sql, params)
    ~~~~~~~~~~~~~~^^^^^^^^^^^^^
  File "E:\develop\repairmybike\repairmybike_backend\venv\Lib\site-packages\django\db\backends\utils.py", line 122, in execute
    return super().execute(sql, params)
           ~~~~~~~~~~~~~~~^^^^^^^^^^^^^
  File "E:\develop\repairmybike\repairmybike_backend\venv\Lib\site-packages\django\db\backends\utils.py", line 79, in execute
    return self._execute_with_wrappers(
           ~~~~~~~~~~~~~~~~~~~~~~~~~~~^
        sql, params, many=False, executor=self._execute
        ^^^^^^^^^^^^^^^^^^^^^^^^^^^^^^^^^^^^^^^^^^^^^^^
    )
    ^
  File "E:\develop\repairmybike\repairmybike_backend\venv\Lib\site-packages\django\db\backends\utils.py", line 92, in _execute_with_wrappers
    return executor(sql, params, many, context)
  File "E:\develop\repairmybike\repairmybike_backend\venv\Lib\site-packages\django\db\backends\utils.py", line 100, in _execute
    with self.db.wrap_database_errors:
         ^^^^^^^^^^^^^^^^^^^^^^^^^^^^
  File "E:\develop\repairmybike\repairmybike_backend\venv\Lib\site-packages\django\db\utils.py", line 91, in __exit__
    raise dj_exc_value.with_traceback(traceback) from exc_value
  File "E:\develop\repairmybike\repairmybike_backend\venv\Lib\site-packages\django\db\backends\utils.py", line 105, in _execute
    return self.cursor.execute(sql, params)
           ~~~~~~~~~~~~~~~~~~~^^^^^^^^^^^^^
django.db.utils.ProgrammingError: column bookings.notes does not exist
LINE 1: ...on_id", "bookings"."subscription_visit_consumed", "bookings"...
                                                             ^

ERROR 2026-05-05 02:24:13,997 basehttp 13172 20084 "GET /api/staff/bookings/?limit=5&ordering=-created_at HTTP/1.1" 500 193672
ERROR 2026-05-05 02:24:25,603 log 13172 20084 Internal Server Error: /api/staff/bookings/
Traceback (most recent call last):
  File "E:\develop\repairmybike\repairmybike_backend\venv\Lib\site-packages\django\db\backends\utils.py", line 105, in _execute
    return self.cursor.execute(sql, params)
           ~~~~~~~~~~~~~~~~~~~^^^^^^^^^^^^^
psycopg2.errors.UndefinedColumn: column bookings.notes does not exist
LINE 1: ...on_id", "bookings"."subscription_visit_consumed", "bookings"...
                                                             ^


The above exception was the direct cause of the following exception:

Traceback (most recent call last):
  File "E:\develop\repairmybike\repairmybike_backend\venv\Lib\site-packages\django\core\handlers\exception.py", line 55, in inner
    response = get_response(request)
  File "E:\develop\repairmybike\repairmybike_backend\venv\Lib\site-packages\django\core\handlers\base.py", line 197, in _get_response
    response = wrapped_callback(request, *callback_args, **callback_kwargs)
  File "C:\Users\wolf\AppData\Local\Python\pythoncore-3.14-64\Lib\contextlib.py", line 85, in inner
    return func(*args, **kwds)
  File "E:\develop\repairmybike\repairmybike_backend\venv\Lib\site-packages\django\views\decorators\csrf.py", line 65, in _view_wrapper
    return view_func(request, *args, **kwargs)
  File "E:\develop\repairmybike\repairmybike_backend\venv\Lib\site-packages\rest_framework\viewsets.py", line 125, in view
    return self.dispatch(request, *args, **kwargs)
           ~~~~~~~~~~~~~^^^^^^^^^^^^^^^^^^^^^^^^^^
  File "E:\develop\repairmybike\repairmybike_backend\venv\Lib\site-packages\rest_framework\views.py", line 515, in dispatch
    response = self.handle_exception(exc)
  File "E:\develop\repairmybike\repairmybike_backend\venv\Lib\site-packages\rest_framework\views.py", line 475, in handle_exception
    self.raise_uncaught_exception(exc)
    ~~~~~~~~~~~~~~~~~~~~~~~~~~~~~^^^^^
  File "E:\develop\repairmybike\repairmybike_backend\venv\Lib\site-packages\rest_framework\views.py", line 486, in raise_uncaught_exception
    raise exc
  File "E:\develop\repairmybike\repairmybike_backend\venv\Lib\site-packages\rest_framework\views.py", line 512, in dispatch
    response = handler(request, *args, **kwargs)
  File "E:\develop\repairmybike\repairmybike_backend\staff\views.py", line 47, in list
    'data': serializer.data,
            ^^^^^^^^^^^^^^^
  File "E:\develop\repairmybike\repairmybike_backend\venv\Lib\site-packages\rest_framework\serializers.py", line 797, in data
    ret = super().data
          ^^^^^^^^^^^^
  File "E:\develop\repairmybike\repairmybike_backend\venv\Lib\site-packages\rest_framework\serializers.py", line 251, in data
    self._data = self.to_representation(self.instance)
                 ~~~~~~~~~~~~~~~~~~~~~~^^^^^^^^^^^^^^^
  File "E:\develop\repairmybike\repairmybike_backend\venv\Lib\site-packages\rest_framework\serializers.py", line 716, in to_representation
    self.child.to_representation(item) for item in iterable
                                                   ^^^^^^^^
  File "E:\develop\repairmybike\repairmybike_backend\venv\Lib\site-packages\django\db\models\query.py", line 384, in __iter__
    self._fetch_all()
    ~~~~~~~~~~~~~~~^^
  File "E:\develop\repairmybike\repairmybike_backend\venv\Lib\site-packages\django\db\models\query.py", line 1949, in _fetch_all
    self._result_cache = list(self._iterable_class(self))
                         ~~~~^^^^^^^^^^^^^^^^^^^^^^^^^^^^
  File "E:\develop\repairmybike\repairmybike_backend\venv\Lib\site-packages\django\db\models\query.py", line 91, in __iter__
    results = compiler.execute_sql(
        chunked_fetch=self.chunked_fetch, chunk_size=self.chunk_size
    )
  File "E:\develop\repairmybike\repairmybike_backend\venv\Lib\site-packages\django\db\models\sql\compiler.py", line 1623, in execute_sql
    cursor.execute(sql, params)
    ~~~~~~~~~~~~~~^^^^^^^^^^^^^
  File "E:\develop\repairmybike\repairmybike_backend\venv\Lib\site-packages\django\db\backends\utils.py", line 122, in execute
    return super().execute(sql, params)
           ~~~~~~~~~~~~~~~^^^^^^^^^^^^^
  File "E:\develop\repairmybike\repairmybike_backend\venv\Lib\site-packages\django\db\backends\utils.py", line 79, in execute
    return self._execute_with_wrappers(
           ~~~~~~~~~~~~~~~~~~~~~~~~~~~^
        sql, params, many=False, executor=self._execute
        ^^^^^^^^^^^^^^^^^^^^^^^^^^^^^^^^^^^^^^^^^^^^^^^
    )
    ^
  File "E:\develop\repairmybike\repairmybike_backend\venv\Lib\site-packages\django\db\backends\utils.py", line 92, in _execute_with_wrappers
    return executor(sql, params, many, context)
  File "E:\develop\repairmybike\repairmybike_backend\venv\Lib\site-packages\django\db\backends\utils.py", line 100, in _execute
    with self.db.wrap_database_errors:
         ^^^^^^^^^^^^^^^^^^^^^^^^^^^^
  File "E:\develop\repairmybike\repairmybike_backend\venv\Lib\site-packages\django\db\utils.py", line 91, in __exit__
    raise dj_exc_value.with_traceback(traceback) from exc_value
  File "E:\develop\repairmybike\repairmybike_backend\venv\Lib\site-packages\django\db\backends\utils.py", line 105, in _execute
    return self.cursor.execute(sql, params)
           ~~~~~~~~~~~~~~~~~~~^^^^^^^^^^^^^
django.db.utils.ProgrammingError: column bookings.notes does not exist
LINE 1: ...on_id", "bookings"."subscription_visit_consumed", "bookings"...
                                                             ^

ERROR 2026-05-05 02:24:25,611 basehttp 13172 20084 "GET /api/staff/bookings/?limit=5&ordering=-created_at HTTP/1.1" 500 193672
ERROR 2026-05-05 02:24:31,366 log 13172 20084 Internal Server Error: /api/staff/bookings/
Traceback (most recent call last):
  File "E:\develop\repairmybike\repairmybike_backend\venv\Lib\site-packages\django\db\backends\utils.py", line 105, in _execute
    return self.cursor.execute(sql, params)
           ~~~~~~~~~~~~~~~~~~~^^^^^^^^^^^^^
psycopg2.errors.UndefinedColumn: column bookings.notes does not exist
LINE 1: ...on_id", "bookings"."subscription_visit_consumed", "bookings"...
                                                             ^


The above exception was the direct cause of the following exception:

Traceback (most recent call last):
  File "E:\develop\repairmybike\repairmybike_backend\venv\Lib\site-packages\django\core\handlers\exception.py", line 55, in inner
    response = get_response(request)
  File "E:\develop\repairmybike\repairmybike_backend\venv\Lib\site-packages\django\core\handlers\base.py", line 197, in _get_response
    response = wrapped_callback(request, *callback_args, **callback_kwargs)
  File "C:\Users\wolf\AppData\Local\Python\pythoncore-3.14-64\Lib\contextlib.py", line 85, in inner
    return func(*args, **kwds)
  File "E:\develop\repairmybike\repairmybike_backend\venv\Lib\site-packages\django\views\decorators\csrf.py", line 65, in _view_wrapper
    return view_func(request, *args, **kwargs)
  File "E:\develop\repairmybike\repairmybike_backend\venv\Lib\site-packages\rest_framework\viewsets.py", line 125, in view
    return self.dispatch(request, *args, **kwargs)
           ~~~~~~~~~~~~~^^^^^^^^^^^^^^^^^^^^^^^^^^
  File "E:\develop\repairmybike\repairmybike_backend\venv\Lib\site-packages\rest_framework\views.py", line 515, in dispatch
    response = self.handle_exception(exc)
  File "E:\develop\repairmybike\repairmybike_backend\venv\Lib\site-packages\rest_framework\views.py", line 475, in handle_exception
    self.raise_uncaught_exception(exc)
    ~~~~~~~~~~~~~~~~~~~~~~~~~~~~~^^^^^
  File "E:\develop\repairmybike\repairmybike_backend\venv\Lib\site-packages\rest_framework\views.py", line 486, in raise_uncaught_exception
    raise exc
  File "E:\develop\repairmybike\repairmybike_backend\venv\Lib\site-packages\rest_framework\views.py", line 512, in dispatch
    response = handler(request, *args, **kwargs)
  File "E:\develop\repairmybike\repairmybike_backend\staff\views.py", line 47, in list
    'data': serializer.data,
            ^^^^^^^^^^^^^^^
  File "E:\develop\repairmybike\repairmybike_backend\venv\Lib\site-packages\rest_framework\serializers.py", line 797, in data
    ret = super().data
          ^^^^^^^^^^^^
  File "E:\develop\repairmybike\repairmybike_backend\venv\Lib\site-packages\rest_framework\serializers.py", line 251, in data
    self._data = self.to_representation(self.instance)
                 ~~~~~~~~~~~~~~~~~~~~~~^^^^^^^^^^^^^^^
  File "E:\develop\repairmybike\repairmybike_backend\venv\Lib\site-packages\rest_framework\serializers.py", line 716, in to_representation
    self.child.to_representation(item) for item in iterable
                                                   ^^^^^^^^
  File "E:\develop\repairmybike\repairmybike_backend\venv\Lib\site-packages\django\db\models\query.py", line 384, in __iter__
    self._fetch_all()
    ~~~~~~~~~~~~~~~^^
  File "E:\develop\repairmybike\repairmybike_backend\venv\Lib\site-packages\django\db\models\query.py", line 1949, in _fetch_all
    self._result_cache = list(self._iterable_class(self))
                         ~~~~^^^^^^^^^^^^^^^^^^^^^^^^^^^^
  File "E:\develop\repairmybike\repairmybike_backend\venv\Lib\site-packages\django\db\models\query.py", line 91, in __iter__
    results = compiler.execute_sql(
        chunked_fetch=self.chunked_fetch, chunk_size=self.chunk_size
    )
  File "E:\develop\repairmybike\repairmybike_backend\venv\Lib\site-packages\django\db\models\sql\compiler.py", line 1623, in execute_sql
    cursor.execute(sql, params)
    ~~~~~~~~~~~~~~^^^^^^^^^^^^^
  File "E:\develop\repairmybike\repairmybike_backend\venv\Lib\site-packages\django\db\backends\utils.py", line 122, in execute
    return super().execute(sql, params)
           ~~~~~~~~~~~~~~~^^^^^^^^^^^^^
  File "E:\develop\repairmybike\repairmybike_backend\venv\Lib\site-packages\django\db\backends\utils.py", line 79, in execute
    return self._execute_with_wrappers(
           ~~~~~~~~~~~~~~~~~~~~~~~~~~~^
        sql, params, many=False, executor=self._execute
        ^^^^^^^^^^^^^^^^^^^^^^^^^^^^^^^^^^^^^^^^^^^^^^^
    )
    ^
  File "E:\develop\repairmybike\repairmybike_backend\venv\Lib\site-packages\django\db\backends\utils.py", line 92, in _execute_with_wrappers
    return executor(sql, params, many, context)
  File "E:\develop\repairmybike\repairmybike_backend\venv\Lib\site-packages\django\db\backends\utils.py", line 100, in _execute
    with self.db.wrap_database_errors:
         ^^^^^^^^^^^^^^^^^^^^^^^^^^^^
  File "E:\develop\repairmybike\repairmybike_backend\venv\Lib\site-packages\django\db\utils.py", line 91, in __exit__
    raise dj_exc_value.with_traceback(traceback) from exc_value
  File "E:\develop\repairmybike\repairmybike_backend\venv\Lib\site-packages\django\db\backends\utils.py", line 105, in _execute
    return self.cursor.execute(sql, params)
           ~~~~~~~~~~~~~~~~~~~^^^^^^^^^^^^^
django.db.utils.ProgrammingError: column bookings.notes does not exist
LINE 1: ...on_id", "bookings"."subscription_visit_consumed", "bookings"...
                                                             ^

ERROR 2026-05-05 02:24:31,373 basehttp 13172 20084 "GET /api/staff/bookings/ HTTP/1.1" 500 192794
ERROR 2026-05-05 02:24:36,667 log 13172 20084 Internal Server Error: /api/staff/bookings/
Traceback (most recent call last):
  File "E:\develop\repairmybike\repairmybike_backend\venv\Lib\site-packages\django\db\backends\utils.py", line 105, in _execute
    return self.cursor.execute(sql, params)
           ~~~~~~~~~~~~~~~~~~~^^^^^^^^^^^^^
psycopg2.errors.UndefinedColumn: column bookings.notes does not exist
LINE 1: ...on_id", "bookings"."subscription_visit_consumed", "bookings"...
                                                             ^


The above exception was the direct cause of the following exception:

Traceback (most recent call last):
  File "E:\develop\repairmybike\repairmybike_backend\venv\Lib\site-packages\django\core\handlers\exception.py", line 55, in inner
    response = get_response(request)
  File "E:\develop\repairmybike\repairmybike_backend\venv\Lib\site-packages\django\core\handlers\base.py", line 197, in _get_response
    response = wrapped_callback(request, *callback_args, **callback_kwargs)
  File "C:\Users\wolf\AppData\Local\Python\pythoncore-3.14-64\Lib\contextlib.py", line 85, in inner
    return func(*args, **kwds)
  File "E:\develop\repairmybike\repairmybike_backend\venv\Lib\site-packages\django\views\decorators\csrf.py", line 65, in _view_wrapper
    return view_func(request, *args, **kwargs)
  File "E:\develop\repairmybike\repairmybike_backend\venv\Lib\site-packages\rest_framework\viewsets.py", line 125, in view
    return self.dispatch(request, *args, **kwargs)
           ~~~~~~~~~~~~~^^^^^^^^^^^^^^^^^^^^^^^^^^
  File "E:\develop\repairmybike\repairmybike_backend\venv\Lib\site-packages\rest_framework\views.py", line 515, in dispatch
    response = self.handle_exception(exc)
  File "E:\develop\repairmybike\repairmybike_backend\venv\Lib\site-packages\rest_framework\views.py", line 475, in handle_exception
    self.raise_uncaught_exception(exc)
    ~~~~~~~~~~~~~~~~~~~~~~~~~~~~~^^^^^
  File "E:\develop\repairmybike\repairmybike_backend\venv\Lib\site-packages\rest_framework\views.py", line 486, in raise_uncaught_exception
    raise exc
  File "E:\develop\repairmybike\repairmybike_backend\venv\Lib\site-packages\rest_framework\views.py", line 512, in dispatch
    response = handler(request, *args, **kwargs)
  File "E:\develop\repairmybike\repairmybike_backend\staff\views.py", line 47, in list
    'data': serializer.data,
            ^^^^^^^^^^^^^^^
  File "E:\develop\repairmybike\repairmybike_backend\venv\Lib\site-packages\rest_framework\serializers.py", line 797, in data
    ret = super().data
          ^^^^^^^^^^^^
  File "E:\develop\repairmybike\repairmybike_backend\venv\Lib\site-packages\rest_framework\serializers.py", line 251, in data
    self._data = self.to_representation(self.instance)
                 ~~~~~~~~~~~~~~~~~~~~~~^^^^^^^^^^^^^^^
  File "E:\develop\repairmybike\repairmybike_backend\venv\Lib\site-packages\rest_framework\serializers.py", line 716, in to_representation
    self.child.to_representation(item) for item in iterable
                                                   ^^^^^^^^
  File "E:\develop\repairmybike\repairmybike_backend\venv\Lib\site-packages\django\db\models\query.py", line 384, in __iter__
    self._fetch_all()
    ~~~~~~~~~~~~~~~^^
  File "E:\develop\repairmybike\repairmybike_backend\venv\Lib\site-packages\django\db\models\query.py", line 1949, in _fetch_all
    self._result_cache = list(self._iterable_class(self))
                         ~~~~^^^^^^^^^^^^^^^^^^^^^^^^^^^^
  File "E:\develop\repairmybike\repairmybike_backend\venv\Lib\site-packages\django\db\models\query.py", line 91, in __iter__
    results = compiler.execute_sql(
        chunked_fetch=self.chunked_fetch, chunk_size=self.chunk_size
    )
  File "E:\develop\repairmybike\repairmybike_backend\venv\Lib\site-packages\django\db\models\sql\compiler.py", line 1623, in execute_sql
    cursor.execute(sql, params)
    ~~~~~~~~~~~~~~^^^^^^^^^^^^^
  File "E:\develop\repairmybike\repairmybike_backend\venv\Lib\site-packages\django\db\backends\utils.py", line 122, in execute
    return super().execute(sql, params)
           ~~~~~~~~~~~~~~~^^^^^^^^^^^^^
  File "E:\develop\repairmybike\repairmybike_backend\venv\Lib\site-packages\django\db\backends\utils.py", line 79, in execute
    return self._execute_with_wrappers(
           ~~~~~~~~~~~~~~~~~~~~~~~~~~~^
        sql, params, many=False, executor=self._execute
        ^^^^^^^^^^^^^^^^^^^^^^^^^^^^^^^^^^^^^^^^^^^^^^^
    )
    ^
  File "E:\develop\repairmybike\repairmybike_backend\venv\Lib\site-packages\django\db\backends\utils.py", line 92, in _execute_with_wrappers
    return executor(sql, params, many, context)
  File "E:\develop\repairmybike\repairmybike_backend\venv\Lib\site-packages\django\db\backends\utils.py", line 100, in _execute
    with self.db.wrap_database_errors:
         ^^^^^^^^^^^^^^^^^^^^^^^^^^^^
  File "E:\develop\repairmybike\repairmybike_backend\venv\Lib\site-packages\django\db\utils.py", line 91, in __exit__
    raise dj_exc_value.with_traceback(traceback) from exc_value
  File "E:\develop\repairmybike\repairmybike_backend\venv\Lib\site-packages\django\db\backends\utils.py", line 105, in _execute
    return self.cursor.execute(sql, params)
           ~~~~~~~~~~~~~~~~~~~^^^^^^^^^^^^^
django.db.utils.ProgrammingError: column bookings.notes does not exist
LINE 1: ...on_id", "bookings"."subscription_visit_consumed", "bookings"...
                                                             ^

ERROR 2026-05-05 02:24:36,676 basehttp 13172 20084 "GET /api/staff/bookings/ HTTP/1.1" 500 192794
INFO 2026-05-05 02:24:40,915 basehttp 13172 20084 "OPTIONS /api/subscriptions/plans/ HTTP/1.1" 200 0
INFO 2026-05-05 02:24:40,915 basehttp 13172 7968 "OPTIONS /api/subscriptions/subscriptions/ HTTP/1.1" 200 0
INFO 2026-05-05 02:24:42,554 basehttp 13172 7968 "GET /api/subscriptions/plans/ HTTP/1.1" 200 2609
INFO 2026-05-05 02:24:44,787 basehttp 13172 20084 "GET /api/subscriptions/subscriptions/ HTTP/1.1" 200 4700
INFO 2026-05-05 02:24:46,193 basehttp 13172 7968 "GET /api/staff/bookings/stats/ HTTP/1.1" 200 223
INFO 2026-05-05 02:25:03,158 basehttp 13172 7968 "OPTIONS /api/services/services/ HTTP/1.1" 200 0
INFO 2026-05-05 02:25:03,158 basehttp 13172 20084 "OPTIONS /api/services/service-categories/ HTTP/1.1" 200 0
INFO 2026-05-05 02:25:06,922 basehttp 13172 7968 "GET /api/services/service-categories/ HTTP/1.1" 200 1966
INFO 2026-05-05 02:25:14,132 basehttp 13172 20084 "GET /api/services/services/ HTTP/1.1" 200 13514
INFO 2026-05-05 02:25:19,581 basehttp 13172 20084 "GET /api/staff/bookings/stats/ HTTP/1.1" 200 223
INFO 2026-05-05 02:25:20,339 basehttp 13172 20084 "OPTIONS /api/services/service-pricing/ HTTP/1.1" 200 0
INFO 2026-05-05 02:25:22,021 basehttp 13172 20084 "GET /api/services/service-pricing/ HTTP/1.1" 200 1262
INFO 2026-05-05 02:25:26,630 basehttp 13172 20084 "GET /api/spare-parts/orders/ HTTP/1.1" 200 67
INFO 2026-05-05 02:25:31,131 basehttp 13172 20084 "GET /api/staff/logs/?limit=10 HTTP/1.1" 200 25
ERROR 2026-05-05 02:25:33,892 log 13172 7968 Internal Server Error: /api/staff/bookings/
Traceback (most recent call last):
  File "E:\develop\repairmybike\repairmybike_backend\venv\Lib\site-packages\django\db\backends\utils.py", line 105, in _execute
    return self.cursor.execute(sql, params)
           ~~~~~~~~~~~~~~~~~~~^^^^^^^^^^^^^
psycopg2.errors.UndefinedColumn: column bookings.notes does not exist
LINE 1: ...on_id", "bookings"."subscription_visit_consumed", "bookings"...
                                                             ^


The above exception was the direct cause of the following exception:

Traceback (most recent call last):
  File "E:\develop\repairmybike\repairmybike_backend\venv\Lib\site-packages\django\core\handlers\exception.py", line 55, in inner
    response = get_response(request)
  File "E:\develop\repairmybike\repairmybike_backend\venv\Lib\site-packages\django\core\handlers\base.py", line 197, in _get_response
    response = wrapped_callback(request, *callback_args, **callback_kwargs)
  File "C:\Users\wolf\AppData\Local\Python\pythoncore-3.14-64\Lib\contextlib.py", line 85, in inner
    return func(*args, **kwds)
  File "E:\develop\repairmybike\repairmybike_backend\venv\Lib\site-packages\django\views\decorators\csrf.py", line 65, in _view_wrapper
    return view_func(request, *args, **kwargs)
  File "E:\develop\repairmybike\repairmybike_backend\venv\Lib\site-packages\rest_framework\viewsets.py", line 125, in view
    return self.dispatch(request, *args, **kwargs)
           ~~~~~~~~~~~~~^^^^^^^^^^^^^^^^^^^^^^^^^^
  File "E:\develop\repairmybike\repairmybike_backend\venv\Lib\site-packages\rest_framework\views.py", line 515, in dispatch
    response = self.handle_exception(exc)
  File "E:\develop\repairmybike\repairmybike_backend\venv\Lib\site-packages\rest_framework\views.py", line 475, in handle_exception
    self.raise_uncaught_exception(exc)
    ~~~~~~~~~~~~~~~~~~~~~~~~~~~~~^^^^^
  File "E:\develop\repairmybike\repairmybike_backend\venv\Lib\site-packages\rest_framework\views.py", line 486, in raise_uncaught_exception
    raise exc
  File "E:\develop\repairmybike\repairmybike_backend\venv\Lib\site-packages\rest_framework\views.py", line 512, in dispatch
    response = handler(request, *args, **kwargs)
  File "E:\develop\repairmybike\repairmybike_backend\staff\views.py", line 47, in list
    'data': serializer.data,
            ^^^^^^^^^^^^^^^
  File "E:\develop\repairmybike\repairmybike_backend\venv\Lib\site-packages\rest_framework\serializers.py", line 797, in data
    ret = super().data
          ^^^^^^^^^^^^
  File "E:\develop\repairmybike\repairmybike_backend\venv\Lib\site-packages\rest_framework\serializers.py", line 251, in data
    self._data = self.to_representation(self.instance)
                 ~~~~~~~~~~~~~~~~~~~~~~^^^^^^^^^^^^^^^
  File "E:\develop\repairmybike\repairmybike_backend\venv\Lib\site-packages\rest_framework\serializers.py", line 716, in to_representation
    self.child.to_representation(item) for item in iterable
                                                   ^^^^^^^^
  File "E:\develop\repairmybike\repairmybike_backend\venv\Lib\site-packages\django\db\models\query.py", line 384, in __iter__
    self._fetch_all()
    ~~~~~~~~~~~~~~~^^
  File "E:\develop\repairmybike\repairmybike_backend\venv\Lib\site-packages\django\db\models\query.py", line 1949, in _fetch_all
    self._result_cache = list(self._iterable_class(self))
                         ~~~~^^^^^^^^^^^^^^^^^^^^^^^^^^^^
  File "E:\develop\repairmybike\repairmybike_backend\venv\Lib\site-packages\django\db\models\query.py", line 91, in __iter__
    results = compiler.execute_sql(
        chunked_fetch=self.chunked_fetch, chunk_size=self.chunk_size
    )
  File "E:\develop\repairmybike\repairmybike_backend\venv\Lib\site-packages\django\db\models\sql\compiler.py", line 1623, in execute_sql
    cursor.execute(sql, params)
    ~~~~~~~~~~~~~~^^^^^^^^^^^^^
  File "E:\develop\repairmybike\repairmybike_backend\venv\Lib\site-packages\django\db\backends\utils.py", line 122, in execute
    return super().execute(sql, params)
           ~~~~~~~~~~~~~~~^^^^^^^^^^^^^
  File "E:\develop\repairmybike\repairmybike_backend\venv\Lib\site-packages\django\db\backends\utils.py", line 79, in execute
    return self._execute_with_wrappers(
           ~~~~~~~~~~~~~~~~~~~~~~~~~~~^
        sql, params, many=False, executor=self._execute
        ^^^^^^^^^^^^^^^^^^^^^^^^^^^^^^^^^^^^^^^^^^^^^^^
    )
    ^
  File "E:\develop\repairmybike\repairmybike_backend\venv\Lib\site-packages\django\db\backends\utils.py", line 92, in _execute_with_wrappers
    return executor(sql, params, many, context)
  File "E:\develop\repairmybike\repairmybike_backend\venv\Lib\site-packages\django\db\backends\utils.py", line 100, in _execute
    with self.db.wrap_database_errors:
         ^^^^^^^^^^^^^^^^^^^^^^^^^^^^
  File "E:\develop\repairmybike\repairmybike_backend\venv\Lib\site-packages\django\db\utils.py", line 91, in __exit__
    raise dj_exc_value.with_traceback(traceback) from exc_value
  File "E:\develop\repairmybike\repairmybike_backend\venv\Lib\site-packages\django\db\backends\utils.py", line 105, in _execute
    return self.cursor.execute(sql, params)
           ~~~~~~~~~~~~~~~~~~~^^^^^^^^^^^^^
django.db.utils.ProgrammingError: column bookings.notes does not exist
LINE 1: ...on_id", "bookings"."subscription_visit_consumed", "bookings"...
                                                             ^

ERROR 2026-05-05 02:25:33,900 basehttp 13172 7968 "GET /api/staff/bookings/?limit=5&ordering=-created_at HTTP/1.1" 500 193672
ERROR 2026-05-05 02:25:39,491 log 13172 7968 Internal Server Error: /api/staff/bookings/
Traceback (most recent call last):
  File "E:\develop\repairmybike\repairmybike_backend\venv\Lib\site-packages\django\db\backends\utils.py", line 105, in _execute
    return self.cursor.execute(sql, params)
           ~~~~~~~~~~~~~~~~~~~^^^^^^^^^^^^^
psycopg2.errors.UndefinedColumn: column bookings.notes does not exist
LINE 1: ...on_id", "bookings"."subscription_visit_consumed", "bookings"...
                                                             ^


The above exception was the direct cause of the following exception:

Traceback (most recent call last):
  File "E:\develop\repairmybike\repairmybike_backend\venv\Lib\site-packages\django\core\handlers\exception.py", line 55, in inner
    response = get_response(request)
  File "E:\develop\repairmybike\repairmybike_backend\venv\Lib\site-packages\django\core\handlers\base.py", line 197, in _get_response
    response = wrapped_callback(request, *callback_args, **callback_kwargs)
  File "C:\Users\wolf\AppData\Local\Python\pythoncore-3.14-64\Lib\contextlib.py", line 85, in inner
    return func(*args, **kwds)
  File "E:\develop\repairmybike\repairmybike_backend\venv\Lib\site-packages\django\views\decorators\csrf.py", line 65, in _view_wrapper
    return view_func(request, *args, **kwargs)
  File "E:\develop\repairmybike\repairmybike_backend\venv\Lib\site-packages\rest_framework\viewsets.py", line 125, in view
    return self.dispatch(request, *args, **kwargs)
           ~~~~~~~~~~~~~^^^^^^^^^^^^^^^^^^^^^^^^^^
  File "E:\develop\repairmybike\repairmybike_backend\venv\Lib\site-packages\rest_framework\views.py", line 515, in dispatch
    response = self.handle_exception(exc)
  File "E:\develop\repairmybike\repairmybike_backend\venv\Lib\site-packages\rest_framework\views.py", line 475, in handle_exception
    self.raise_uncaught_exception(exc)
    ~~~~~~~~~~~~~~~~~~~~~~~~~~~~~^^^^^
  File "E:\develop\repairmybike\repairmybike_backend\venv\Lib\site-packages\rest_framework\views.py", line 486, in raise_uncaught_exception
    raise exc
  File "E:\develop\repairmybike\repairmybike_backend\venv\Lib\site-packages\rest_framework\views.py", line 512, in dispatch
    response = handler(request, *args, **kwargs)
  File "E:\develop\repairmybike\repairmybike_backend\staff\views.py", line 47, in list
    'data': serializer.data,
            ^^^^^^^^^^^^^^^
  File "E:\develop\repairmybike\repairmybike_backend\venv\Lib\site-packages\rest_framework\serializers.py", line 797, in data
    ret = super().data
          ^^^^^^^^^^^^
  File "E:\develop\repairmybike\repairmybike_backend\venv\Lib\site-packages\rest_framework\serializers.py", line 251, in data
    self._data = self.to_representation(self.instance)
                 ~~~~~~~~~~~~~~~~~~~~~~^^^^^^^^^^^^^^^
  File "E:\develop\repairmybike\repairmybike_backend\venv\Lib\site-packages\rest_framework\serializers.py", line 716, in to_representation
    self.child.to_representation(item) for item in iterable
                                                   ^^^^^^^^
  File "E:\develop\repairmybike\repairmybike_backend\venv\Lib\site-packages\django\db\models\query.py", line 384, in __iter__
    self._fetch_all()
    ~~~~~~~~~~~~~~~^^
  File "E:\develop\repairmybike\repairmybike_backend\venv\Lib\site-packages\django\db\models\query.py", line 1949, in _fetch_all
    self._result_cache = list(self._iterable_class(self))
                         ~~~~^^^^^^^^^^^^^^^^^^^^^^^^^^^^
  File "E:\develop\repairmybike\repairmybike_backend\venv\Lib\site-packages\django\db\models\query.py", line 91, in __iter__
    results = compiler.execute_sql(
        chunked_fetch=self.chunked_fetch, chunk_size=self.chunk_size
    )
  File "E:\develop\repairmybike\repairmybike_backend\venv\Lib\site-packages\django\db\models\sql\compiler.py", line 1623, in execute_sql
    cursor.execute(sql, params)
    ~~~~~~~~~~~~~~^^^^^^^^^^^^^
  File "E:\develop\repairmybike\repairmybike_backend\venv\Lib\site-packages\django\db\backends\utils.py", line 122, in execute
    return super().execute(sql, params)
           ~~~~~~~~~~~~~~~^^^^^^^^^^^^^
  File "E:\develop\repairmybike\repairmybike_backend\venv\Lib\site-packages\django\db\backends\utils.py", line 79, in execute
    return self._execute_with_wrappers(
           ~~~~~~~~~~~~~~~~~~~~~~~~~~~^
        sql, params, many=False, executor=self._execute
        ^^^^^^^^^^^^^^^^^^^^^^^^^^^^^^^^^^^^^^^^^^^^^^^
    )
    ^
  File "E:\develop\repairmybike\repairmybike_backend\venv\Lib\site-packages\django\db\backends\utils.py", line 92, in _execute_with_wrappers
    return executor(sql, params, many, context)
  File "E:\develop\repairmybike\repairmybike_backend\venv\Lib\site-packages\django\db\backends\utils.py", line 100, in _execute
    with self.db.wrap_database_errors:
         ^^^^^^^^^^^^^^^^^^^^^^^^^^^^
  File "E:\develop\repairmybike\repairmybike_backend\venv\Lib\site-packages\django\db\utils.py", line 91, in __exit__
    raise dj_exc_value.with_traceback(traceback) from exc_value
  File "E:\develop\repairmybike\repairmybike_backend\venv\Lib\site-packages\django\db\backends\utils.py", line 105, in _execute
    return self.cursor.execute(sql, params)
           ~~~~~~~~~~~~~~~~~~~^^^^^^^^^^^^^
django.db.utils.ProgrammingError: column bookings.notes does not exist
LINE 1: ...on_id", "bookings"."subscription_visit_consumed", "bookings"...
                                                             ^

ERROR 2026-05-05 02:25:39,499 basehttp 13172 7968 "GET /api/staff/bookings/?limit=5&ordering=-created_at HTTP/1.1" 500 193672
INFO 2026-05-05 02:25:52,901 basehttp 13172 7968 "GET /api/staff/bookings/stats/ HTTP/1.1" 200 223
INFO 2026-05-05 09:32:58,680 autoreload 16420 14044 Watching for file changes with StatReloader
INFO 2026-05-05 09:33:23,136 basehttp 16420 15616 "OPTIONS /api/staff/logs/?limit=10 HTTP/1.1" 200 0
INFO 2026-05-05 09:33:23,136 basehttp 16420 15612 "OPTIONS /api/staff/bookings/stats/ HTTP/1.1" 200 0
INFO 2026-05-05 09:33:23,136 basehttp 16420 15396 "OPTIONS /api/staff/bookings/?limit=5&ordering=-created_at HTTP/1.1" 200 0
ERROR 2026-05-05 09:33:25,805 authentication 16420 15612 Authentication failed: {'status_code': 500, 'error_type': 'invalid token', 'error_message': 'Unable to parse token header. Error: Not enough segments'}
ERROR 2026-05-05 09:33:25,805 authentication 16420 15612 Session authentication failed: {'status_code': 500, 'error_type': 'invalid token', 'error_message': 'Unable to parse token header. Error: Not enough segments'}
ERROR 2026-05-05 09:33:25,806 authentication 16420 15616 Authentication failed: {'status_code': 500, 'error_type': 'invalid token', 'error_message': 'Unable to parse token header. Error: Not enough segments'}
ERROR 2026-05-05 09:33:25,806 authentication 16420 15616 Session authentication failed: {'status_code': 500, 'error_type': 'invalid token', 'error_message': 'Unable to parse token header. Error: Not enough segments'}
ERROR 2026-05-05 09:33:25,921 authentication 16420 15396 Authentication failed: {'status_code': 500, 'error_type': 'invalid token', 'error_message': 'Unable to parse token header. Error: Not enough segments'}
ERROR 2026-05-05 09:33:25,922 authentication 16420 15396 Session authentication failed: {'status_code': 500, 'error_type': 'invalid token', 'error_message': 'Unable to parse token header. Error: Not enough segments'}
WARNING 2026-05-05 09:33:26,075 log 16420 15612 Forbidden: /api/staff/bookings/stats/
WARNING 2026-05-05 09:33:26,076 log 16420 15616 Forbidden: /api/staff/bookings/
WARNING 2026-05-05 09:33:26,079 basehttp 16420 15612 "GET /api/staff/bookings/stats/ HTTP/1.1" 403 58
WARNING 2026-05-05 09:33:26,081 basehttp 16420 15616 "GET /api/staff/bookings/?limit=5&ordering=-created_at HTTP/1.1" 403 58
WARNING 2026-05-05 09:33:26,197 log 16420 15396 Forbidden: /api/staff/logs/
WARNING 2026-05-05 09:33:26,198 basehttp 16420 15396 "GET /api/staff/logs/?limit=10 HTTP/1.1" 403 58
INFO 2026-05-05 09:33:26,305 basehttp 16420 15396 "OPTIONS /api/services/services/ HTTP/1.1" 200 0
INFO 2026-05-05 09:33:26,305 basehttp 16420 15616 "OPTIONS /api/services/service-categories/ HTTP/1.1" 200 0
ERROR 2026-05-05 09:33:27,097 authentication 16420 15616 Authentication failed: {'status_code': 500, 'error_type': 'invalid token', 'error_message': 'Unable to parse token header. Error: Not enough segments'}
ERROR 2026-05-05 09:33:27,097 authentication 16420 15616 Session authentication failed: {'status_code': 500, 'error_type': 'invalid token', 'error_message': 'Unable to parse token header. Error: Not enough segments'}
ERROR 2026-05-05 09:33:27,130 authentication 16420 15396 Authentication failed: {'status_code': 500, 'error_type': 'invalid token', 'error_message': 'Unable to parse token header. Error: Not enough segments'}
ERROR 2026-05-05 09:33:27,130 authentication 16420 15396 Session authentication failed: {'status_code': 500, 'error_type': 'invalid token', 'error_message': 'Unable to parse token header. Error: Not enough segments'}
ERROR 2026-05-05 09:33:27,888 authentication 16420 15612 Authentication failed: {'status_code': 500, 'error_type': 'invalid token', 'error_message': 'Unable to parse token header. Error: Not enough segments'}
ERROR 2026-05-05 09:33:27,889 authentication 16420 15612 Session authentication failed: {'status_code': 500, 'error_type': 'invalid token', 'error_message': 'Unable to parse token header. Error: Not enough segments'}
WARNING 2026-05-05 09:33:28,149 log 16420 15612 Forbidden: /api/staff/bookings/stats/
WARNING 2026-05-05 09:33:28,150 basehttp 16420 15612 "GET /api/staff/bookings/stats/ HTTP/1.1" 403 58
INFO 2026-05-05 09:33:30,164 basehttp 16420 15396 "GET /api/services/service-categories/ HTTP/1.1" 200 1966
INFO 2026-05-05 09:33:31,464 basehttp 16420 15612 "OPTIONS /api/subscriptions/subscriptions/ HTTP/1.1" 200 0
INFO 2026-05-05 09:33:31,465 basehttp 16420 15396 "OPTIONS /api/subscriptions/plans/ HTTP/1.1" 200 0
ERROR 2026-05-05 09:33:32,256 authentication 16420 15612 Authentication failed: {'status_code': 500, 'error_type': 'invalid token', 'error_message': 'Unable to parse token header. Error: Not enough segments'}
ERROR 2026-05-05 09:33:32,256 authentication 16420 15612 Session authentication failed: {'status_code': 500, 'error_type': 'invalid token', 'error_message': 'Unable to parse token header. Error: Not enough segments'}
ERROR 2026-05-05 09:33:32,287 authentication 16420 15396 Authentication failed: {'status_code': 500, 'error_type': 'invalid token', 'error_message': 'Unable to parse token header. Error: Not enough segments'}
ERROR 2026-05-05 09:33:32,287 authentication 16420 15396 Session authentication failed: {'status_code': 500, 'error_type': 'invalid token', 'error_message': 'Unable to parse token header. Error: Not enough segments'}
INFO 2026-05-05 09:33:33,092 basehttp 16420 15612 "GET /api/subscriptions/plans/ HTTP/1.1" 200 2609
INFO 2026-05-05 09:33:35,292 basehttp 16420 15396 "GET /api/subscriptions/subscriptions/ HTTP/1.1" 200 4700
INFO 2026-05-05 09:33:36,672 basehttp 16420 15616 "GET /api/services/services/ HTTP/1.1" 200 13514
INFO 2026-05-05 09:33:48,517 basehttp 16420 15616 "OPTIONS /api/services/service-pricing/ HTTP/1.1" 200 0
ERROR 2026-05-05 09:33:49,310 authentication 16420 15616 Authentication failed: {'status_code': 500, 'error_type': 'invalid token', 'error_message': 'Unable to parse token header. Error: Not enough segments'}
ERROR 2026-05-05 09:33:49,310 authentication 16420 15616 Session authentication failed: {'status_code': 500, 'error_type': 'invalid token', 'error_message': 'Unable to parse token header. Error: Not enough segments'}
INFO 2026-05-05 09:33:50,190 basehttp 16420 15616 "GET /api/services/service-pricing/ HTTP/1.1" 200 1262
ERROR 2026-05-05 09:33:59,050 authentication 16420 15616 Authentication failed: {'status_code': 500, 'error_type': 'invalid token', 'error_message': 'Unable to parse token header. Error: Not enough segments'}
ERROR 2026-05-05 09:33:59,051 authentication 16420 15616 Session authentication failed: {'status_code': 500, 'error_type': 'invalid token', 'error_message': 'Unable to parse token header. Error: Not enough segments'}
WARNING 2026-05-05 09:33:59,313 log 16420 15616 Forbidden: /api/staff/bookings/stats/
WARNING 2026-05-05 09:33:59,314 basehttp 16420 15616 "GET /api/staff/bookings/stats/ HTTP/1.1" 403 58
ERROR 2026-05-05 09:34:01,196 authentication 16420 15616 Authentication failed: {'status_code': 500, 'error_type': 'invalid token', 'error_message': 'Unable to parse token header. Error: Not enough segments'}
ERROR 2026-05-05 09:34:01,197 authentication 16420 15616 Session authentication failed: {'status_code': 500, 'error_type': 'invalid token', 'error_message': 'Unable to parse token header. Error: Not enough segments'}
WARNING 2026-05-05 09:34:01,462 log 16420 15616 Forbidden: /api/staff/bookings/stats/
WARNING 2026-05-05 09:34:01,463 basehttp 16420 15616 "GET /api/staff/bookings/stats/ HTTP/1.1" 403 58
ERROR 2026-05-05 09:34:21,758 authentication 16420 15612 Authentication failed: {'status_code': 500, 'error_type': 'invalid token', 'error_message': 'Unable to parse token header. Error: Not enough segments'}
ERROR 2026-05-05 09:34:21,759 authentication 16420 15616 Authentication failed: {'status_code': 500, 'error_type': 'invalid token', 'error_message': 'Unable to parse token header. Error: Not enough segments'}
ERROR 2026-05-05 09:34:21,759 authentication 16420 15612 Session authentication failed: {'status_code': 500, 'error_type': 'invalid token', 'error_message': 'Unable to parse token header. Error: Not enough segments'}
ERROR 2026-05-05 09:34:21,760 authentication 16420 15616 Session authentication failed: {'status_code': 500, 'error_type': 'invalid token', 'error_message': 'Unable to parse token header. Error: Not enough segments'}
ERROR 2026-05-05 09:34:21,791 authentication 16420 15396 Authentication failed: {'status_code': 500, 'error_type': 'invalid token', 'error_message': 'Unable to parse token header. Error: Not enough segments'}
ERROR 2026-05-05 09:34:21,792 authentication 16420 15396 Session authentication failed: {'status_code': 500, 'error_type': 'invalid token', 'error_message': 'Unable to parse token header. Error: Not enough segments'}
WARNING 2026-05-05 09:34:22,023 log 16420 15616 Forbidden: /api/staff/bookings/stats/
WARNING 2026-05-05 09:34:22,023 log 16420 15612 Forbidden: /api/staff/bookings/
WARNING 2026-05-05 09:34:22,025 basehttp 16420 15616 "GET /api/staff/bookings/stats/ HTTP/1.1" 403 58
WARNING 2026-05-05 09:34:22,025 basehttp 16420 15612 "GET /api/staff/bookings/?limit=5&ordering=-created_at HTTP/1.1" 403 58
WARNING 2026-05-05 09:34:22,065 log 16420 15396 Forbidden: /api/staff/logs/
WARNING 2026-05-05 09:34:22,066 basehttp 16420 15396 "GET /api/staff/logs/?limit=10 HTTP/1.1" 403 58
ERROR 2026-05-05 09:34:23,848 authentication 16420 15612 Authentication failed: {'status_code': 500, 'error_type': 'invalid token', 'error_message': 'Unable to parse token header. Error: Not enough segments'}
ERROR 2026-05-05 09:34:23,848 authentication 16420 15612 Session authentication failed: {'status_code': 500, 'error_type': 'invalid token', 'error_message': 'Unable to parse token header. Error: Not enough segments'}
ERROR 2026-05-05 09:34:23,864 authentication 16420 15616 Authentication failed: {'status_code': 500, 'error_type': 'invalid token', 'error_message': 'Unable to parse token header. Error: Not enough segments'}
ERROR 2026-05-05 09:34:23,864 authentication 16420 15616 Session authentication failed: {'status_code': 500, 'error_type': 'invalid token', 'error_message': 'Unable to parse token header. Error: Not enough segments'}
ERROR 2026-05-05 09:34:23,876 authentication 16420 15396 Authentication failed: {'status_code': 500, 'error_type': 'invalid token', 'error_message': 'Unable to parse token header. Error: Not enough segments'}
ERROR 2026-05-05 09:34:23,876 authentication 16420 15396 Session authentication failed: {'status_code': 500, 'error_type': 'invalid token', 'error_message': 'Unable to parse token header. Error: Not enough segments'}
INFO 2026-05-05 09:34:24,078 basehttp 16420 2768 "OPTIONS /api/staff/bookings/ HTTP/1.1" 200 0
WARNING 2026-05-05 09:34:24,112 log 16420 15612 Forbidden: /api/staff/bookings/stats/
WARNING 2026-05-05 09:34:24,113 basehttp 16420 15612 "GET /api/staff/bookings/stats/ HTTP/1.1" 403 58
WARNING 2026-05-05 09:34:24,126 log 16420 15616 Forbidden: /api/staff/logs/
WARNING 2026-05-05 09:34:24,127 basehttp 16420 15616 "GET /api/staff/logs/?limit=10 HTTP/1.1" 403 58
WARNING 2026-05-05 09:34:24,147 log 16420 15396 Forbidden: /api/staff/bookings/
WARNING 2026-05-05 09:34:24,148 basehttp 16420 15396 "GET /api/staff/bookings/?limit=5&ordering=-created_at HTTP/1.1" 403 58
ERROR 2026-05-05 09:34:26,944 authentication 16420 2768 Authentication failed: {'status_code': 500, 'error_type': 'invalid token', 'error_message': 'Unable to parse token header. Error: Not enough segments'}
ERROR 2026-05-05 09:34:26,945 authentication 16420 2768 Session authentication failed: {'status_code': 500, 'error_type': 'invalid token', 'error_message': 'Unable to parse token header. Error: Not enough segments'}
WARNING 2026-05-05 09:34:27,300 log 16420 2768 Forbidden: /api/staff/bookings/
WARNING 2026-05-05 09:34:27,301 basehttp 16420 2768 "GET /api/staff/bookings/ HTTP/1.1" 403 58
ERROR 2026-05-05 09:34:29,285 authentication 16420 2768 Authentication failed: {'status_code': 500, 'error_type': 'invalid token', 'error_message': 'Unable to parse token header. Error: Not enough segments'}
ERROR 2026-05-05 09:34:29,285 authentication 16420 2768 Session authentication failed: {'status_code': 500, 'error_type': 'invalid token', 'error_message': 'Unable to parse token header. Error: Not enough segments'}
WARNING 2026-05-05 09:34:29,561 log 16420 2768 Forbidden: /api/staff/bookings/
WARNING 2026-05-05 09:34:29,562 basehttp 16420 2768 "GET /api/staff/bookings/ HTTP/1.1" 403 58
INFO 2026-05-05 09:34:30,713 basehttp 16420 2768 "OPTIONS /api/staff/bookings/?limit=200 HTTP/1.1" 200 0
ERROR 2026-05-05 09:34:31,557 authentication 16420 2768 Authentication failed: {'status_code': 500, 'error_type': 'invalid token', 'error_message': 'Unable to parse token header. Error: Not enough segments'}
ERROR 2026-05-05 09:34:31,558 authentication 16420 2768 Session authentication failed: {'status_code': 500, 'error_type': 'invalid token', 'error_message': 'Unable to parse token header. Error: Not enough segments'}
WARNING 2026-05-05 09:34:31,909 log 16420 2768 Forbidden: /api/staff/bookings/
WARNING 2026-05-05 09:34:31,910 basehttp 16420 2768 "GET /api/staff/bookings/?limit=200 HTTP/1.1" 403 58
ERROR 2026-05-05 09:34:33,857 authentication 16420 2768 Authentication failed: {'status_code': 500, 'error_type': 'invalid token', 'error_message': 'Unable to parse token header. Error: Not enough segments'}
ERROR 2026-05-05 09:34:33,857 authentication 16420 2768 Session authentication failed: {'status_code': 500, 'error_type': 'invalid token', 'error_message': 'Unable to parse token header. Error: Not enough segments'}
WARNING 2026-05-05 09:34:34,130 log 16420 2768 Forbidden: /api/staff/bookings/
WARNING 2026-05-05 09:34:34,131 basehttp 16420 2768 "GET /api/staff/bookings/?limit=200 HTTP/1.1" 403 58
ERROR 2026-05-05 09:34:40,130 authentication 16420 2768 Authentication failed: {'status_code': 500, 'error_type': 'invalid token', 'error_message': 'Unable to parse token header. Error: Not enough segments'}
ERROR 2026-05-05 09:34:40,131 authentication 16420 2768 Session authentication failed: {'status_code': 500, 'error_type': 'invalid token', 'error_message': 'Unable to parse token header. Error: Not enough segments'}
ERROR 2026-05-05 09:34:40,133 authentication 16420 15396 Authentication failed: {'status_code': 500, 'error_type': 'invalid token', 'error_message': 'Unable to parse token header. Error: Not enough segments'}
ERROR 2026-05-05 09:34:40,133 authentication 16420 15396 Session authentication failed: {'status_code': 500, 'error_type': 'invalid token', 'error_message': 'Unable to parse token header. Error: Not enough segments'}
INFO 2026-05-05 09:34:40,957 basehttp 16420 2768 "GET /api/subscriptions/plans/ HTTP/1.1" 200 2609
INFO 2026-05-05 09:34:43,244 basehttp 16420 15396 "GET /api/subscriptions/subscriptions/ HTTP/1.1" 200 4700
INFO 2026-05-05 09:34:46,124 basehttp 16420 2768 "OPTIONS /api/spare-parts/parts/?search= HTTP/1.1" 200 0
INFO 2026-05-05 09:34:46,124 basehttp 16420 15396 "OPTIONS /api/spare-parts/parts/ HTTP/1.1" 200 0
ERROR 2026-05-05 09:34:46,953 authentication 16420 2768 Authentication failed: {'status_code': 500, 'error_type': 'invalid token', 'error_message': 'Unable to parse token header. Error: Not enough segments'}
ERROR 2026-05-05 09:34:46,953 authentication 16420 15396 Authentication failed: {'status_code': 500, 'error_type': 'invalid token', 'error_message': 'Unable to parse token header. Error: Not enough segments'}
ERROR 2026-05-05 09:34:46,953 authentication 16420 2768 Session authentication failed: {'status_code': 500, 'error_type': 'invalid token', 'error_message': 'Unable to parse token header. Error: Not enough segments'}
ERROR 2026-05-05 09:34:46,954 authentication 16420 15396 Session authentication failed: {'status_code': 500, 'error_type': 'invalid token', 'error_message': 'Unable to parse token header. Error: Not enough segments'}
INFO 2026-05-05 09:34:53,557 basehttp 16420 2768 "GET /api/spare-parts/parts/ HTTP/1.1" 200 10166
INFO 2026-05-05 09:34:53,557 basehttp 16420 15396 "GET /api/spare-parts/parts/?search= HTTP/1.1" 200 10166
ERROR 2026-05-05 09:34:55,050 authentication 16420 15396 Authentication failed: {'status_code': 500, 'error_type': 'invalid token', 'error_message': 'Unable to parse token header. Error: Not enough segments'}
ERROR 2026-05-05 09:34:55,050 authentication 16420 15396 Session authentication failed: {'status_code': 500, 'error_type': 'invalid token', 'error_message': 'Unable to parse token header. Error: Not enough segments'}
WARNING 2026-05-05 09:34:55,323 log 16420 15396 Forbidden: /api/staff/bookings/stats/
WARNING 2026-05-05 09:34:55,324 basehttp 16420 15396 "GET /api/staff/bookings/stats/ HTTP/1.1" 403 58
ERROR 2026-05-05 09:34:57,231 authentication 16420 15396 Authentication failed: {'status_code': 500, 'error_type': 'invalid token', 'error_message': 'Unable to parse token header. Error: Not enough segments'}
ERROR 2026-05-05 09:34:57,232 authentication 16420 15396 Session authentication failed: {'status_code': 500, 'error_type': 'invalid token', 'error_message': 'Unable to parse token header. Error: Not enough segments'}
WARNING 2026-05-05 09:34:57,541 log 16420 15396 Forbidden: /api/staff/bookings/stats/
WARNING 2026-05-05 09:34:57,542 basehttp 16420 15396 "GET /api/staff/bookings/stats/ HTTP/1.1" 403 58
ERROR 2026-05-05 09:35:28,471 authentication 16420 15396 Authentication failed: {'status_code': 500, 'error_type': 'invalid token', 'error_message': 'Unable to parse token header. Error: Not enough segments'}
ERROR 2026-05-05 09:35:28,473 authentication 16420 15396 Session authentication failed: {'status_code': 500, 'error_type': 'invalid token', 'error_message': 'Unable to parse token header. Error: Not enough segments'}
WARNING 2026-05-05 09:35:28,744 log 16420 15396 Forbidden: /api/staff/bookings/stats/
WARNING 2026-05-05 09:35:28,745 basehttp 16420 15396 "GET /api/staff/bookings/stats/ HTTP/1.1" 403 58
ERROR 2026-05-05 09:35:30,618 authentication 16420 15396 Authentication failed: {'status_code': 500, 'error_type': 'invalid token', 'error_message': 'Unable to parse token header. Error: Not enough segments'}
ERROR 2026-05-05 09:35:30,618 authentication 16420 15396 Session authentication failed: {'status_code': 500, 'error_type': 'invalid token', 'error_message': 'Unable to parse token header. Error: Not enough segments'}
WARNING 2026-05-05 09:35:30,893 log 16420 15396 Forbidden: /api/staff/bookings/stats/
WARNING 2026-05-05 09:35:30,894 basehttp 16420 15396 "GET /api/staff/bookings/stats/ HTTP/1.1" 403 58
ERROR 2026-05-05 09:35:30,947 authentication 16420 15616 Authentication failed: {'status_code': 500, 'error_type': 'invalid token', 'error_message': 'Unable to parse token header. Error: Not enough segments'}
ERROR 2026-05-05 09:35:30,947 authentication 16420 15616 Session authentication failed: {'status_code': 500, 'error_type': 'invalid token', 'error_message': 'Unable to parse token header. Error: Not enough segments'}
ERROR 2026-05-05 09:35:30,977 authentication 16420 2768 Authentication failed: {'status_code': 500, 'error_type': 'invalid token', 'error_message': 'Unable to parse token header. Error: Not enough segments'}
ERROR 2026-05-05 09:35:30,977 authentication 16420 2768 Session authentication failed: {'status_code': 500, 'error_type': 'invalid token', 'error_message': 'Unable to parse token header. Error: Not enough segments'}
INFO 2026-05-05 09:35:31,211 basehttp 16420 15616 "GET /api/services/service-categories/ HTTP/1.1" 200 1966
INFO 2026-05-05 09:35:31,252 basehttp 16420 2768 "GET /api/services/services/ HTTP/1.1" 200 13514
INFO 2026-05-05 09:35:31,443 basehttp 16420 2768 "OPTIONS /api/spare-parts/orders/ HTTP/1.1" 200 0
ERROR 2026-05-05 09:35:32,360 authentication 16420 2768 Authentication failed: {'status_code': 500, 'error_type': 'invalid token', 'error_message': 'Unable to parse token header. Error: Not enough segments'}
ERROR 2026-05-05 09:35:32,361 authentication 16420 2768 Session authentication failed: {'status_code': 500, 'error_type': 'invalid token', 'error_message': 'Unable to parse token header. Error: Not enough segments'}
WARNING 2026-05-05 09:35:32,635 log 16420 2768 Bad Request: /api/spare-parts/orders/
WARNING 2026-05-05 09:35:32,636 basehttp 16420 2768 "GET /api/spare-parts/orders/ HTTP/1.1" 400 64
ERROR 2026-05-05 09:35:34,479 authentication 16420 2768 Authentication failed: {'status_code': 500, 'error_type': 'invalid token', 'error_message': 'Unable to parse token header. Error: Not enough segments'}
ERROR 2026-05-05 09:35:34,480 authentication 16420 2768 Session authentication failed: {'status_code': 500, 'error_type': 'invalid token', 'error_message': 'Unable to parse token header. Error: Not enough segments'}
WARNING 2026-05-05 09:35:34,752 log 16420 2768 Bad Request: /api/spare-parts/orders/
WARNING 2026-05-05 09:35:34,753 basehttp 16420 2768 "GET /api/spare-parts/orders/ HTTP/1.1" 400 64
ERROR 2026-05-05 09:35:43,928 authentication 16420 2768 Authentication failed: {'status_code': 500, 'error_type': 'invalid token', 'error_message': 'Unable to parse token header. Error: Not enough segments'}
ERROR 2026-05-05 09:35:43,929 authentication 16420 2768 Session authentication failed: {'status_code': 500, 'error_type': 'invalid token', 'error_message': 'Unable to parse token header. Error: Not enough segments'}
WARNING 2026-05-05 09:35:44,202 log 16420 2768 Bad Request: /api/spare-parts/orders/
WARNING 2026-05-05 09:35:44,203 basehttp 16420 2768 "GET /api/spare-parts/orders/ HTTP/1.1" 400 64
ERROR 2026-05-05 09:35:46,119 authentication 16420 2768 Authentication failed: {'status_code': 500, 'error_type': 'invalid token', 'error_message': 'Unable to parse token header. Error: Not enough segments'}
ERROR 2026-05-05 09:35:46,119 authentication 16420 2768 Session authentication failed: {'status_code': 500, 'error_type': 'invalid token', 'error_message': 'Unable to parse token header. Error: Not enough segments'}
WARNING 2026-05-05 09:35:46,393 log 16420 2768 Bad Request: /api/spare-parts/orders/
WARNING 2026-05-05 09:35:46,394 basehttp 16420 2768 "GET /api/spare-parts/orders/ HTTP/1.1" 400 64
INFO 2026-05-06 21:49:27,815 autoreload 1972 20140 Watching for file changes with StatReloader
INFO 2026-05-06 21:50:54,485 basehttp 1972 8988 "POST /api/auth/staff/login/password/ HTTP/1.1" 200 390
INFO 2026-05-06 21:50:54,990 basehttp 1972 20452 "OPTIONS /api/staff/bookings/stats/ HTTP/1.1" 200 0
INFO 2026-05-06 21:50:54,990 basehttp 1972 13680 "OPTIONS /api/staff/bookings/?limit=5&ordering=-created_at HTTP/1.1" 200 0
INFO 2026-05-06 21:50:54,991 basehttp 1972 5844 "OPTIONS /api/staff/logs/?limit=10 HTTP/1.1" 200 0
INFO 2026-05-06 21:50:57,944 basehttp 1972 20452 "GET /api/staff/logs/?limit=10 HTTP/1.1" 200 25
INFO 2026-05-06 21:50:59,563 basehttp 1972 13680 "GET /api/staff/bookings/stats/ HTTP/1.1" 200 223
ERROR 2026-05-06 21:51:00,790 log 1972 5844 Internal Server Error: /api/staff/bookings/
Traceback (most recent call last):
  File "E:\develop\repairmybike\repairmybike_backend\venv\Lib\site-packages\django\db\backends\utils.py", line 105, in _execute
    return self.cursor.execute(sql, params)
           ~~~~~~~~~~~~~~~~~~~^^^^^^^^^^^^^
psycopg2.errors.UndefinedColumn: column bookings.notes does not exist
LINE 1: ...on_id", "bookings"."subscription_visit_consumed", "bookings"...
                                                             ^


The above exception was the direct cause of the following exception:

Traceback (most recent call last):
  File "E:\develop\repairmybike\repairmybike_backend\venv\Lib\site-packages\django\core\handlers\exception.py", line 55, in inner
    response = get_response(request)
  File "E:\develop\repairmybike\repairmybike_backend\venv\Lib\site-packages\django\core\handlers\base.py", line 197, in _get_response
    response = wrapped_callback(request, *callback_args, **callback_kwargs)
  File "C:\Users\wolf\AppData\Local\Python\pythoncore-3.14-64\Lib\contextlib.py", line 85, in inner
    return func(*args, **kwds)
  File "E:\develop\repairmybike\repairmybike_backend\venv\Lib\site-packages\django\views\decorators\csrf.py", line 65, in _view_wrapper
    return view_func(request, *args, **kwargs)
  File "E:\develop\repairmybike\repairmybike_backend\venv\Lib\site-packages\rest_framework\viewsets.py", line 125, in view
    return self.dispatch(request, *args, **kwargs)
           ~~~~~~~~~~~~~^^^^^^^^^^^^^^^^^^^^^^^^^^
  File "E:\develop\repairmybike\repairmybike_backend\venv\Lib\site-packages\rest_framework\views.py", line 515, in dispatch
    response = self.handle_exception(exc)
  File "E:\develop\repairmybike\repairmybike_backend\venv\Lib\site-packages\rest_framework\views.py", line 475, in handle_exception
    self.raise_uncaught_exception(exc)
    ~~~~~~~~~~~~~~~~~~~~~~~~~~~~~^^^^^
  File "E:\develop\repairmybike\repairmybike_backend\venv\Lib\site-packages\rest_framework\views.py", line 486, in raise_uncaught_exception
    raise exc
  File "E:\develop\repairmybike\repairmybike_backend\venv\Lib\site-packages\rest_framework\views.py", line 512, in dispatch
    response = handler(request, *args, **kwargs)
  File "E:\develop\repairmybike\repairmybike_backend\staff\views.py", line 47, in list
    'data': serializer.data,
            ^^^^^^^^^^^^^^^
  File "E:\develop\repairmybike\repairmybike_backend\venv\Lib\site-packages\rest_framework\serializers.py", line 797, in data
    ret = super().data
          ^^^^^^^^^^^^
  File "E:\develop\repairmybike\repairmybike_backend\venv\Lib\site-packages\rest_framework\serializers.py", line 251, in data
    self._data = self.to_representation(self.instance)
                 ~~~~~~~~~~~~~~~~~~~~~~^^^^^^^^^^^^^^^
  File "E:\develop\repairmybike\repairmybike_backend\venv\Lib\site-packages\rest_framework\serializers.py", line 716, in to_representation
    self.child.to_representation(item) for item in iterable
                                                   ^^^^^^^^
  File "E:\develop\repairmybike\repairmybike_backend\venv\Lib\site-packages\django\db\models\query.py", line 384, in __iter__
    self._fetch_all()
    ~~~~~~~~~~~~~~~^^
  File "E:\develop\repairmybike\repairmybike_backend\venv\Lib\site-packages\django\db\models\query.py", line 1949, in _fetch_all
    self._result_cache = list(self._iterable_class(self))
                         ~~~~^^^^^^^^^^^^^^^^^^^^^^^^^^^^
  File "E:\develop\repairmybike\repairmybike_backend\venv\Lib\site-packages\django\db\models\query.py", line 91, in __iter__
    results = compiler.execute_sql(
        chunked_fetch=self.chunked_fetch, chunk_size=self.chunk_size
    )
  File "E:\develop\repairmybike\repairmybike_backend\venv\Lib\site-packages\django\db\models\sql\compiler.py", line 1623, in execute_sql
    cursor.execute(sql, params)
    ~~~~~~~~~~~~~~^^^^^^^^^^^^^
  File "E:\develop\repairmybike\repairmybike_backend\venv\Lib\site-packages\django\db\backends\utils.py", line 122, in execute
    return super().execute(sql, params)
           ~~~~~~~~~~~~~~~^^^^^^^^^^^^^
  File "E:\develop\repairmybike\repairmybike_backend\venv\Lib\site-packages\django\db\backends\utils.py", line 79, in execute
    return self._execute_with_wrappers(
           ~~~~~~~~~~~~~~~~~~~~~~~~~~~^
        sql, params, many=False, executor=self._execute
        ^^^^^^^^^^^^^^^^^^^^^^^^^^^^^^^^^^^^^^^^^^^^^^^
    )
    ^
  File "E:\develop\repairmybike\repairmybike_backend\venv\Lib\site-packages\django\db\backends\utils.py", line 92, in _execute_with_wrappers
    return executor(sql, params, many, context)
  File "E:\develop\repairmybike\repairmybike_backend\venv\Lib\site-packages\django\db\backends\utils.py", line 100, in _execute
    with self.db.wrap_database_errors:
         ^^^^^^^^^^^^^^^^^^^^^^^^^^^^
  File "E:\develop\repairmybike\repairmybike_backend\venv\Lib\site-packages\django\db\utils.py", line 91, in __exit__
    raise dj_exc_value.with_traceback(traceback) from exc_value
  File "E:\develop\repairmybike\repairmybike_backend\venv\Lib\site-packages\django\db\backends\utils.py", line 105, in _execute
    return self.cursor.execute(sql, params)
           ~~~~~~~~~~~~~~~~~~~^^^^^^^^^^^^^
django.db.utils.ProgrammingError: column bookings.notes does not exist
LINE 1: ...on_id", "bookings"."subscription_visit_consumed", "bookings"...
                                                             ^

ERROR 2026-05-06 21:51:00,801 basehttp 1972 5844 "GET /api/staff/bookings/?limit=5&ordering=-created_at HTTP/1.1" 500 191478
ERROR 2026-05-06 21:51:05,640 log 1972 5844 Internal Server Error: /api/staff/bookings/
Traceback (most recent call last):
  File "E:\develop\repairmybike\repairmybike_backend\venv\Lib\site-packages\django\db\backends\utils.py", line 105, in _execute
    return self.cursor.execute(sql, params)
           ~~~~~~~~~~~~~~~~~~~^^^^^^^^^^^^^
psycopg2.errors.UndefinedColumn: column bookings.notes does not exist
LINE 1: ...on_id", "bookings"."subscription_visit_consumed", "bookings"...
                                                             ^


The above exception was the direct cause of the following exception:

Traceback (most recent call last):
  File "E:\develop\repairmybike\repairmybike_backend\venv\Lib\site-packages\django\core\handlers\exception.py", line 55, in inner
    response = get_response(request)
  File "E:\develop\repairmybike\repairmybike_backend\venv\Lib\site-packages\django\core\handlers\base.py", line 197, in _get_response
    response = wrapped_callback(request, *callback_args, **callback_kwargs)
  File "C:\Users\wolf\AppData\Local\Python\pythoncore-3.14-64\Lib\contextlib.py", line 85, in inner
    return func(*args, **kwds)
  File "E:\develop\repairmybike\repairmybike_backend\venv\Lib\site-packages\django\views\decorators\csrf.py", line 65, in _view_wrapper
    return view_func(request, *args, **kwargs)
  File "E:\develop\repairmybike\repairmybike_backend\venv\Lib\site-packages\rest_framework\viewsets.py", line 125, in view
    return self.dispatch(request, *args, **kwargs)
           ~~~~~~~~~~~~~^^^^^^^^^^^^^^^^^^^^^^^^^^
  File "E:\develop\repairmybike\repairmybike_backend\venv\Lib\site-packages\rest_framework\views.py", line 515, in dispatch
    response = self.handle_exception(exc)
  File "E:\develop\repairmybike\repairmybike_backend\venv\Lib\site-packages\rest_framework\views.py", line 475, in handle_exception
    self.raise_uncaught_exception(exc)
    ~~~~~~~~~~~~~~~~~~~~~~~~~~~~~^^^^^
  File "E:\develop\repairmybike\repairmybike_backend\venv\Lib\site-packages\rest_framework\views.py", line 486, in raise_uncaught_exception
    raise exc
  File "E:\develop\repairmybike\repairmybike_backend\venv\Lib\site-packages\rest_framework\views.py", line 512, in dispatch
    response = handler(request, *args, **kwargs)
  File "E:\develop\repairmybike\repairmybike_backend\staff\views.py", line 47, in list
    'data': serializer.data,
            ^^^^^^^^^^^^^^^
  File "E:\develop\repairmybike\repairmybike_backend\venv\Lib\site-packages\rest_framework\serializers.py", line 797, in data
    ret = super().data
          ^^^^^^^^^^^^
  File "E:\develop\repairmybike\repairmybike_backend\venv\Lib\site-packages\rest_framework\serializers.py", line 251, in data
    self._data = self.to_representation(self.instance)
                 ~~~~~~~~~~~~~~~~~~~~~~^^^^^^^^^^^^^^^
  File "E:\develop\repairmybike\repairmybike_backend\venv\Lib\site-packages\rest_framework\serializers.py", line 716, in to_representation
    self.child.to_representation(item) for item in iterable
                                                   ^^^^^^^^
  File "E:\develop\repairmybike\repairmybike_backend\venv\Lib\site-packages\django\db\models\query.py", line 384, in __iter__
    self._fetch_all()
    ~~~~~~~~~~~~~~~^^
  File "E:\develop\repairmybike\repairmybike_backend\venv\Lib\site-packages\django\db\models\query.py", line 1949, in _fetch_all
    self._result_cache = list(self._iterable_class(self))
                         ~~~~^^^^^^^^^^^^^^^^^^^^^^^^^^^^
  File "E:\develop\repairmybike\repairmybike_backend\venv\Lib\site-packages\django\db\models\query.py", line 91, in __iter__
    results = compiler.execute_sql(
        chunked_fetch=self.chunked_fetch, chunk_size=self.chunk_size
    )
  File "E:\develop\repairmybike\repairmybike_backend\venv\Lib\site-packages\django\db\models\sql\compiler.py", line 1623, in execute_sql
    cursor.execute(sql, params)
    ~~~~~~~~~~~~~~^^^^^^^^^^^^^
  File "E:\develop\repairmybike\repairmybike_backend\venv\Lib\site-packages\django\db\backends\utils.py", line 122, in execute
    return super().execute(sql, params)
           ~~~~~~~~~~~~~~~^^^^^^^^^^^^^
  File "E:\develop\repairmybike\repairmybike_backend\venv\Lib\site-packages\django\db\backends\utils.py", line 79, in execute
    return self._execute_with_wrappers(
           ~~~~~~~~~~~~~~~~~~~~~~~~~~~^
        sql, params, many=False, executor=self._execute
        ^^^^^^^^^^^^^^^^^^^^^^^^^^^^^^^^^^^^^^^^^^^^^^^
    )
    ^
  File "E:\develop\repairmybike\repairmybike_backend\venv\Lib\site-packages\django\db\backends\utils.py", line 92, in _execute_with_wrappers
    return executor(sql, params, many, context)
  File "E:\develop\repairmybike\repairmybike_backend\venv\Lib\site-packages\django\db\backends\utils.py", line 100, in _execute
    with self.db.wrap_database_errors:
         ^^^^^^^^^^^^^^^^^^^^^^^^^^^^
  File "E:\develop\repairmybike\repairmybike_backend\venv\Lib\site-packages\django\db\utils.py", line 91, in __exit__
    raise dj_exc_value.with_traceback(traceback) from exc_value
  File "E:\develop\repairmybike\repairmybike_backend\venv\Lib\site-packages\django\db\backends\utils.py", line 105, in _execute
    return self.cursor.execute(sql, params)
           ~~~~~~~~~~~~~~~~~~~^^^^^^^^^^^^^
django.db.utils.ProgrammingError: column bookings.notes does not exist
LINE 1: ...on_id", "bookings"."subscription_visit_consumed", "bookings"...
                                                             ^

ERROR 2026-05-06 21:51:05,645 basehttp 1972 5844 "GET /api/staff/bookings/?limit=5&ordering=-created_at HTTP/1.1" 500 191478
INFO 2026-05-06 21:51:32,619 basehttp 1972 5844 "GET /api/staff/bookings/stats/ HTTP/1.1" 200 223
INFO 2026-05-06 21:51:59,236 basehttp 1972 5844 "GET /api/staff/logs/?limit=10 HTTP/1.1" 200 25
INFO 2026-05-06 21:52:05,626 basehttp 1972 5844 "GET /api/staff/bookings/stats/ HTTP/1.1" 200 223
ERROR 2026-05-06 21:52:09,600 log 1972 5844 Internal Server Error: /api/staff/bookings/
Traceback (most recent call last):
  File "E:\develop\repairmybike\repairmybike_backend\venv\Lib\site-packages\django\db\backends\utils.py", line 105, in _execute
    return self.cursor.execute(sql, params)
           ~~~~~~~~~~~~~~~~~~~^^^^^^^^^^^^^
psycopg2.errors.UndefinedColumn: column bookings.notes does not exist
LINE 1: ...on_id", "bookings"."subscription_visit_consumed", "bookings"...
                                                             ^


The above exception was the direct cause of the following exception:

Traceback (most recent call last):
  File "E:\develop\repairmybike\repairmybike_backend\venv\Lib\site-packages\django\core\handlers\exception.py", line 55, in inner
    response = get_response(request)
  File "E:\develop\repairmybike\repairmybike_backend\venv\Lib\site-packages\django\core\handlers\base.py", line 197, in _get_response
    response = wrapped_callback(request, *callback_args, **callback_kwargs)
  File "C:\Users\wolf\AppData\Local\Python\pythoncore-3.14-64\Lib\contextlib.py", line 85, in inner
    return func(*args, **kwds)
  File "E:\develop\repairmybike\repairmybike_backend\venv\Lib\site-packages\django\views\decorators\csrf.py", line 65, in _view_wrapper
    return view_func(request, *args, **kwargs)
  File "E:\develop\repairmybike\repairmybike_backend\venv\Lib\site-packages\rest_framework\viewsets.py", line 125, in view
    return self.dispatch(request, *args, **kwargs)
           ~~~~~~~~~~~~~^^^^^^^^^^^^^^^^^^^^^^^^^^
  File "E:\develop\repairmybike\repairmybike_backend\venv\Lib\site-packages\rest_framework\views.py", line 515, in dispatch
    response = self.handle_exception(exc)
  File "E:\develop\repairmybike\repairmybike_backend\venv\Lib\site-packages\rest_framework\views.py", line 475, in handle_exception
    self.raise_uncaught_exception(exc)
    ~~~~~~~~~~~~~~~~~~~~~~~~~~~~~^^^^^
  File "E:\develop\repairmybike\repairmybike_backend\venv\Lib\site-packages\rest_framework\views.py", line 486, in raise_uncaught_exception
    raise exc
  File "E:\develop\repairmybike\repairmybike_backend\venv\Lib\site-packages\rest_framework\views.py", line 512, in dispatch
    response = handler(request, *args, **kwargs)
  File "E:\develop\repairmybike\repairmybike_backend\staff\views.py", line 47, in list
    'data': serializer.data,
            ^^^^^^^^^^^^^^^
  File "E:\develop\repairmybike\repairmybike_backend\venv\Lib\site-packages\rest_framework\serializers.py", line 797, in data
    ret = super().data
          ^^^^^^^^^^^^
  File "E:\develop\repairmybike\repairmybike_backend\venv\Lib\site-packages\rest_framework\serializers.py", line 251, in data
    self._data = self.to_representation(self.instance)
                 ~~~~~~~~~~~~~~~~~~~~~~^^^^^^^^^^^^^^^
  File "E:\develop\repairmybike\repairmybike_backend\venv\Lib\site-packages\rest_framework\serializers.py", line 716, in to_representation
    self.child.to_representation(item) for item in iterable
                                                   ^^^^^^^^
  File "E:\develop\repairmybike\repairmybike_backend\venv\Lib\site-packages\django\db\models\query.py", line 384, in __iter__
    self._fetch_all()
    ~~~~~~~~~~~~~~~^^
  File "E:\develop\repairmybike\repairmybike_backend\venv\Lib\site-packages\django\db\models\query.py", line 1949, in _fetch_all
    self._result_cache = list(self._iterable_class(self))
                         ~~~~^^^^^^^^^^^^^^^^^^^^^^^^^^^^
  File "E:\develop\repairmybike\repairmybike_backend\venv\Lib\site-packages\django\db\models\query.py", line 91, in __iter__
    results = compiler.execute_sql(
        chunked_fetch=self.chunked_fetch, chunk_size=self.chunk_size
    )
  File "E:\develop\repairmybike\repairmybike_backend\venv\Lib\site-packages\django\db\models\sql\compiler.py", line 1623, in execute_sql
    cursor.execute(sql, params)
    ~~~~~~~~~~~~~~^^^^^^^^^^^^^
  File "E:\develop\repairmybike\repairmybike_backend\venv\Lib\site-packages\django\db\backends\utils.py", line 122, in execute
    return super().execute(sql, params)
           ~~~~~~~~~~~~~~~^^^^^^^^^^^^^
  File "E:\develop\repairmybike\repairmybike_backend\venv\Lib\site-packages\django\db\backends\utils.py", line 79, in execute
    return self._execute_with_wrappers(
           ~~~~~~~~~~~~~~~~~~~~~~~~~~~^
        sql, params, many=False, executor=self._execute
        ^^^^^^^^^^^^^^^^^^^^^^^^^^^^^^^^^^^^^^^^^^^^^^^
    )
    ^
  File "E:\develop\repairmybike\repairmybike_backend\venv\Lib\site-packages\django\db\backends\utils.py", line 92, in _execute_with_wrappers
    return executor(sql, params, many, context)
  File "E:\develop\repairmybike\repairmybike_backend\venv\Lib\site-packages\django\db\backends\utils.py", line 100, in _execute
    with self.db.wrap_database_errors:
         ^^^^^^^^^^^^^^^^^^^^^^^^^^^^
  File "E:\develop\repairmybike\repairmybike_backend\venv\Lib\site-packages\django\db\utils.py", line 91, in __exit__
    raise dj_exc_value.with_traceback(traceback) from exc_value
  File "E:\develop\repairmybike\repairmybike_backend\venv\Lib\site-packages\django\db\backends\utils.py", line 105, in _execute
    return self.cursor.execute(sql, params)
           ~~~~~~~~~~~~~~~~~~~^^^^^^^^^^^^^
django.db.utils.ProgrammingError: column bookings.notes does not exist
LINE 1: ...on_id", "bookings"."subscription_visit_consumed", "bookings"...
                                                             ^

ERROR 2026-05-06 21:52:09,605 basehttp 1972 5844 "GET /api/staff/bookings/?limit=5&ordering=-created_at HTTP/1.1" 500 191478
INFO 2026-05-06 21:52:13,898 basehttp 1972 20452 "OPTIONS /api/subscriptions/subscriptions/ HTTP/1.1" 200 0
INFO 2026-05-06 21:52:13,898 basehttp 1972 13680 "OPTIONS /api/subscriptions/plans/ HTTP/1.1" 200 0
ERROR 2026-05-06 21:52:14,443 log 1972 5844 Internal Server Error: /api/staff/bookings/
Traceback (most recent call last):
  File "E:\develop\repairmybike\repairmybike_backend\venv\Lib\site-packages\django\db\backends\utils.py", line 105, in _execute
    return self.cursor.execute(sql, params)
           ~~~~~~~~~~~~~~~~~~~^^^^^^^^^^^^^
psycopg2.errors.UndefinedColumn: column bookings.notes does not exist
LINE 1: ...on_id", "bookings"."subscription_visit_consumed", "bookings"...
                                                             ^


The above exception was the direct cause of the following exception:

Traceback (most recent call last):
  File "E:\develop\repairmybike\repairmybike_backend\venv\Lib\site-packages\django\core\handlers\exception.py", line 55, in inner
    response = get_response(request)
  File "E:\develop\repairmybike\repairmybike_backend\venv\Lib\site-packages\django\core\handlers\base.py", line 197, in _get_response
    response = wrapped_callback(request, *callback_args, **callback_kwargs)
  File "C:\Users\wolf\AppData\Local\Python\pythoncore-3.14-64\Lib\contextlib.py", line 85, in inner
    return func(*args, **kwds)
  File "E:\develop\repairmybike\repairmybike_backend\venv\Lib\site-packages\django\views\decorators\csrf.py", line 65, in _view_wrapper
    return view_func(request, *args, **kwargs)
  File "E:\develop\repairmybike\repairmybike_backend\venv\Lib\site-packages\rest_framework\viewsets.py", line 125, in view
    return self.dispatch(request, *args, **kwargs)
           ~~~~~~~~~~~~~^^^^^^^^^^^^^^^^^^^^^^^^^^
  File "E:\develop\repairmybike\repairmybike_backend\venv\Lib\site-packages\rest_framework\views.py", line 515, in dispatch
    response = self.handle_exception(exc)
  File "E:\develop\repairmybike\repairmybike_backend\venv\Lib\site-packages\rest_framework\views.py", line 475, in handle_exception
    self.raise_uncaught_exception(exc)
    ~~~~~~~~~~~~~~~~~~~~~~~~~~~~~^^^^^
  File "E:\develop\repairmybike\repairmybike_backend\venv\Lib\site-packages\rest_framework\views.py", line 486, in raise_uncaught_exception
    raise exc
  File "E:\develop\repairmybike\repairmybike_backend\venv\Lib\site-packages\rest_framework\views.py", line 512, in dispatch
    response = handler(request, *args, **kwargs)
  File "E:\develop\repairmybike\repairmybike_backend\staff\views.py", line 47, in list
    'data': serializer.data,
            ^^^^^^^^^^^^^^^
  File "E:\develop\repairmybike\repairmybike_backend\venv\Lib\site-packages\rest_framework\serializers.py", line 797, in data
    ret = super().data
          ^^^^^^^^^^^^
  File "E:\develop\repairmybike\repairmybike_backend\venv\Lib\site-packages\rest_framework\serializers.py", line 251, in data
    self._data = self.to_representation(self.instance)
                 ~~~~~~~~~~~~~~~~~~~~~~^^^^^^^^^^^^^^^
  File "E:\develop\repairmybike\repairmybike_backend\venv\Lib\site-packages\rest_framework\serializers.py", line 716, in to_representation
    self.child.to_representation(item) for item in iterable
                                                   ^^^^^^^^
  File "E:\develop\repairmybike\repairmybike_backend\venv\Lib\site-packages\django\db\models\query.py", line 384, in __iter__
    self._fetch_all()
    ~~~~~~~~~~~~~~~^^
  File "E:\develop\repairmybike\repairmybike_backend\venv\Lib\site-packages\django\db\models\query.py", line 1949, in _fetch_all
    self._result_cache = list(self._iterable_class(self))
                         ~~~~^^^^^^^^^^^^^^^^^^^^^^^^^^^^
  File "E:\develop\repairmybike\repairmybike_backend\venv\Lib\site-packages\django\db\models\query.py", line 91, in __iter__
    results = compiler.execute_sql(
        chunked_fetch=self.chunked_fetch, chunk_size=self.chunk_size
    )
  File "E:\develop\repairmybike\repairmybike_backend\venv\Lib\site-packages\django\db\models\sql\compiler.py", line 1623, in execute_sql
    cursor.execute(sql, params)
    ~~~~~~~~~~~~~~^^^^^^^^^^^^^
  File "E:\develop\repairmybike\repairmybike_backend\venv\Lib\site-packages\django\db\backends\utils.py", line 122, in execute
    return super().execute(sql, params)
           ~~~~~~~~~~~~~~~^^^^^^^^^^^^^
  File "E:\develop\repairmybike\repairmybike_backend\venv\Lib\site-packages\django\db\backends\utils.py", line 79, in execute
    return self._execute_with_wrappers(
           ~~~~~~~~~~~~~~~~~~~~~~~~~~~^
        sql, params, many=False, executor=self._execute
        ^^^^^^^^^^^^^^^^^^^^^^^^^^^^^^^^^^^^^^^^^^^^^^^
    )
    ^
  File "E:\develop\repairmybike\repairmybike_backend\venv\Lib\site-packages\django\db\backends\utils.py", line 92, in _execute_with_wrappers
    return executor(sql, params, many, context)
  File "E:\develop\repairmybike\repairmybike_backend\venv\Lib\site-packages\django\db\backends\utils.py", line 100, in _execute
    with self.db.wrap_database_errors:
         ^^^^^^^^^^^^^^^^^^^^^^^^^^^^
  File "E:\develop\repairmybike\repairmybike_backend\venv\Lib\site-packages\django\db\utils.py", line 91, in __exit__
    raise dj_exc_value.with_traceback(traceback) from exc_value
  File "E:\develop\repairmybike\repairmybike_backend\venv\Lib\site-packages\django\db\backends\utils.py", line 105, in _execute
    return self.cursor.execute(sql, params)
           ~~~~~~~~~~~~~~~~~~~^^^^^^^^^^^^^
django.db.utils.ProgrammingError: column bookings.notes does not exist
LINE 1: ...on_id", "bookings"."subscription_visit_consumed", "bookings"...
                                                             ^

ERROR 2026-05-06 21:52:14,448 basehttp 1972 5844 "GET /api/staff/bookings/?limit=5&ordering=-created_at HTTP/1.1" 500 191478
INFO 2026-05-06 21:52:15,418 basehttp 1972 20452 "GET /api/subscriptions/plans/ HTTP/1.1" 200 2609
INFO 2026-05-06 21:52:17,335 basehttp 1972 13680 "GET /api/subscriptions/subscriptions/ HTTP/1.1" 200 4700
INFO 2026-05-06 21:52:38,617 basehttp 1972 13680 "GET /api/staff/bookings/stats/ HTTP/1.1" 200 223
INFO 2026-05-06 21:52:56,423 basehttp 1972 13680 "OPTIONS /api/spare-parts/parts/ HTTP/1.1" 200 0
INFO 2026-05-06 21:52:56,425 basehttp 1972 20452 "OPTIONS /api/spare-parts/parts/?search= HTTP/1.1" 200 0
INFO 2026-05-06 21:53:02,934 basehttp 1972 13680 "GET /api/spare-parts/parts/ HTTP/1.1" 200 10166
INFO 2026-05-06 21:53:03,297 basehttp 1972 20452 "GET /api/spare-parts/parts/?search= HTTP/1.1" 200 10166
INFO 2026-05-06 21:53:11,682 basehttp 1972 20452 "GET /api/staff/bookings/stats/ HTTP/1.1" 200 223
INFO 2026-05-06 21:53:43,815 basehttp 1972 13680 "OPTIONS /api/spare-parts/orders/ HTTP/1.1" 200 0
INFO 2026-05-06 21:53:44,781 basehttp 1972 20452 "GET /api/staff/bookings/stats/ HTTP/1.1" 200 223
INFO 2026-05-06 21:53:45,016 basehttp 1972 13680 "GET /api/spare-parts/orders/ HTTP/1.1" 200 67
INFO 2026-05-12 09:09:09,511 autoreload 18696 20644 Watching for file changes with StatReloader
INFO 2026-05-12 09:09:41,759 basehttp 18696 21464 "POST /api/auth/staff/login/password/ HTTP/1.1" 200 390
INFO 2026-05-12 09:09:42,434 basehttp 18696 41084 "OPTIONS /api/staff/bookings/stats/ HTTP/1.1" 200 0
INFO 2026-05-12 09:09:42,434 basehttp 18696 9644 "OPTIONS /api/staff/logs/?limit=10 HTTP/1.1" 200 0
INFO 2026-05-12 09:09:42,435 basehttp 18696 13672 "OPTIONS /api/staff/bookings/?limit=5&ordering=-created_at HTTP/1.1" 200 0
INFO 2026-05-12 09:09:45,715 basehttp 18696 9644 "GET /api/staff/logs/?limit=10 HTTP/1.1" 200 25
INFO 2026-05-12 09:09:47,346 basehttp 18696 13672 "GET /api/staff/bookings/stats/ HTTP/1.1" 200 223
ERROR 2026-05-12 09:09:48,713 log 18696 41084 Internal Server Error: /api/staff/bookings/
Traceback (most recent call last):
  File "E:\develop\repairmybike\repairmybike_backend\venv\Lib\site-packages\django\db\backends\utils.py", line 105, in _execute
    return self.cursor.execute(sql, params)
           ~~~~~~~~~~~~~~~~~~~^^^^^^^^^^^^^
psycopg2.errors.UndefinedColumn: column bookings.notes does not exist
LINE 1: ...on_id", "bookings"."subscription_visit_consumed", "bookings"...
                                                             ^


The above exception was the direct cause of the following exception:

Traceback (most recent call last):
  File "E:\develop\repairmybike\repairmybike_backend\venv\Lib\site-packages\django\core\handlers\exception.py", line 55, in inner
    response = get_response(request)
  File "E:\develop\repairmybike\repairmybike_backend\venv\Lib\site-packages\django\core\handlers\base.py", line 197, in _get_response
    response = wrapped_callback(request, *callback_args, **callback_kwargs)
  File "C:\Users\wolf\AppData\Local\Python\pythoncore-3.14-64\Lib\contextlib.py", line 85, in inner
    return func(*args, **kwds)
  File "E:\develop\repairmybike\repairmybike_backend\venv\Lib\site-packages\django\views\decorators\csrf.py", line 65, in _view_wrapper
    return view_func(request, *args, **kwargs)
  File "E:\develop\repairmybike\repairmybike_backend\venv\Lib\site-packages\rest_framework\viewsets.py", line 125, in view
    return self.dispatch(request, *args, **kwargs)
           ~~~~~~~~~~~~~^^^^^^^^^^^^^^^^^^^^^^^^^^
  File "E:\develop\repairmybike\repairmybike_backend\venv\Lib\site-packages\rest_framework\views.py", line 515, in dispatch
    response = self.handle_exception(exc)
  File "E:\develop\repairmybike\repairmybike_backend\venv\Lib\site-packages\rest_framework\views.py", line 475, in handle_exception
    self.raise_uncaught_exception(exc)
    ~~~~~~~~~~~~~~~~~~~~~~~~~~~~~^^^^^
  File "E:\develop\repairmybike\repairmybike_backend\venv\Lib\site-packages\rest_framework\views.py", line 486, in raise_uncaught_exception
    raise exc
  File "E:\develop\repairmybike\repairmybike_backend\venv\Lib\site-packages\rest_framework\views.py", line 512, in dispatch
    response = handler(request, *args, **kwargs)
  File "E:\develop\repairmybike\repairmybike_backend\staff\views.py", line 47, in list
    'data': serializer.data,
            ^^^^^^^^^^^^^^^
  File "E:\develop\repairmybike\repairmybike_backend\venv\Lib\site-packages\rest_framework\serializers.py", line 797, in data
    ret = super().data
          ^^^^^^^^^^^^
  File "E:\develop\repairmybike\repairmybike_backend\venv\Lib\site-packages\rest_framework\serializers.py", line 251, in data
    self._data = self.to_representation(self.instance)
                 ~~~~~~~~~~~~~~~~~~~~~~^^^^^^^^^^^^^^^
  File "E:\develop\repairmybike\repairmybike_backend\venv\Lib\site-packages\rest_framework\serializers.py", line 716, in to_representation
    self.child.to_representation(item) for item in iterable
                                                   ^^^^^^^^
  File "E:\develop\repairmybike\repairmybike_backend\venv\Lib\site-packages\django\db\models\query.py", line 384, in __iter__
    self._fetch_all()
    ~~~~~~~~~~~~~~~^^
  File "E:\develop\repairmybike\repairmybike_backend\venv\Lib\site-packages\django\db\models\query.py", line 1949, in _fetch_all
    self._result_cache = list(self._iterable_class(self))
                         ~~~~^^^^^^^^^^^^^^^^^^^^^^^^^^^^
  File "E:\develop\repairmybike\repairmybike_backend\venv\Lib\site-packages\django\db\models\query.py", line 91, in __iter__
    results = compiler.execute_sql(
        chunked_fetch=self.chunked_fetch, chunk_size=self.chunk_size
    )
  File "E:\develop\repairmybike\repairmybike_backend\venv\Lib\site-packages\django\db\models\sql\compiler.py", line 1623, in execute_sql
    cursor.execute(sql, params)
    ~~~~~~~~~~~~~~^^^^^^^^^^^^^
  File "E:\develop\repairmybike\repairmybike_backend\venv\Lib\site-packages\django\db\backends\utils.py", line 122, in execute
    return super().execute(sql, params)
           ~~~~~~~~~~~~~~~^^^^^^^^^^^^^
  File "E:\develop\repairmybike\repairmybike_backend\venv\Lib\site-packages\django\db\backends\utils.py", line 79, in execute
    return self._execute_with_wrappers(
           ~~~~~~~~~~~~~~~~~~~~~~~~~~~^
        sql, params, many=False, executor=self._execute
        ^^^^^^^^^^^^^^^^^^^^^^^^^^^^^^^^^^^^^^^^^^^^^^^
    )
    ^
  File "E:\develop\repairmybike\repairmybike_backend\venv\Lib\site-packages\django\db\backends\utils.py", line 92, in _execute_with_wrappers
    return executor(sql, params, many, context)
  File "E:\develop\repairmybike\repairmybike_backend\venv\Lib\site-packages\django\db\backends\utils.py", line 100, in _execute
    with self.db.wrap_database_errors:
         ^^^^^^^^^^^^^^^^^^^^^^^^^^^^
  File "E:\develop\repairmybike\repairmybike_backend\venv\Lib\site-packages\django\db\utils.py", line 91, in __exit__
    raise dj_exc_value.with_traceback(traceback) from exc_value
  File "E:\develop\repairmybike\repairmybike_backend\venv\Lib\site-packages\django\db\backends\utils.py", line 105, in _execute
    return self.cursor.execute(sql, params)
           ~~~~~~~~~~~~~~~~~~~^^^^^^^^^^^^^
django.db.utils.ProgrammingError: column bookings.notes does not exist
LINE 1: ...on_id", "bookings"."subscription_visit_consumed", "bookings"...
                                                             ^

ERROR 2026-05-12 09:09:48,729 basehttp 18696 41084 "GET /api/staff/bookings/?limit=5&ordering=-created_at HTTP/1.1" 500 193785
INFO 2026-05-12 09:09:53,523 basehttp 18696 13672 "OPTIONS /api/staff/bookings/ HTTP/1.1" 200 0
ERROR 2026-05-12 09:09:53,986 log 18696 41084 Internal Server Error: /api/staff/bookings/
Traceback (most recent call last):
  File "E:\develop\repairmybike\repairmybike_backend\venv\Lib\site-packages\django\db\backends\utils.py", line 105, in _execute
    return self.cursor.execute(sql, params)
           ~~~~~~~~~~~~~~~~~~~^^^^^^^^^^^^^
psycopg2.errors.UndefinedColumn: column bookings.notes does not exist
LINE 1: ...on_id", "bookings"."subscription_visit_consumed", "bookings"...
                                                             ^


The above exception was the direct cause of the following exception:

Traceback (most recent call last):
  File "E:\develop\repairmybike\repairmybike_backend\venv\Lib\site-packages\django\core\handlers\exception.py", line 55, in inner
    response = get_response(request)
  File "E:\develop\repairmybike\repairmybike_backend\venv\Lib\site-packages\django\core\handlers\base.py", line 197, in _get_response
    response = wrapped_callback(request, *callback_args, **callback_kwargs)
  File "C:\Users\wolf\AppData\Local\Python\pythoncore-3.14-64\Lib\contextlib.py", line 85, in inner
    return func(*args, **kwds)
  File "E:\develop\repairmybike\repairmybike_backend\venv\Lib\site-packages\django\views\decorators\csrf.py", line 65, in _view_wrapper
    return view_func(request, *args, **kwargs)
  File "E:\develop\repairmybike\repairmybike_backend\venv\Lib\site-packages\rest_framework\viewsets.py", line 125, in view
    return self.dispatch(request, *args, **kwargs)
           ~~~~~~~~~~~~~^^^^^^^^^^^^^^^^^^^^^^^^^^
  File "E:\develop\repairmybike\repairmybike_backend\venv\Lib\site-packages\rest_framework\views.py", line 515, in dispatch
    response = self.handle_exception(exc)
  File "E:\develop\repairmybike\repairmybike_backend\venv\Lib\site-packages\rest_framework\views.py", line 475, in handle_exception
    self.raise_uncaught_exception(exc)
    ~~~~~~~~~~~~~~~~~~~~~~~~~~~~~^^^^^
  File "E:\develop\repairmybike\repairmybike_backend\venv\Lib\site-packages\rest_framework\views.py", line 486, in raise_uncaught_exception
    raise exc
  File "E:\develop\repairmybike\repairmybike_backend\venv\Lib\site-packages\rest_framework\views.py", line 512, in dispatch
    response = handler(request, *args, **kwargs)
  File "E:\develop\repairmybike\repairmybike_backend\staff\views.py", line 47, in list
    'data': serializer.data,
            ^^^^^^^^^^^^^^^
  File "E:\develop\repairmybike\repairmybike_backend\venv\Lib\site-packages\rest_framework\serializers.py", line 797, in data
    ret = super().data
          ^^^^^^^^^^^^
  File "E:\develop\repairmybike\repairmybike_backend\venv\Lib\site-packages\rest_framework\serializers.py", line 251, in data
    self._data = self.to_representation(self.instance)
                 ~~~~~~~~~~~~~~~~~~~~~~^^^^^^^^^^^^^^^
  File "E:\develop\repairmybike\repairmybike_backend\venv\Lib\site-packages\rest_framework\serializers.py", line 716, in to_representation
    self.child.to_representation(item) for item in iterable
                                                   ^^^^^^^^
  File "E:\develop\repairmybike\repairmybike_backend\venv\Lib\site-packages\django\db\models\query.py", line 384, in __iter__
    self._fetch_all()
    ~~~~~~~~~~~~~~~^^
  File "E:\develop\repairmybike\repairmybike_backend\venv\Lib\site-packages\django\db\models\query.py", line 1949, in _fetch_all
    self._result_cache = list(self._iterable_class(self))
                         ~~~~^^^^^^^^^^^^^^^^^^^^^^^^^^^^
  File "E:\develop\repairmybike\repairmybike_backend\venv\Lib\site-packages\django\db\models\query.py", line 91, in __iter__
    results = compiler.execute_sql(
        chunked_fetch=self.chunked_fetch, chunk_size=self.chunk_size
    )
  File "E:\develop\repairmybike\repairmybike_backend\venv\Lib\site-packages\django\db\models\sql\compiler.py", line 1623, in execute_sql
    cursor.execute(sql, params)
    ~~~~~~~~~~~~~~^^^^^^^^^^^^^
  File "E:\develop\repairmybike\repairmybike_backend\venv\Lib\site-packages\django\db\backends\utils.py", line 122, in execute
    return super().execute(sql, params)
           ~~~~~~~~~~~~~~~^^^^^^^^^^^^^
  File "E:\develop\repairmybike\repairmybike_backend\venv\Lib\site-packages\django\db\backends\utils.py", line 79, in execute
    return self._execute_with_wrappers(
           ~~~~~~~~~~~~~~~~~~~~~~~~~~~^
        sql, params, many=False, executor=self._execute
        ^^^^^^^^^^^^^^^^^^^^^^^^^^^^^^^^^^^^^^^^^^^^^^^
    )
    ^
  File "E:\develop\repairmybike\repairmybike_backend\venv\Lib\site-packages\django\db\backends\utils.py", line 92, in _execute_with_wrappers
    return executor(sql, params, many, context)
  File "E:\develop\repairmybike\repairmybike_backend\venv\Lib\site-packages\django\db\backends\utils.py", line 100, in _execute
    with self.db.wrap_database_errors:
         ^^^^^^^^^^^^^^^^^^^^^^^^^^^^
  File "E:\develop\repairmybike\repairmybike_backend\venv\Lib\site-packages\django\db\utils.py", line 91, in __exit__
    raise dj_exc_value.with_traceback(traceback) from exc_value
  File "E:\develop\repairmybike\repairmybike_backend\venv\Lib\site-packages\django\db\backends\utils.py", line 105, in _execute
    return self.cursor.execute(sql, params)
           ~~~~~~~~~~~~~~~~~~~^^^^^^^^^^^^^
django.db.utils.ProgrammingError: column bookings.notes does not exist
LINE 1: ...on_id", "bookings"."subscription_visit_consumed", "bookings"...
                                                             ^

ERROR 2026-05-12 09:09:53,995 basehttp 18696 41084 "GET /api/staff/bookings/?limit=5&ordering=-created_at HTTP/1.1" 500 193785
ERROR 2026-05-12 09:09:57,611 log 18696 13672 Internal Server Error: /api/staff/bookings/
Traceback (most recent call last):
  File "E:\develop\repairmybike\repairmybike_backend\venv\Lib\site-packages\django\db\backends\utils.py", line 105, in _execute
    return self.cursor.execute(sql, params)
           ~~~~~~~~~~~~~~~~~~~^^^^^^^^^^^^^
psycopg2.errors.UndefinedColumn: column bookings.notes does not exist
LINE 1: ...on_id", "bookings"."subscription_visit_consumed", "bookings"...
                                                             ^


The above exception was the direct cause of the following exception:

Traceback (most recent call last):
  File "E:\develop\repairmybike\repairmybike_backend\venv\Lib\site-packages\django\core\handlers\exception.py", line 55, in inner
    response = get_response(request)
  File "E:\develop\repairmybike\repairmybike_backend\venv\Lib\site-packages\django\core\handlers\base.py", line 197, in _get_response
    response = wrapped_callback(request, *callback_args, **callback_kwargs)
  File "C:\Users\wolf\AppData\Local\Python\pythoncore-3.14-64\Lib\contextlib.py", line 85, in inner
    return func(*args, **kwds)
  File "E:\develop\repairmybike\repairmybike_backend\venv\Lib\site-packages\django\views\decorators\csrf.py", line 65, in _view_wrapper
    return view_func(request, *args, **kwargs)
  File "E:\develop\repairmybike\repairmybike_backend\venv\Lib\site-packages\rest_framework\viewsets.py", line 125, in view
    return self.dispatch(request, *args, **kwargs)
           ~~~~~~~~~~~~~^^^^^^^^^^^^^^^^^^^^^^^^^^
  File "E:\develop\repairmybike\repairmybike_backend\venv\Lib\site-packages\rest_framework\views.py", line 515, in dispatch
    response = self.handle_exception(exc)
  File "E:\develop\repairmybike\repairmybike_backend\venv\Lib\site-packages\rest_framework\views.py", line 475, in handle_exception
    self.raise_uncaught_exception(exc)
    ~~~~~~~~~~~~~~~~~~~~~~~~~~~~~^^^^^
  File "E:\develop\repairmybike\repairmybike_backend\venv\Lib\site-packages\rest_framework\views.py", line 486, in raise_uncaught_exception
    raise exc
  File "E:\develop\repairmybike\repairmybike_backend\venv\Lib\site-packages\rest_framework\views.py", line 512, in dispatch
    response = handler(request, *args, **kwargs)
  File "E:\develop\repairmybike\repairmybike_backend\staff\views.py", line 47, in list
    'data': serializer.data,
            ^^^^^^^^^^^^^^^
  File "E:\develop\repairmybike\repairmybike_backend\venv\Lib\site-packages\rest_framework\serializers.py", line 797, in data
    ret = super().data
          ^^^^^^^^^^^^
  File "E:\develop\repairmybike\repairmybike_backend\venv\Lib\site-packages\rest_framework\serializers.py", line 251, in data
    self._data = self.to_representation(self.instance)
                 ~~~~~~~~~~~~~~~~~~~~~~^^^^^^^^^^^^^^^
  File "E:\develop\repairmybike\repairmybike_backend\venv\Lib\site-packages\rest_framework\serializers.py", line 716, in to_representation
    self.child.to_representation(item) for item in iterable
                                                   ^^^^^^^^
  File "E:\develop\repairmybike\repairmybike_backend\venv\Lib\site-packages\django\db\models\query.py", line 384, in __iter__
    self._fetch_all()
    ~~~~~~~~~~~~~~~^^
  File "E:\develop\repairmybike\repairmybike_backend\venv\Lib\site-packages\django\db\models\query.py", line 1949, in _fetch_all
    self._result_cache = list(self._iterable_class(self))
                         ~~~~^^^^^^^^^^^^^^^^^^^^^^^^^^^^
  File "E:\develop\repairmybike\repairmybike_backend\venv\Lib\site-packages\django\db\models\query.py", line 91, in __iter__
    results = compiler.execute_sql(
        chunked_fetch=self.chunked_fetch, chunk_size=self.chunk_size
    )
  File "E:\develop\repairmybike\repairmybike_backend\venv\Lib\site-packages\django\db\models\sql\compiler.py", line 1623, in execute_sql
    cursor.execute(sql, params)
    ~~~~~~~~~~~~~~^^^^^^^^^^^^^
  File "E:\develop\repairmybike\repairmybike_backend\venv\Lib\site-packages\django\db\backends\utils.py", line 122, in execute
    return super().execute(sql, params)
           ~~~~~~~~~~~~~~~^^^^^^^^^^^^^
  File "E:\develop\repairmybike\repairmybike_backend\venv\Lib\site-packages\django\db\backends\utils.py", line 79, in execute
    return self._execute_with_wrappers(
           ~~~~~~~~~~~~~~~~~~~~~~~~~~~^
        sql, params, many=False, executor=self._execute
        ^^^^^^^^^^^^^^^^^^^^^^^^^^^^^^^^^^^^^^^^^^^^^^^
    )
    ^
  File "E:\develop\repairmybike\repairmybike_backend\venv\Lib\site-packages\django\db\backends\utils.py", line 92, in _execute_with_wrappers
    return executor(sql, params, many, context)
  File "E:\develop\repairmybike\repairmybike_backend\venv\Lib\site-packages\django\db\backends\utils.py", line 100, in _execute
    with self.db.wrap_database_errors:
         ^^^^^^^^^^^^^^^^^^^^^^^^^^^^
  File "E:\develop\repairmybike\repairmybike_backend\venv\Lib\site-packages\django\db\utils.py", line 91, in __exit__
    raise dj_exc_value.with_traceback(traceback) from exc_value
  File "E:\develop\repairmybike\repairmybike_backend\venv\Lib\site-packages\django\db\backends\utils.py", line 105, in _execute
    return self.cursor.execute(sql, params)
           ~~~~~~~~~~~~~~~~~~~^^^^^^^^^^^^^
django.db.utils.ProgrammingError: column bookings.notes does not exist
LINE 1: ...on_id", "bookings"."subscription_visit_consumed", "bookings"...
                                                             ^

ERROR 2026-05-12 09:09:57,619 basehttp 18696 13672 "GET /api/staff/bookings/ HTTP/1.1" 500 192907
ERROR 2026-05-12 09:10:02,770 log 18696 13672 Internal Server Error: /api/staff/bookings/
Traceback (most recent call last):
  File "E:\develop\repairmybike\repairmybike_backend\venv\Lib\site-packages\django\db\backends\utils.py", line 105, in _execute
    return self.cursor.execute(sql, params)
           ~~~~~~~~~~~~~~~~~~~^^^^^^^^^^^^^
psycopg2.errors.UndefinedColumn: column bookings.notes does not exist
LINE 1: ...on_id", "bookings"."subscription_visit_consumed", "bookings"...
                                                             ^


The above exception was the direct cause of the following exception:

Traceback (most recent call last):
  File "E:\develop\repairmybike\repairmybike_backend\venv\Lib\site-packages\django\core\handlers\exception.py", line 55, in inner
    response = get_response(request)
  File "E:\develop\repairmybike\repairmybike_backend\venv\Lib\site-packages\django\core\handlers\base.py", line 197, in _get_response
    response = wrapped_callback(request, *callback_args, **callback_kwargs)
  File "C:\Users\wolf\AppData\Local\Python\pythoncore-3.14-64\Lib\contextlib.py", line 85, in inner
    return func(*args, **kwds)
  File "E:\develop\repairmybike\repairmybike_backend\venv\Lib\site-packages\django\views\decorators\csrf.py", line 65, in _view_wrapper
    return view_func(request, *args, **kwargs)
  File "E:\develop\repairmybike\repairmybike_backend\venv\Lib\site-packages\rest_framework\viewsets.py", line 125, in view
    return self.dispatch(request, *args, **kwargs)
           ~~~~~~~~~~~~~^^^^^^^^^^^^^^^^^^^^^^^^^^
  File "E:\develop\repairmybike\repairmybike_backend\venv\Lib\site-packages\rest_framework\views.py", line 515, in dispatch
    response = self.handle_exception(exc)
  File "E:\develop\repairmybike\repairmybike_backend\venv\Lib\site-packages\rest_framework\views.py", line 475, in handle_exception
    self.raise_uncaught_exception(exc)
    ~~~~~~~~~~~~~~~~~~~~~~~~~~~~~^^^^^
  File "E:\develop\repairmybike\repairmybike_backend\venv\Lib\site-packages\rest_framework\views.py", line 486, in raise_uncaught_exception
    raise exc
  File "E:\develop\repairmybike\repairmybike_backend\venv\Lib\site-packages\rest_framework\views.py", line 512, in dispatch
    response = handler(request, *args, **kwargs)
  File "E:\develop\repairmybike\repairmybike_backend\staff\views.py", line 47, in list
    'data': serializer.data,
            ^^^^^^^^^^^^^^^
  File "E:\develop\repairmybike\repairmybike_backend\venv\Lib\site-packages\rest_framework\serializers.py", line 797, in data
    ret = super().data
          ^^^^^^^^^^^^
  File "E:\develop\repairmybike\repairmybike_backend\venv\Lib\site-packages\rest_framework\serializers.py", line 251, in data
    self._data = self.to_representation(self.instance)
                 ~~~~~~~~~~~~~~~~~~~~~~^^^^^^^^^^^^^^^
  File "E:\develop\repairmybike\repairmybike_backend\venv\Lib\site-packages\rest_framework\serializers.py", line 716, in to_representation
    self.child.to_representation(item) for item in iterable
                                                   ^^^^^^^^
  File "E:\develop\repairmybike\repairmybike_backend\venv\Lib\site-packages\django\db\models\query.py", line 384, in __iter__
    self._fetch_all()
    ~~~~~~~~~~~~~~~^^
  File "E:\develop\repairmybike\repairmybike_backend\venv\Lib\site-packages\django\db\models\query.py", line 1949, in _fetch_all
    self._result_cache = list(self._iterable_class(self))
                         ~~~~^^^^^^^^^^^^^^^^^^^^^^^^^^^^
  File "E:\develop\repairmybike\repairmybike_backend\venv\Lib\site-packages\django\db\models\query.py", line 91, in __iter__
    results = compiler.execute_sql(
        chunked_fetch=self.chunked_fetch, chunk_size=self.chunk_size
    )
  File "E:\develop\repairmybike\repairmybike_backend\venv\Lib\site-packages\django\db\models\sql\compiler.py", line 1623, in execute_sql
    cursor.execute(sql, params)
    ~~~~~~~~~~~~~~^^^^^^^^^^^^^
  File "E:\develop\repairmybike\repairmybike_backend\venv\Lib\site-packages\django\db\backends\utils.py", line 122, in execute
    return super().execute(sql, params)
           ~~~~~~~~~~~~~~~^^^^^^^^^^^^^
  File "E:\develop\repairmybike\repairmybike_backend\venv\Lib\site-packages\django\db\backends\utils.py", line 79, in execute
    return self._execute_with_wrappers(
           ~~~~~~~~~~~~~~~~~~~~~~~~~~~^
        sql, params, many=False, executor=self._execute
        ^^^^^^^^^^^^^^^^^^^^^^^^^^^^^^^^^^^^^^^^^^^^^^^
    )
    ^
  File "E:\develop\repairmybike\repairmybike_backend\venv\Lib\site-packages\django\db\backends\utils.py", line 92, in _execute_with_wrappers
    return executor(sql, params, many, context)
  File "E:\develop\repairmybike\repairmybike_backend\venv\Lib\site-packages\django\db\backends\utils.py", line 100, in _execute
    with self.db.wrap_database_errors:
         ^^^^^^^^^^^^^^^^^^^^^^^^^^^^
  File "E:\develop\repairmybike\repairmybike_backend\venv\Lib\site-packages\django\db\utils.py", line 91, in __exit__
    raise dj_exc_value.with_traceback(traceback) from exc_value
  File "E:\develop\repairmybike\repairmybike_backend\venv\Lib\site-packages\django\db\backends\utils.py", line 105, in _execute
    return self.cursor.execute(sql, params)
           ~~~~~~~~~~~~~~~~~~~^^^^^^^^^^^^^
django.db.utils.ProgrammingError: column bookings.notes does not exist
LINE 1: ...on_id", "bookings"."subscription_visit_consumed", "bookings"...
                                                             ^

ERROR 2026-05-12 09:10:02,779 basehttp 18696 13672 "GET /api/staff/bookings/ HTTP/1.1" 500 192907
INFO 2026-05-12 09:10:04,422 basehttp 18696 41084 "OPTIONS /api/subscriptions/subscriptions/ HTTP/1.1" 200 0
INFO 2026-05-12 09:10:04,422 basehttp 18696 13672 "OPTIONS /api/subscriptions/plans/ HTTP/1.1" 200 0
INFO 2026-05-12 09:10:06,090 basehttp 18696 41084 "GET /api/subscriptions/plans/ HTTP/1.1" 200 2609
INFO 2026-05-12 09:10:08,108 basehttp 18696 13672 "GET /api/subscriptions/subscriptions/ HTTP/1.1" 200 4701
INFO 2026-05-12 09:10:19,067 basehttp 18696 41084 "OPTIONS /api/spare-parts/parts/ HTTP/1.1" 200 0
INFO 2026-05-12 09:10:19,074 basehttp 18696 41084 "OPTIONS /api/spare-parts/parts/?search= HTTP/1.1" 200 0
INFO 2026-05-12 09:10:20,482 basehttp 18696 13672 "GET /api/staff/bookings/stats/ HTTP/1.1" 200 223
INFO 2026-05-12 09:10:26,078 basehttp 18696 41084 "GET /api/spare-parts/parts/?search= HTTP/1.1" 200 10166
INFO 2026-05-12 09:10:26,417 basehttp 18696 9644 "GET /api/spare-parts/parts/ HTTP/1.1" 200 10166
INFO 2026-05-12 09:10:30,802 basehttp 18696 9644 "OPTIONS /api/services/services/ HTTP/1.1" 200 0
INFO 2026-05-12 09:10:30,802 basehttp 18696 41084 "OPTIONS /api/services/service-categories/ HTTP/1.1" 200 0
INFO 2026-05-12 09:10:34,595 basehttp 18696 9644 "GET /api/services/service-categories/ HTTP/1.1" 200 1966
INFO 2026-05-12 09:10:38,028 basehttp 18696 9644 "OPTIONS /api/spare-parts/orders/ HTTP/1.1" 200 0
INFO 2026-05-12 09:10:39,404 basehttp 18696 9644 "GET /api/spare-parts/orders/ HTTP/1.1" 200 67
INFO 2026-05-12 09:10:40,857 basehttp 18696 41084 "GET /api/services/services/ HTTP/1.1" 200 13514
INFO 2026-05-12 09:44:08,540 autoreload 18696 20644 E:\develop\repairmybike\repairmybike_backend\bookings\models.py changed, reloading.
INFO 2026-05-12 09:44:09,316 autoreload 6080 41676 Watching for file changes with StatReloader
INFO 2026-05-12 09:44:14,116 autoreload 6080 41676 E:\develop\repairmybike\repairmybike_backend\bookings\models.py changed, reloading.
INFO 2026-05-12 09:44:14,809 autoreload 46640 9836 Watching for file changes with StatReloader
INFO 2026-05-12 09:47:15,771 autoreload 46640 9836 E:\develop\repairmybike\repairmybike_backend\bookings\models.py changed, reloading.
INFO 2026-05-12 09:47:16,455 autoreload 38476 30928 Watching for file changes with StatReloader
INFO 2026-05-12 09:47:23,319 autoreload 38476 30928 E:\develop\repairmybike\repairmybike_backend\bookings\models.py changed, reloading.
INFO 2026-05-12 09:47:24,014 autoreload 29720 19848 Watching for file changes with StatReloader
INFO 2026-05-12 09:48:33,368 autoreload 29720 19848 E:\develop\repairmybike\repairmybike_backend\bookings\models.py changed, reloading.
INFO 2026-05-12 09:48:34,070 autoreload 28452 21720 Watching for file changes with StatReloader
INFO 2026-05-12 09:51:49,365 autoreload 28452 21720 E:\develop\repairmybike\repairmybike_backend\bookings\models.py changed, reloading.
INFO 2026-05-12 09:51:50,058 autoreload 2796 49336 Watching for file changes with StatReloader
INFO 2026-05-12 10:00:08,703 autoreload 2796 49336 E:\develop\repairmybike\repairmybike_backend\authentication\serializers.py changed, reloading.
INFO 2026-05-12 10:00:09,645 autoreload 13676 44100 Watching for file changes with StatReloader
INFO 2026-05-12 10:01:49,575 autoreload 13676 44100 E:\develop\repairmybike\repairmybike_backend\authentication\serializers.py changed, reloading.
INFO 2026-05-12 10:01:50,314 autoreload 41284 33808 Watching for file changes with StatReloader
INFO 2026-05-12 10:02:13,653 autoreload 41284 33808 E:\develop\repairmybike\repairmybike_backend\authentication\views.py changed, reloading.
INFO 2026-05-12 10:02:14,378 autoreload 32184 26688 Watching for file changes with StatReloader
INFO 2026-05-12 10:02:54,081 autoreload 32184 26688 E:\develop\repairmybike\repairmybike_backend\authentication\urls.py changed, reloading.
INFO 2026-05-12 10:02:54,870 autoreload 50220 49804 Watching for file changes with StatReloader
INFO 2026-05-12 10:08:30,138 autoreload 50220 49804 E:\develop\repairmybike\repairmybike_backend\bookings\serializers.py changed, reloading.
INFO 2026-05-12 10:08:30,906 autoreload 23468 15956 Watching for file changes with StatReloader
INFO 2026-05-12 10:11:03,610 autoreload 23468 15956 E:\develop\repairmybike\repairmybike_backend\bookings\serializers.py changed, reloading.
INFO 2026-05-12 10:11:04,479 autoreload 19120 1900 Watching for file changes with StatReloader
INFO 2026-05-13 10:00:07,321 autoreload 19120 1900 E:\develop\repairmybike\repairmybike_backend\authentication\serializers.py changed, reloading.
INFO 2026-05-13 10:00:09,807 autoreload 5752 7312 Watching for file changes with StatReloader
INFO 2026-05-13 10:00:43,309 autoreload 5752 7312 E:\develop\repairmybike\repairmybike_backend\authentication\views.py changed, reloading.
INFO 2026-05-13 10:00:44,965 autoreload 41956 18944 Watching for file changes with StatReloader
INFO 2026-05-13 10:01:03,250 autoreload 41956 18944 E:\develop\repairmybike\repairmybike_backend\authentication\views.py changed, reloading.
INFO 2026-05-13 10:01:04,823 autoreload 17544 45024 Watching for file changes with StatReloader
INFO 2026-05-13 10:01:25,250 autoreload 17544 45024 E:\develop\repairmybike\repairmybike_backend\bookings\serializers.py changed, reloading.
INFO 2026-05-13 10:01:26,860 autoreload 42896 46588 Watching for file changes with StatReloader
INFO 2026-05-13 10:16:55,895 autoreload 42896 46588 E:\develop\repairmybike\repairmybike_backend\subscriptions\migrations\0007_plan_image.py changed, reloading.
INFO 2026-05-13 10:16:58,056 autoreload 40812 16704 Watching for file changes with StatReloader
INFO 2026-05-13 10:58:30,902 autoreload 40812 16704 E:\develop\repairmybike\repairmybike_backend\subscriptions\migrations\0006_plan_image.py changed, reloading.
INFO 2026-05-13 10:58:32,391 autoreload 42160 9812 Watching for file changes with StatReloader
WARNING 2026-05-13 11:02:00,909 log 45964 32240 Forbidden: /api/auth/customers/
ERROR 2026-05-13 11:02:01,606 log 45964 32240 Internal Server Error: /api/auth/customers/
Traceback (most recent call last):
  File "E:\develop\repairmybike\repairmybike_backend\venv\Lib\site-packages\django\core\handlers\exception.py", line 55, in inner
    response = get_response(request)
  File "E:\develop\repairmybike\repairmybike_backend\venv\Lib\site-packages\django\core\handlers\base.py", line 197, in _get_response
    response = wrapped_callback(request, *callback_args, **callback_kwargs)
  File "C:\Users\wolf\AppData\Local\Python\pythoncore-3.14-64\Lib\contextlib.py", line 85, in inner
    return func(*args, **kwds)
  File "E:\develop\repairmybike\repairmybike_backend\venv\Lib\site-packages\django\views\decorators\csrf.py", line 65, in _view_wrapper
    return view_func(request, *args, **kwargs)
  File "E:\develop\repairmybike\repairmybike_backend\venv\Lib\site-packages\rest_framework\viewsets.py", line 125, in view
    return self.dispatch(request, *args, **kwargs)
           ~~~~~~~~~~~~~^^^^^^^^^^^^^^^^^^^^^^^^^^
  File "E:\develop\repairmybike\repairmybike_backend\venv\Lib\site-packages\rest_framework\views.py", line 515, in dispatch
    response = self.handle_exception(exc)
  File "E:\develop\repairmybike\repairmybike_backend\venv\Lib\site-packages\rest_framework\views.py", line 475, in handle_exception
    self.raise_uncaught_exception(exc)
    ~~~~~~~~~~~~~~~~~~~~~~~~~~~~~^^^^^
  File "E:\develop\repairmybike\repairmybike_backend\venv\Lib\site-packages\rest_framework\views.py", line 486, in raise_uncaught_exception
    raise exc
  File "E:\develop\repairmybike\repairmybike_backend\venv\Lib\site-packages\rest_framework\views.py", line 512, in dispatch
    response = handler(request, *args, **kwargs)
  File "E:\develop\repairmybike\repairmybike_backend\venv\Lib\site-packages\rest_framework\mixins.py", line 38, in list
    queryset = self.filter_queryset(self.get_queryset())
                                    ~~~~~~~~~~~~~~~~~^^
  File "E:\develop\repairmybike\repairmybike_backend\authentication\views.py", line 63, in get_queryset
    ).annotate(
      ~~~~~~~~^
        total_bookings=Count('customer_bookings', distinct=True),
        ^^^^^^^^^^^^^^^^^^^^^^^^^^^^^^^^^^^^^^^^^^^^^^^^^^^^^^^^^
        active_subscriptions=Count('subscriptions', filter=Q(subscriptions__status='active'), distinct=True),
        ^^^^^^^^^^^^^^^^^^^^^^^^^^^^^^^^^^^^^^^^^^^^^^^^^^^^^^^^^^^^^^^^^^^^^^^^^^^^^^^^^^^^^^^^^^^^^^^^^^^^^
        last_visit=Max('customer_bookings__appointment_date')
        ^^^^^^^^^^^^^^^^^^^^^^^^^^^^^^^^^^^^^^^^^^^^^^^^^^^^^
    ).distinct().order_by('-created_at')
    ^
  File "E:\develop\repairmybike\repairmybike_backend\venv\Lib\site-packages\django\db\models\query.py", line 1649, in annotate
    return self._annotate(args, kwargs, select=True)
           ~~~~~~~~~~~~~~^^^^^^^^^^^^^^^^^^^^^^^^^^^
  File "E:\develop\repairmybike\repairmybike_backend\venv\Lib\site-packages\django\db\models\query.py", line 1701, in _annotate
    clone.query.add_annotation(
    ~~~~~~~~~~~~~~~~~~~~~~~~~~^
        annotation,
        ^^^^^^^^^^^
        alias,
        ^^^^^^
        select=select,
        ^^^^^^^^^^^^^^
    )
    ^
  File "E:\develop\repairmybike\repairmybike_backend\venv\Lib\site-packages\django\db\models\sql\query.py", line 1218, in add_annotation
    annotation = annotation.resolve_expression(self, allow_joins=True, reuse=None)
  File "E:\develop\repairmybike\repairmybike_backend\venv\Lib\site-packages\django\db\models\aggregates.py", line 176, in resolve_expression
    result = super().resolve_expression(*args, **kwargs)
  File "E:\develop\repairmybike\repairmybike_backend\venv\Lib\site-packages\django\db\models\aggregates.py", line 63, in resolve_expression
    c = super().resolve_expression(query, allow_joins, reuse, summarize)
  File "E:\develop\repairmybike\repairmybike_backend\venv\Lib\site-packages\django\db\models\expressions.py", line 300, in resolve_expression
    expr.resolve_expression(query, allow_joins, reuse, summarize, for_save)
    ~~~~~~~~~~~~~~~~~~~~~~~^^^^^^^^^^^^^^^^^^^^^^^^^^^^^^^^^^^^^^^^^^^^^^^^
  File "E:\develop\repairmybike\repairmybike_backend\venv\Lib\site-packages\django\db\models\expressions.py", line 902, in resolve_expression
    return query.resolve_ref(self.name, allow_joins, reuse, summarize)
           ~~~~~~~~~~~~~~~~~^^^^^^^^^^^^^^^^^^^^^^^^^^^^^^^^^^^^^^^^^^
  File "E:\develop\repairmybike\repairmybike_backend\venv\Lib\site-packages\django\db\models\sql\query.py", line 2050, in resolve_ref
    join_info = self.setup_joins(
        field_list, self.get_meta(), self.get_initial_alias(), can_reuse=reuse
    )
  File "E:\develop\repairmybike\repairmybike_backend\venv\Lib\site-packages\django\db\models\sql\query.py", line 1901, in setup_joins
    path, final_field, targets, rest = self.names_to_path(
                                       ~~~~~~~~~~~~~~~~~~^
        names[:pivot],
        ^^^^^^^^^^^^^^
    ...<2 lines>...
        fail_on_missing=True,
        ^^^^^^^^^^^^^^^^^^^^^
    )
    ^
  File "E:\develop\repairmybike\repairmybike_backend\venv\Lib\site-packages\django\db\models\sql\query.py", line 1806, in names_to_path
    raise FieldError(
    ...<2 lines>...
    )
django.core.exceptions.FieldError: Cannot resolve keyword 'customer_bookings' into field. Choices are: activity_logs, addresses, cart, created_at, date_joined, default_vehicle, default_vehicle_id, descope_user_id, email, first_name, groups, id, internal_notes, is_active, is_phone_verified, is_staff, is_superuser, is_verified, last_login, last_name, logentry, loyalty_points, mechanic_bookings, order, password, phone_number, profile_picture, referral_code, referrals, referred_by, referred_by_id, saved_parts, saved_services, sessions, subscriptions, total_ltv, updated_at, user_permissions, username, vehicles
WARNING 2026-05-13 11:02:07,746 log 45964 32240 Forbidden: /api/auth/staff/
INFO 2026-05-13 11:07:40,027 autoreload 42160 9812 E:\develop\repairmybike\repairmybike_backend\authentication\views.py changed, reloading.
INFO 2026-05-13 11:07:41,192 autoreload 50420 33968 Watching for file changes with StatReloader
WARNING 2026-05-13 11:11:30,458 log 29864 46672 Forbidden: /api/auth/customers/
ERROR 2026-05-13 11:11:31,176 log 29864 46672 Internal Server Error: /api/auth/customers/
Traceback (most recent call last):
  File "E:\develop\repairmybike\repairmybike_backend\venv\Lib\site-packages\django\core\handlers\exception.py", line 55, in inner
    response = get_response(request)
  File "E:\develop\repairmybike\repairmybike_backend\venv\Lib\site-packages\django\core\handlers\base.py", line 197, in _get_response
    response = wrapped_callback(request, *callback_args, **callback_kwargs)
  File "C:\Users\wolf\AppData\Local\Python\pythoncore-3.14-64\Lib\contextlib.py", line 85, in inner
    return func(*args, **kwds)
  File "E:\develop\repairmybike\repairmybike_backend\venv\Lib\site-packages\django\views\decorators\csrf.py", line 65, in _view_wrapper
    return view_func(request, *args, **kwargs)
  File "E:\develop\repairmybike\repairmybike_backend\venv\Lib\site-packages\rest_framework\viewsets.py", line 125, in view
    return self.dispatch(request, *args, **kwargs)
           ~~~~~~~~~~~~~^^^^^^^^^^^^^^^^^^^^^^^^^^
  File "E:\develop\repairmybike\repairmybike_backend\venv\Lib\site-packages\rest_framework\views.py", line 515, in dispatch
    response = self.handle_exception(exc)
  File "E:\develop\repairmybike\repairmybike_backend\venv\Lib\site-packages\rest_framework\views.py", line 475, in handle_exception
    self.raise_uncaught_exception(exc)
    ~~~~~~~~~~~~~~~~~~~~~~~~~~~~~^^^^^
  File "E:\develop\repairmybike\repairmybike_backend\venv\Lib\site-packages\rest_framework\views.py", line 486, in raise_uncaught_exception
    raise exc
  File "E:\develop\repairmybike\repairmybike_backend\venv\Lib\site-packages\rest_framework\views.py", line 512, in dispatch
    response = handler(request, *args, **kwargs)
  File "E:\develop\repairmybike\repairmybike_backend\venv\Lib\site-packages\rest_framework\mixins.py", line 38, in list
    queryset = self.filter_queryset(self.get_queryset())
                                    ~~~~~~~~~~~~~~~~~^^
  File "E:\develop\repairmybike\repairmybike_backend\authentication\views.py", line 63, in get_queryset
    ).annotate(
      ~~~~~~~~^
        total_bookings=Count('bookings', distinct=True),
        ^^^^^^^^^^^^^^^^^^^^^^^^^^^^^^^^^^^^^^^^^^^^^^^^
        active_subscriptions=Count('subscriptions', filter=Q(subscriptions__status='active'), distinct=True),
        ^^^^^^^^^^^^^^^^^^^^^^^^^^^^^^^^^^^^^^^^^^^^^^^^^^^^^^^^^^^^^^^^^^^^^^^^^^^^^^^^^^^^^^^^^^^^^^^^^^^^^
        last_visit=Max('bookings__appointment_date')
        ^^^^^^^^^^^^^^^^^^^^^^^^^^^^^^^^^^^^^^^^^^^^
    ).distinct().order_by('-created_at')
    ^
  File "E:\develop\repairmybike\repairmybike_backend\venv\Lib\site-packages\django\db\models\query.py", line 1649, in annotate
    return self._annotate(args, kwargs, select=True)
           ~~~~~~~~~~~~~~^^^^^^^^^^^^^^^^^^^^^^^^^^^
  File "E:\develop\repairmybike\repairmybike_backend\venv\Lib\site-packages\django\db\models\query.py", line 1701, in _annotate
    clone.query.add_annotation(
    ~~~~~~~~~~~~~~~~~~~~~~~~~~^
        annotation,
        ^^^^^^^^^^^
        alias,
        ^^^^^^
        select=select,
        ^^^^^^^^^^^^^^
    )
    ^
  File "E:\develop\repairmybike\repairmybike_backend\venv\Lib\site-packages\django\db\models\sql\query.py", line 1218, in add_annotation
    annotation = annotation.resolve_expression(self, allow_joins=True, reuse=None)
  File "E:\develop\repairmybike\repairmybike_backend\venv\Lib\site-packages\django\db\models\aggregates.py", line 176, in resolve_expression
    result = super().resolve_expression(*args, **kwargs)
  File "E:\develop\repairmybike\repairmybike_backend\venv\Lib\site-packages\django\db\models\aggregates.py", line 63, in resolve_expression
    c = super().resolve_expression(query, allow_joins, reuse, summarize)
  File "E:\develop\repairmybike\repairmybike_backend\venv\Lib\site-packages\django\db\models\expressions.py", line 300, in resolve_expression
    expr.resolve_expression(query, allow_joins, reuse, summarize, for_save)
    ~~~~~~~~~~~~~~~~~~~~~~~^^^^^^^^^^^^^^^^^^^^^^^^^^^^^^^^^^^^^^^^^^^^^^^^
  File "E:\develop\repairmybike\repairmybike_backend\venv\Lib\site-packages\django\db\models\expressions.py", line 902, in resolve_expression
    return query.resolve_ref(self.name, allow_joins, reuse, summarize)
           ~~~~~~~~~~~~~~~~~^^^^^^^^^^^^^^^^^^^^^^^^^^^^^^^^^^^^^^^^^^
  File "E:\develop\repairmybike\repairmybike_backend\venv\Lib\site-packages\django\db\models\sql\query.py", line 2050, in resolve_ref
    join_info = self.setup_joins(
        field_list, self.get_meta(), self.get_initial_alias(), can_reuse=reuse
    )
  File "E:\develop\repairmybike\repairmybike_backend\venv\Lib\site-packages\django\db\models\sql\query.py", line 1901, in setup_joins
    path, final_field, targets, rest = self.names_to_path(
                                       ~~~~~~~~~~~~~~~~~~^
        names[:pivot],
        ^^^^^^^^^^^^^^
    ...<2 lines>...
        fail_on_missing=True,
        ^^^^^^^^^^^^^^^^^^^^^
    )
    ^
  File "E:\develop\repairmybike\repairmybike_backend\venv\Lib\site-packages\django\db\models\sql\query.py", line 1806, in names_to_path
    raise FieldError(
    ...<2 lines>...
    )
django.core.exceptions.FieldError: Cannot resolve keyword 'bookings' into field. Choices are: activity_logs, addresses, cart, created_at, date_joined, default_vehicle, default_vehicle_id, descope_user_id, email, first_name, groups, id, internal_notes, is_active, is_phone_verified, is_staff, is_superuser, is_verified, last_login, last_name, logentry, loyalty_points, mechanic_bookings, order, password, phone_number, profile_picture, referral_code, referrals, referred_by, referred_by_id, saved_parts, saved_services, sessions, subscriptions, total_ltv, updated_at, user_permissions, username, vehicles
WARNING 2026-05-13 11:11:35,570 log 29864 46672 Forbidden: /api/auth/staff/
WARNING 2026-05-13 11:14:00,754 log 36580 15588 Forbidden: /api/auth/customers/
ERROR 2026-05-13 11:14:01,466 log 36580 15588 Internal Server Error: /api/auth/customers/
Traceback (most recent call last):
  File "E:\develop\repairmybike\repairmybike_backend\venv\Lib\site-packages\django\core\handlers\exception.py", line 55, in inner
    response = get_response(request)
  File "E:\develop\repairmybike\repairmybike_backend\venv\Lib\site-packages\django\core\handlers\base.py", line 197, in _get_response
    response = wrapped_callback(request, *callback_args, **callback_kwargs)
  File "C:\Users\wolf\AppData\Local\Python\pythoncore-3.14-64\Lib\contextlib.py", line 85, in inner
    return func(*args, **kwds)
  File "E:\develop\repairmybike\repairmybike_backend\venv\Lib\site-packages\django\views\decorators\csrf.py", line 65, in _view_wrapper
    return view_func(request, *args, **kwargs)
  File "E:\develop\repairmybike\repairmybike_backend\venv\Lib\site-packages\rest_framework\viewsets.py", line 125, in view
    return self.dispatch(request, *args, **kwargs)
           ~~~~~~~~~~~~~^^^^^^^^^^^^^^^^^^^^^^^^^^
  File "E:\develop\repairmybike\repairmybike_backend\venv\Lib\site-packages\rest_framework\views.py", line 515, in dispatch
    response = self.handle_exception(exc)
  File "E:\develop\repairmybike\repairmybike_backend\venv\Lib\site-packages\rest_framework\views.py", line 475, in handle_exception
    self.raise_uncaught_exception(exc)
    ~~~~~~~~~~~~~~~~~~~~~~~~~~~~~^^^^^
  File "E:\develop\repairmybike\repairmybike_backend\venv\Lib\site-packages\rest_framework\views.py", line 486, in raise_uncaught_exception
    raise exc
  File "E:\develop\repairmybike\repairmybike_backend\venv\Lib\site-packages\rest_framework\views.py", line 512, in dispatch
    response = handler(request, *args, **kwargs)
  File "E:\develop\repairmybike\repairmybike_backend\venv\Lib\site-packages\rest_framework\mixins.py", line 38, in list
    queryset = self.filter_queryset(self.get_queryset())
                                    ~~~~~~~~~~~~~~~~~^^
  File "E:\develop\repairmybike\repairmybike_backend\authentication\views.py", line 63, in get_queryset
    ).annotate(
      ~~~~~~~~^
        total_bookings=Count('bookings', distinct=True),
        ^^^^^^^^^^^^^^^^^^^^^^^^^^^^^^^^^^^^^^^^^^^^^^^^
        active_subscriptions=Count('subscriptions', filter=Q(subscriptions__status='active'), distinct=True),
        ^^^^^^^^^^^^^^^^^^^^^^^^^^^^^^^^^^^^^^^^^^^^^^^^^^^^^^^^^^^^^^^^^^^^^^^^^^^^^^^^^^^^^^^^^^^^^^^^^^^^^
        last_visit=Max('bookings__appointment_date')
        ^^^^^^^^^^^^^^^^^^^^^^^^^^^^^^^^^^^^^^^^^^^^
    ).distinct().order_by('-created_at')
    ^
  File "E:\develop\repairmybike\repairmybike_backend\venv\Lib\site-packages\django\db\models\query.py", line 1649, in annotate
    return self._annotate(args, kwargs, select=True)
           ~~~~~~~~~~~~~~^^^^^^^^^^^^^^^^^^^^^^^^^^^
  File "E:\develop\repairmybike\repairmybike_backend\venv\Lib\site-packages\django\db\models\query.py", line 1701, in _annotate
    clone.query.add_annotation(
    ~~~~~~~~~~~~~~~~~~~~~~~~~~^
        annotation,
        ^^^^^^^^^^^
        alias,
        ^^^^^^
        select=select,
        ^^^^^^^^^^^^^^
    )
    ^
  File "E:\develop\repairmybike\repairmybike_backend\venv\Lib\site-packages\django\db\models\sql\query.py", line 1218, in add_annotation
    annotation = annotation.resolve_expression(self, allow_joins=True, reuse=None)
  File "E:\develop\repairmybike\repairmybike_backend\venv\Lib\site-packages\django\db\models\aggregates.py", line 176, in resolve_expression
    result = super().resolve_expression(*args, **kwargs)
  File "E:\develop\repairmybike\repairmybike_backend\venv\Lib\site-packages\django\db\models\aggregates.py", line 63, in resolve_expression
    c = super().resolve_expression(query, allow_joins, reuse, summarize)
  File "E:\develop\repairmybike\repairmybike_backend\venv\Lib\site-packages\django\db\models\expressions.py", line 300, in resolve_expression
    expr.resolve_expression(query, allow_joins, reuse, summarize, for_save)
    ~~~~~~~~~~~~~~~~~~~~~~~^^^^^^^^^^^^^^^^^^^^^^^^^^^^^^^^^^^^^^^^^^^^^^^^
  File "E:\develop\repairmybike\repairmybike_backend\venv\Lib\site-packages\django\db\models\expressions.py", line 902, in resolve_expression
    return query.resolve_ref(self.name, allow_joins, reuse, summarize)
           ~~~~~~~~~~~~~~~~~^^^^^^^^^^^^^^^^^^^^^^^^^^^^^^^^^^^^^^^^^^
  File "E:\develop\repairmybike\repairmybike_backend\venv\Lib\site-packages\django\db\models\sql\query.py", line 2050, in resolve_ref
    join_info = self.setup_joins(
        field_list, self.get_meta(), self.get_initial_alias(), can_reuse=reuse
    )
  File "E:\develop\repairmybike\repairmybike_backend\venv\Lib\site-packages\django\db\models\sql\query.py", line 1901, in setup_joins
    path, final_field, targets, rest = self.names_to_path(
                                       ~~~~~~~~~~~~~~~~~~^
        names[:pivot],
        ^^^^^^^^^^^^^^
    ...<2 lines>...
        fail_on_missing=True,
        ^^^^^^^^^^^^^^^^^^^^^
    )
    ^
  File "E:\develop\repairmybike\repairmybike_backend\venv\Lib\site-packages\django\db\models\sql\query.py", line 1806, in names_to_path
    raise FieldError(
    ...<2 lines>...
    )
django.core.exceptions.FieldError: Cannot resolve keyword 'bookings' into field. Choices are: activity_logs, addresses, cart, created_at, date_joined, default_vehicle, default_vehicle_id, descope_user_id, email, first_name, groups, id, internal_notes, is_active, is_phone_verified, is_staff, is_superuser, is_verified, last_login, last_name, logentry, loyalty_points, mechanic_bookings, order, password, phone_number, profile_picture, referral_code, referrals, referred_by, referred_by_id, saved_parts, saved_services, sessions, subscriptions, total_ltv, updated_at, user_permissions, username, vehicles
WARNING 2026-05-13 11:14:05,874 log 36580 15588 Forbidden: /api/auth/staff/
INFO 2026-05-13 11:17:16,594 autoreload 50420 33968 E:\develop\repairmybike\repairmybike_backend\authentication\views.py changed, reloading.
INFO 2026-05-13 11:17:17,395 autoreload 8728 28472 Watching for file changes with StatReloader
WARNING 2026-05-13 11:21:41,855 log 45904 36080 Forbidden: /api/auth/customers/
ERROR 2026-05-13 11:21:42,821 log 45904 36080 Internal Server Error: /api/auth/customers/
Traceback (most recent call last):
  File "E:\develop\repairmybike\repairmybike_backend\venv\Lib\site-packages\django\db\backends\utils.py", line 105, in _execute
    return self.cursor.execute(sql, params)
           ~~~~~~~~~~~~~~~~~~~^^^^^^^^^^^^^
psycopg2.errors.UndefinedColumn: column bookings.mechanic_id does not exist
LINE 1: ... JOIN "bookings" ON ("authentication_user"."id" = "bookings"...
                                                             ^


The above exception was the direct cause of the following exception:

Traceback (most recent call last):
  File "E:\develop\repairmybike\repairmybike_backend\venv\Lib\site-packages\django\core\handlers\exception.py", line 55, in inner
    response = get_response(request)
  File "E:\develop\repairmybike\repairmybike_backend\venv\Lib\site-packages\django\core\handlers\base.py", line 197, in _get_response
    response = wrapped_callback(request, *callback_args, **callback_kwargs)
  File "C:\Users\wolf\AppData\Local\Python\pythoncore-3.14-64\Lib\contextlib.py", line 85, in inner
    return func(*args, **kwds)
  File "E:\develop\repairmybike\repairmybike_backend\venv\Lib\site-packages\django\views\decorators\csrf.py", line 65, in _view_wrapper
    return view_func(request, *args, **kwargs)
  File "E:\develop\repairmybike\repairmybike_backend\venv\Lib\site-packages\rest_framework\viewsets.py", line 125, in view
    return self.dispatch(request, *args, **kwargs)
           ~~~~~~~~~~~~~^^^^^^^^^^^^^^^^^^^^^^^^^^
  File "E:\develop\repairmybike\repairmybike_backend\venv\Lib\site-packages\rest_framework\views.py", line 515, in dispatch
    response = self.handle_exception(exc)
  File "E:\develop\repairmybike\repairmybike_backend\venv\Lib\site-packages\rest_framework\views.py", line 475, in handle_exception
    self.raise_uncaught_exception(exc)
    ~~~~~~~~~~~~~~~~~~~~~~~~~~~~~^^^^^
  File "E:\develop\repairmybike\repairmybike_backend\venv\Lib\site-packages\rest_framework\views.py", line 486, in raise_uncaught_exception
    raise exc
  File "E:\develop\repairmybike\repairmybike_backend\venv\Lib\site-packages\rest_framework\views.py", line 512, in dispatch
    response = handler(request, *args, **kwargs)
  File "E:\develop\repairmybike\repairmybike_backend\venv\Lib\site-packages\rest_framework\mixins.py", line 40, in list
    page = self.paginate_queryset(queryset)
  File "E:\develop\repairmybike\repairmybike_backend\venv\Lib\site-packages\rest_framework\generics.py", line 175, in paginate_queryset
    return self.paginator.paginate_queryset(queryset, self.request, view=self)
           ~~~~~~~~~~~~~~~~~~~~~~~~~~~~~~~~^^^^^^^^^^^^^^^^^^^^^^^^^^^^^^^^^^^
  File "E:\develop\repairmybike\repairmybike_backend\venv\Lib\site-packages\rest_framework\pagination.py", line 211, in paginate_queryset
    self.page = paginator.page(page_number)
                ~~~~~~~~~~~~~~^^^^^^^^^^^^^
  File "E:\develop\repairmybike\repairmybike_backend\venv\Lib\site-packages\django\core\paginator.py", line 89, in page
    number = self.validate_number(number)
  File "E:\develop\repairmybike\repairmybike_backend\venv\Lib\site-packages\django\core\paginator.py", line 70, in validate_number
    if number > self.num_pages:
                ^^^^^^^^^^^^^^
  File "E:\develop\repairmybike\repairmybike_backend\venv\Lib\site-packages\django\utils\functional.py", line 47, in __get__
    res = instance.__dict__[self.name] = self.func(instance)
                                         ~~~~~~~~~^^^^^^^^^^
  File "E:\develop\repairmybike\repairmybike_backend\venv\Lib\site-packages\django\core\paginator.py", line 116, in num_pages
    if self.count == 0 and not self.allow_empty_first_page:
       ^^^^^^^^^^
  File "E:\develop\repairmybike\repairmybike_backend\venv\Lib\site-packages\django\utils\functional.py", line 47, in __get__
    res = instance.__dict__[self.name] = self.func(instance)
                                         ~~~~~~~~~^^^^^^^^^^
  File "E:\develop\repairmybike\repairmybike_backend\venv\Lib\site-packages\django\core\paginator.py", line 110, in count
    return c()
  File "E:\develop\repairmybike\repairmybike_backend\venv\Lib\site-packages\django\db\models\query.py", line 604, in count
    return self.query.get_count(using=self.db)
           ~~~~~~~~~~~~~~~~~~~~^^^^^^^^^^^^^^^
  File "E:\develop\repairmybike\repairmybike_backend\venv\Lib\site-packages\django\db\models\sql\query.py", line 644, in get_count
    return obj.get_aggregation(using, {"__count": Count("*")})["__count"]
           ~~~~~~~~~~~~~~~~~~~^^^^^^^^^^^^^^^^^^^^^^^^^^^^^^^^
  File "E:\develop\repairmybike\repairmybike_backend\venv\Lib\site-packages\django\db\models\sql\query.py", line 626, in get_aggregation
    result = compiler.execute_sql(SINGLE)
  File "E:\develop\repairmybike\repairmybike_backend\venv\Lib\site-packages\django\db\models\sql\compiler.py", line 1623, in execute_sql
    cursor.execute(sql, params)
    ~~~~~~~~~~~~~~^^^^^^^^^^^^^
  File "E:\develop\repairmybike\repairmybike_backend\venv\Lib\site-packages\django\db\backends\utils.py", line 79, in execute
    return self._execute_with_wrappers(
           ~~~~~~~~~~~~~~~~~~~~~~~~~~~^
        sql, params, many=False, executor=self._execute
        ^^^^^^^^^^^^^^^^^^^^^^^^^^^^^^^^^^^^^^^^^^^^^^^
    )
    ^
  File "E:\develop\repairmybike\repairmybike_backend\venv\Lib\site-packages\django\db\backends\utils.py", line 92, in _execute_with_wrappers
    return executor(sql, params, many, context)
  File "E:\develop\repairmybike\repairmybike_backend\venv\Lib\site-packages\django\db\backends\utils.py", line 100, in _execute
    with self.db.wrap_database_errors:
         ^^^^^^^^^^^^^^^^^^^^^^^^^^^^
  File "E:\develop\repairmybike\repairmybike_backend\venv\Lib\site-packages\django\db\utils.py", line 91, in __exit__
    raise dj_exc_value.with_traceback(traceback) from exc_value
  File "E:\develop\repairmybike\repairmybike_backend\venv\Lib\site-packages\django\db\backends\utils.py", line 105, in _execute
    return self.cursor.execute(sql, params)
           ~~~~~~~~~~~~~~~~~~~^^^^^^^^^^^^^
django.db.utils.ProgrammingError: column bookings.mechanic_id does not exist
LINE 1: ... JOIN "bookings" ON ("authentication_user"."id" = "bookings"...
                                                             ^

WARNING 2026-05-13 11:21:47,346 log 45904 36080 Forbidden: /api/auth/staff/
INFO 2026-05-13 11:24:32,386 autoreload 8728 28472 E:\develop\repairmybike\repairmybike_backend\bookings\migrations\0004_rename_notes_booking_customer_notes_and_more.py changed, reloading.
INFO 2026-05-13 11:24:33,264 autoreload 16648 10588 Watching for file changes with StatReloader
INFO 2026-05-13 11:25:02,755 autoreload 16648 10588 E:\develop\repairmybike\repairmybike_backend\bookings\migrations\0006_customer_internal_notes.py changed, reloading.
INFO 2026-05-13 11:25:03,549 autoreload 30160 35732 Watching for file changes with StatReloader
INFO 2026-05-13 11:25:19,730 autoreload 30160 35732 E:\develop\repairmybike\repairmybike_backend\bookings\migrations\0007_alter_customer_internal_notes.py changed, reloading.
INFO 2026-05-13 11:25:20,538 autoreload 3448 1968 Watching for file changes with StatReloader
INFO 2026-05-13 11:25:34,661 autoreload 3448 1968 E:\develop\repairmybike\repairmybike_backend\bookings\migrations\0008_customer_total_spent.py changed, reloading.
INFO 2026-05-13 11:25:35,443 autoreload 42680 37232 Watching for file changes with StatReloader
WARNING 2026-05-13 11:26:50,012 log 32788 33928 Forbidden: /api/auth/customers/
ERROR 2026-05-13 11:26:51,015 log 32788 33928 Internal Server Error: /api/auth/customers/
Traceback (most recent call last):
  File "E:\develop\repairmybike\repairmybike_backend\venv\Lib\site-packages\django\db\backends\utils.py", line 105, in _execute
    return self.cursor.execute(sql, params)
           ~~~~~~~~~~~~~~~~~~~^^^^^^^^^^^^^
psycopg2.errors.UndefinedColumn: column bookings.mechanic_id does not exist
LINE 1: ... JOIN "bookings" ON ("authentication_user"."id" = "bookings"...
                                                             ^


The above exception was the direct cause of the following exception:

Traceback (most recent call last):
  File "E:\develop\repairmybike\repairmybike_backend\venv\Lib\site-packages\django\core\handlers\exception.py", line 55, in inner
    response = get_response(request)
  File "E:\develop\repairmybike\repairmybike_backend\venv\Lib\site-packages\django\core\handlers\base.py", line 197, in _get_response
    response = wrapped_callback(request, *callback_args, **callback_kwargs)
  File "C:\Users\wolf\AppData\Local\Python\pythoncore-3.14-64\Lib\contextlib.py", line 85, in inner
    return func(*args, **kwds)
  File "E:\develop\repairmybike\repairmybike_backend\venv\Lib\site-packages\django\views\decorators\csrf.py", line 65, in _view_wrapper
    return view_func(request, *args, **kwargs)
  File "E:\develop\repairmybike\repairmybike_backend\venv\Lib\site-packages\rest_framework\viewsets.py", line 125, in view
    return self.dispatch(request, *args, **kwargs)
           ~~~~~~~~~~~~~^^^^^^^^^^^^^^^^^^^^^^^^^^
  File "E:\develop\repairmybike\repairmybike_backend\venv\Lib\site-packages\rest_framework\views.py", line 515, in dispatch
    response = self.handle_exception(exc)
  File "E:\develop\repairmybike\repairmybike_backend\venv\Lib\site-packages\rest_framework\views.py", line 475, in handle_exception
    self.raise_uncaught_exception(exc)
    ~~~~~~~~~~~~~~~~~~~~~~~~~~~~~^^^^^
  File "E:\develop\repairmybike\repairmybike_backend\venv\Lib\site-packages\rest_framework\views.py", line 486, in raise_uncaught_exception
    raise exc
  File "E:\develop\repairmybike\repairmybike_backend\venv\Lib\site-packages\rest_framework\views.py", line 512, in dispatch
    response = handler(request, *args, **kwargs)
  File "E:\develop\repairmybike\repairmybike_backend\venv\Lib\site-packages\rest_framework\mixins.py", line 40, in list
    page = self.paginate_queryset(queryset)
  File "E:\develop\repairmybike\repairmybike_backend\venv\Lib\site-packages\rest_framework\generics.py", line 175, in paginate_queryset
    return self.paginator.paginate_queryset(queryset, self.request, view=self)
           ~~~~~~~~~~~~~~~~~~~~~~~~~~~~~~~~^^^^^^^^^^^^^^^^^^^^^^^^^^^^^^^^^^^
  File "E:\develop\repairmybike\repairmybike_backend\venv\Lib\site-packages\rest_framework\pagination.py", line 211, in paginate_queryset
    self.page = paginator.page(page_number)
                ~~~~~~~~~~~~~~^^^^^^^^^^^^^
  File "E:\develop\repairmybike\repairmybike_backend\venv\Lib\site-packages\django\core\paginator.py", line 89, in page
    number = self.validate_number(number)
  File "E:\develop\repairmybike\repairmybike_backend\venv\Lib\site-packages\django\core\paginator.py", line 70, in validate_number
    if number > self.num_pages:
                ^^^^^^^^^^^^^^
  File "E:\develop\repairmybike\repairmybike_backend\venv\Lib\site-packages\django\utils\functional.py", line 47, in __get__
    res = instance.__dict__[self.name] = self.func(instance)
                                         ~~~~~~~~~^^^^^^^^^^
  File "E:\develop\repairmybike\repairmybike_backend\venv\Lib\site-packages\django\core\paginator.py", line 116, in num_pages
    if self.count == 0 and not self.allow_empty_first_page:
       ^^^^^^^^^^
  File "E:\develop\repairmybike\repairmybike_backend\venv\Lib\site-packages\django\utils\functional.py", line 47, in __get__
    res = instance.__dict__[self.name] = self.func(instance)
                                         ~~~~~~~~~^^^^^^^^^^
  File "E:\develop\repairmybike\repairmybike_backend\venv\Lib\site-packages\django\core\paginator.py", line 110, in count
    return c()
  File "E:\develop\repairmybike\repairmybike_backend\venv\Lib\site-packages\django\db\models\query.py", line 604, in count
    return self.query.get_count(using=self.db)
           ~~~~~~~~~~~~~~~~~~~~^^^^^^^^^^^^^^^
  File "E:\develop\repairmybike\repairmybike_backend\venv\Lib\site-packages\django\db\models\sql\query.py", line 644, in get_count
    return obj.get_aggregation(using, {"__count": Count("*")})["__count"]
           ~~~~~~~~~~~~~~~~~~~^^^^^^^^^^^^^^^^^^^^^^^^^^^^^^^^
  File "E:\develop\repairmybike\repairmybike_backend\venv\Lib\site-packages\django\db\models\sql\query.py", line 626, in get_aggregation
    result = compiler.execute_sql(SINGLE)
  File "E:\develop\repairmybike\repairmybike_backend\venv\Lib\site-packages\django\db\models\sql\compiler.py", line 1623, in execute_sql
    cursor.execute(sql, params)
    ~~~~~~~~~~~~~~^^^^^^^^^^^^^
  File "E:\develop\repairmybike\repairmybike_backend\venv\Lib\site-packages\django\db\backends\utils.py", line 79, in execute
    return self._execute_with_wrappers(
           ~~~~~~~~~~~~~~~~~~~~~~~~~~~^
        sql, params, many=False, executor=self._execute
        ^^^^^^^^^^^^^^^^^^^^^^^^^^^^^^^^^^^^^^^^^^^^^^^
    )
    ^
  File "E:\develop\repairmybike\repairmybike_backend\venv\Lib\site-packages\django\db\backends\utils.py", line 92, in _execute_with_wrappers
    return executor(sql, params, many, context)
  File "E:\develop\repairmybike\repairmybike_backend\venv\Lib\site-packages\django\db\backends\utils.py", line 100, in _execute
    with self.db.wrap_database_errors:
         ^^^^^^^^^^^^^^^^^^^^^^^^^^^^
  File "E:\develop\repairmybike\repairmybike_backend\venv\Lib\site-packages\django\db\utils.py", line 91, in __exit__
    raise dj_exc_value.with_traceback(traceback) from exc_value
  File "E:\develop\repairmybike\repairmybike_backend\venv\Lib\site-packages\django\db\backends\utils.py", line 105, in _execute
    return self.cursor.execute(sql, params)
           ~~~~~~~~~~~~~~~~~~~^^^^^^^^^^^^^
django.db.utils.ProgrammingError: column bookings.mechanic_id does not exist
LINE 1: ... JOIN "bookings" ON ("authentication_user"."id" = "bookings"...
                                                             ^

WARNING 2026-05-13 11:26:55,536 log 32788 33928 Forbidden: /api/auth/staff/
WARNING 2026-05-13 11:46:57,392 log 44992 15852 Forbidden: /api/auth/customers/
WARNING 2026-05-13 11:47:02,644 log 44992 15852 Forbidden: /api/auth/staff/
INFO 2026-05-13 11:47:40,114 autoreload 42680 37232 E:\develop\repairmybike\repairmybike_backend\bookings\migrations\0004_rename_notes_booking_customer_notes_and_more.py changed, reloading.
INFO 2026-05-13 11:47:41,044 autoreload 8992 12276 Watching for file changes with StatReloader
ERROR 2026-05-13 11:54:10,339 log 27528 35524 Internal Server Error: /api/staff/bookings/1/
Traceback (most recent call last):
  File "E:\develop\repairmybike\repairmybike_backend\venv\Lib\site-packages\django\core\handlers\exception.py", line 55, in inner
    response = get_response(request)
  File "E:\develop\repairmybike\repairmybike_backend\venv\Lib\site-packages\django\core\handlers\base.py", line 197, in _get_response
    response = wrapped_callback(request, *callback_args, **callback_kwargs)
  File "C:\Users\wolf\AppData\Local\Python\pythoncore-3.14-64\Lib\contextlib.py", line 85, in inner
    return func(*args, **kwds)
  File "E:\develop\repairmybike\repairmybike_backend\venv\Lib\site-packages\django\views\decorators\csrf.py", line 65, in _view_wrapper
    return view_func(request, *args, **kwargs)
  File "E:\develop\repairmybike\repairmybike_backend\venv\Lib\site-packages\rest_framework\viewsets.py", line 125, in view
    return self.dispatch(request, *args, **kwargs)
           ~~~~~~~~~~~~~^^^^^^^^^^^^^^^^^^^^^^^^^^
  File "E:\develop\repairmybike\repairmybike_backend\venv\Lib\site-packages\rest_framework\views.py", line 515, in dispatch
    response = self.handle_exception(exc)
  File "E:\develop\repairmybike\repairmybike_backend\venv\Lib\site-packages\rest_framework\views.py", line 475, in handle_exception
    self.raise_uncaught_exception(exc)
    ~~~~~~~~~~~~~~~~~~~~~~~~~~~~~^^^^^
  File "E:\develop\repairmybike\repairmybike_backend\venv\Lib\site-packages\rest_framework\views.py", line 486, in raise_uncaught_exception
    raise exc
  File "E:\develop\repairmybike\repairmybike_backend\venv\Lib\site-packages\rest_framework\views.py", line 512, in dispatch
    response = handler(request, *args, **kwargs)
  File "E:\develop\repairmybike\repairmybike_backend\staff\views.py", line 57, in retrieve
    'data': serializer.data
            ^^^^^^^^^^^^^^^
  File "E:\develop\repairmybike\repairmybike_backend\venv\Lib\site-packages\rest_framework\serializers.py", line 573, in data
    ret = super().data
          ^^^^^^^^^^^^
  File "E:\develop\repairmybike\repairmybike_backend\venv\Lib\site-packages\rest_framework\serializers.py", line 251, in data
    self._data = self.to_representation(self.instance)
                 ~~~~~~~~~~~~~~~~~~~~~~^^^^^^^^^^^^^^^
  File "E:\develop\repairmybike\repairmybike_backend\venv\Lib\site-packages\rest_framework\serializers.py", line 525, in to_representation
    for field in fields:
                 ^^^^^^
  File "E:\develop\repairmybike\repairmybike_backend\venv\Lib\site-packages\rest_framework\serializers.py", line 386, in _readable_fields
    for field in self.fields.values():
                 ^^^^^^^^^^^
  File "E:\develop\repairmybike\repairmybike_backend\venv\Lib\site-packages\django\utils\functional.py", line 47, in __get__
    res = instance.__dict__[self.name] = self.func(instance)
                                         ~~~~~~~~~^^^^^^^^^^
  File "E:\develop\repairmybike\repairmybike_backend\venv\Lib\site-packages\rest_framework\serializers.py", line 374, in fields
    for key, value in self.get_fields().items():
                      ~~~~~~~~~~~~~~~^^
  File "E:\develop\repairmybike\repairmybike_backend\venv\Lib\site-packages\rest_framework\serializers.py", line 1105, in get_fields
    field_class, field_kwargs = self.build_field(
                                ~~~~~~~~~~~~~~~~^
        source, info, model, depth
        ^^^^^^^^^^^^^^^^^^^^^^^^^^
    )
    ^
  File "E:\develop\repairmybike\repairmybike_backend\venv\Lib\site-packages\rest_framework\serializers.py", line 1251, in build_field
    return self.build_unknown_field(field_name, model_class)
           ~~~~~~~~~~~~~~~~~~~~~~~~^^^^^^^^^^^^^^^^^^^^^^^^^
  File "E:\develop\repairmybike\repairmybike_backend\venv\Lib\site-packages\rest_framework\serializers.py", line 1369, in build_unknown_field
    raise ImproperlyConfigured(
    ...<2 lines>...
    )
django.core.exceptions.ImproperlyConfigured: Field name `notes` is not valid for model `Booking` in `bookings.serializers.BookingDetailSerializer`.
WARNING 2026-05-13 11:54:20,487 log 27528 35524 Forbidden: /api/auth/customers/
WARNING 2026-05-13 11:54:25,697 log 27528 35524 Forbidden: /api/auth/staff/
INFO 2026-05-13 11:55:35,138 autoreload 8992 12276 E:\develop\repairmybike\repairmybike_backend\bookings\serializers.py changed, reloading.
INFO 2026-05-13 11:55:36,063 autoreload 30556 6608 Watching for file changes with StatReloader
INFO 2026-05-13 11:55:48,382 autoreload 30556 6608 E:\develop\repairmybike\repairmybike_backend\bookings\serializers.py changed, reloading.
INFO 2026-05-13 11:55:49,268 autoreload 27792 42124 Watching for file changes with StatReloader
INFO 2026-05-13 11:56:57,799 autoreload 27792 42124 E:\develop\repairmybike\repairmybike_backend\authentication\views.py changed, reloading.
INFO 2026-05-13 11:56:58,682 autoreload 34228 26516 Watching for file changes with StatReloader
INFO 2026-05-13 11:57:05,850 autoreload 34228 26516 E:\develop\repairmybike\repairmybike_backend\authentication\views.py changed, reloading.
INFO 2026-05-13 11:57:06,685 autoreload 18452 23012 Watching for file changes with StatReloader
INFO 2026-05-13 11:57:11,693 autoreload 18452 23012 E:\develop\repairmybike\repairmybike_backend\authentication\views.py changed, reloading.
INFO 2026-05-13 11:57:12,551 autoreload 41100 34020 Watching for file changes with StatReloader
INFO 2026-05-13 11:57:21,721 autoreload 41100 34020 E:\develop\repairmybike\repairmybike_backend\authentication\views.py changed, reloading.
INFO 2026-05-13 11:57:22,569 autoreload 23692 33812 Watching for file changes with StatReloader
ERROR 2026-05-13 11:58:02,564 log 39660 18916 Internal Server Error: /api/auth/customers/
Traceback (most recent call last):
  File "E:\develop\repairmybike\repairmybike_backend\venv\Lib\site-packages\django\core\handlers\exception.py", line 55, in inner
    response = get_response(request)
  File "E:\develop\repairmybike\repairmybike_backend\venv\Lib\site-packages\django\core\handlers\base.py", line 197, in _get_response
    response = wrapped_callback(request, *callback_args, **callback_kwargs)
  File "C:\Users\wolf\AppData\Local\Python\pythoncore-3.14-64\Lib\contextlib.py", line 85, in inner
    return func(*args, **kwds)
  File "E:\develop\repairmybike\repairmybike_backend\venv\Lib\site-packages\django\views\decorators\csrf.py", line 65, in _view_wrapper
    return view_func(request, *args, **kwargs)
  File "E:\develop\repairmybike\repairmybike_backend\venv\Lib\site-packages\rest_framework\viewsets.py", line 125, in view
    return self.dispatch(request, *args, **kwargs)
           ~~~~~~~~~~~~~^^^^^^^^^^^^^^^^^^^^^^^^^^
  File "E:\develop\repairmybike\repairmybike_backend\venv\Lib\site-packages\rest_framework\views.py", line 515, in dispatch
    response = self.handle_exception(exc)
  File "E:\develop\repairmybike\repairmybike_backend\venv\Lib\site-packages\rest_framework\views.py", line 475, in handle_exception
    self.raise_uncaught_exception(exc)
    ~~~~~~~~~~~~~~~~~~~~~~~~~~~~~^^^^^
  File "E:\develop\repairmybike\repairmybike_backend\venv\Lib\site-packages\rest_framework\views.py", line 486, in raise_uncaught_exception
    raise exc
  File "E:\develop\repairmybike\repairmybike_backend\venv\Lib\site-packages\rest_framework\views.py", line 512, in dispatch
    response = handler(request, *args, **kwargs)
  File "E:\develop\repairmybike\repairmybike_backend\venv\Lib\site-packages\rest_framework\mixins.py", line 38, in list
    queryset = self.filter_queryset(self.get_queryset())
                                    ~~~~~~~~~~~~~~~~~^^
  File "E:\develop\repairmybike\repairmybike_backend\authentication\views.py", line 64, in get_queryset
    ).annotate(
      ~~~~~~~~^
        total_bookings=Count(
        ^^^^^^^^^^^^^^^^^^^^^
    ...<5 lines>...
        last_visit=Max('customer__bookings__appointment_date', filter=Q(customer__phone=models.F('phone_number')))
        ^^^^^^^^^^^^^^^^^^^^^^^^^^^^^^^^^^^^^^^^^^^^^^^^^^^^^^^^^^^^^^^^^^^^^^^^^^^^^^^^^^^^^^^^^^^^^^^^^^^^^^^^^^
    ).distinct().order_by('-created_at')
    ^
  File "E:\develop\repairmybike\repairmybike_backend\venv\Lib\site-packages\django\db\models\query.py", line 1649, in annotate
    return self._annotate(args, kwargs, select=True)
           ~~~~~~~~~~~~~~^^^^^^^^^^^^^^^^^^^^^^^^^^^
  File "E:\develop\repairmybike\repairmybike_backend\venv\Lib\site-packages\django\db\models\query.py", line 1701, in _annotate
    clone.query.add_annotation(
    ~~~~~~~~~~~~~~~~~~~~~~~~~~^
        annotation,
        ^^^^^^^^^^^
        alias,
        ^^^^^^
        select=select,
        ^^^^^^^^^^^^^^
    )
    ^
  File "E:\develop\repairmybike\repairmybike_backend\venv\Lib\site-packages\django\db\models\sql\query.py", line 1218, in add_annotation
    annotation = annotation.resolve_expression(self, allow_joins=True, reuse=None)
  File "E:\develop\repairmybike\repairmybike_backend\venv\Lib\site-packages\django\db\models\aggregates.py", line 176, in resolve_expression
    result = super().resolve_expression(*args, **kwargs)
  File "E:\develop\repairmybike\repairmybike_backend\venv\Lib\site-packages\django\db\models\aggregates.py", line 63, in resolve_expression
    c = super().resolve_expression(query, allow_joins, reuse, summarize)
  File "E:\develop\repairmybike\repairmybike_backend\venv\Lib\site-packages\django\db\models\expressions.py", line 300, in resolve_expression
    expr.resolve_expression(query, allow_joins, reuse, summarize, for_save)
    ~~~~~~~~~~~~~~~~~~~~~~~^^^^^^^^^^^^^^^^^^^^^^^^^^^^^^^^^^^^^^^^^^^^^^^^
  File "E:\develop\repairmybike\repairmybike_backend\venv\Lib\site-packages\django\db\models\expressions.py", line 902, in resolve_expression
    return query.resolve_ref(self.name, allow_joins, reuse, summarize)
           ~~~~~~~~~~~~~~~~~^^^^^^^^^^^^^^^^^^^^^^^^^^^^^^^^^^^^^^^^^^
  File "E:\develop\repairmybike\repairmybike_backend\venv\Lib\site-packages\django\db\models\sql\query.py", line 2050, in resolve_ref
    join_info = self.setup_joins(
        field_list, self.get_meta(), self.get_initial_alias(), can_reuse=reuse
    )
  File "E:\develop\repairmybike\repairmybike_backend\venv\Lib\site-packages\django\db\models\sql\query.py", line 1901, in setup_joins
    path, final_field, targets, rest = self.names_to_path(
                                       ~~~~~~~~~~~~~~~~~~^
        names[:pivot],
        ^^^^^^^^^^^^^^
    ...<2 lines>...
        fail_on_missing=True,
        ^^^^^^^^^^^^^^^^^^^^^
    )
    ^
  File "E:\develop\repairmybike\repairmybike_backend\venv\Lib\site-packages\django\db\models\sql\query.py", line 1806, in names_to_path
    raise FieldError(
    ...<2 lines>...
    )
django.core.exceptions.FieldError: Cannot resolve keyword 'customer' into field. Choices are: activity_logs, addresses, cart, created_at, date_joined, default_vehicle, default_vehicle_id, descope_user_id, email, first_name, groups, id, internal_notes, is_active, is_phone_verified, is_staff, is_superuser, is_verified, last_login, last_name, logentry, loyalty_points, mechanic_bookings, order, password, phone_number, profile_picture, referral_code, referrals, referred_by, referred_by_id, saved_parts, saved_services, sessions, subscriptions, total_ltv, updated_at, user_permissions, username, vehicles
WARNING 2026-05-13 11:58:07,045 log 39660 18916 Forbidden: /api/auth/customers/
ERROR 2026-05-13 11:58:07,757 log 39660 18916 Internal Server Error: /api/auth/customers/
Traceback (most recent call last):
  File "E:\develop\repairmybike\repairmybike_backend\venv\Lib\site-packages\django\core\handlers\exception.py", line 55, in inner
    response = get_response(request)
  File "E:\develop\repairmybike\repairmybike_backend\venv\Lib\site-packages\django\core\handlers\base.py", line 197, in _get_response
    response = wrapped_callback(request, *callback_args, **callback_kwargs)
  File "C:\Users\wolf\AppData\Local\Python\pythoncore-3.14-64\Lib\contextlib.py", line 85, in inner
    return func(*args, **kwds)
  File "E:\develop\repairmybike\repairmybike_backend\venv\Lib\site-packages\django\views\decorators\csrf.py", line 65, in _view_wrapper
    return view_func(request, *args, **kwargs)
  File "E:\develop\repairmybike\repairmybike_backend\venv\Lib\site-packages\rest_framework\viewsets.py", line 125, in view
    return self.dispatch(request, *args, **kwargs)
           ~~~~~~~~~~~~~^^^^^^^^^^^^^^^^^^^^^^^^^^
  File "E:\develop\repairmybike\repairmybike_backend\venv\Lib\site-packages\rest_framework\views.py", line 515, in dispatch
    response = self.handle_exception(exc)
  File "E:\develop\repairmybike\repairmybike_backend\venv\Lib\site-packages\rest_framework\views.py", line 475, in handle_exception
    self.raise_uncaught_exception(exc)
    ~~~~~~~~~~~~~~~~~~~~~~~~~~~~~^^^^^
  File "E:\develop\repairmybike\repairmybike_backend\venv\Lib\site-packages\rest_framework\views.py", line 486, in raise_uncaught_exception
    raise exc
  File "E:\develop\repairmybike\repairmybike_backend\venv\Lib\site-packages\rest_framework\views.py", line 512, in dispatch
    response = handler(request, *args, **kwargs)
  File "E:\develop\repairmybike\repairmybike_backend\venv\Lib\site-packages\rest_framework\mixins.py", line 38, in list
    queryset = self.filter_queryset(self.get_queryset())
                                    ~~~~~~~~~~~~~~~~~^^
  File "E:\develop\repairmybike\repairmybike_backend\authentication\views.py", line 64, in get_queryset
    ).annotate(
      ~~~~~~~~^
        total_bookings=Count(
        ^^^^^^^^^^^^^^^^^^^^^
    ...<5 lines>...
        last_visit=Max('customer__bookings__appointment_date', filter=Q(customer__phone=models.F('phone_number')))
        ^^^^^^^^^^^^^^^^^^^^^^^^^^^^^^^^^^^^^^^^^^^^^^^^^^^^^^^^^^^^^^^^^^^^^^^^^^^^^^^^^^^^^^^^^^^^^^^^^^^^^^^^^^
    ).distinct().order_by('-created_at')
    ^
  File "E:\develop\repairmybike\repairmybike_backend\venv\Lib\site-packages\django\db\models\query.py", line 1649, in annotate
    return self._annotate(args, kwargs, select=True)
           ~~~~~~~~~~~~~~^^^^^^^^^^^^^^^^^^^^^^^^^^^
  File "E:\develop\repairmybike\repairmybike_backend\venv\Lib\site-packages\django\db\models\query.py", line 1701, in _annotate
    clone.query.add_annotation(
    ~~~~~~~~~~~~~~~~~~~~~~~~~~^
        annotation,
        ^^^^^^^^^^^
        alias,
        ^^^^^^
        select=select,
        ^^^^^^^^^^^^^^
    )
    ^
  File "E:\develop\repairmybike\repairmybike_backend\venv\Lib\site-packages\django\db\models\sql\query.py", line 1218, in add_annotation
    annotation = annotation.resolve_expression(self, allow_joins=True, reuse=None)
  File "E:\develop\repairmybike\repairmybike_backend\venv\Lib\site-packages\django\db\models\aggregates.py", line 176, in resolve_expression
    result = super().resolve_expression(*args, **kwargs)
  File "E:\develop\repairmybike\repairmybike_backend\venv\Lib\site-packages\django\db\models\aggregates.py", line 63, in resolve_expression
    c = super().resolve_expression(query, allow_joins, reuse, summarize)
  File "E:\develop\repairmybike\repairmybike_backend\venv\Lib\site-packages\django\db\models\expressions.py", line 300, in resolve_expression
    expr.resolve_expression(query, allow_joins, reuse, summarize, for_save)
    ~~~~~~~~~~~~~~~~~~~~~~~^^^^^^^^^^^^^^^^^^^^^^^^^^^^^^^^^^^^^^^^^^^^^^^^
  File "E:\develop\repairmybike\repairmybike_backend\venv\Lib\site-packages\django\db\models\expressions.py", line 902, in resolve_expression
    return query.resolve_ref(self.name, allow_joins, reuse, summarize)
           ~~~~~~~~~~~~~~~~~^^^^^^^^^^^^^^^^^^^^^^^^^^^^^^^^^^^^^^^^^^
  File "E:\develop\repairmybike\repairmybike_backend\venv\Lib\site-packages\django\db\models\sql\query.py", line 2050, in resolve_ref
    join_info = self.setup_joins(
        field_list, self.get_meta(), self.get_initial_alias(), can_reuse=reuse
    )
  File "E:\develop\repairmybike\repairmybike_backend\venv\Lib\site-packages\django\db\models\sql\query.py", line 1901, in setup_joins
    path, final_field, targets, rest = self.names_to_path(
                                       ~~~~~~~~~~~~~~~~~~^
        names[:pivot],
        ^^^^^^^^^^^^^^
    ...<2 lines>...
        fail_on_missing=True,
        ^^^^^^^^^^^^^^^^^^^^^
    )
    ^
  File "E:\develop\repairmybike\repairmybike_backend\venv\Lib\site-packages\django\db\models\sql\query.py", line 1806, in names_to_path
    raise FieldError(
    ...<2 lines>...
    )
django.core.exceptions.FieldError: Cannot resolve keyword 'customer' into field. Choices are: activity_logs, addresses, cart, created_at, date_joined, default_vehicle, default_vehicle_id, descope_user_id, email, first_name, groups, id, internal_notes, is_active, is_phone_verified, is_staff, is_superuser, is_verified, last_login, last_name, logentry, loyalty_points, mechanic_bookings, order, password, phone_number, profile_picture, referral_code, referrals, referred_by, referred_by_id, saved_parts, saved_services, sessions, subscriptions, total_ltv, updated_at, user_permissions, username, vehicles
WARNING 2026-05-13 11:58:12,201 log 39660 18916 Forbidden: /api/auth/staff/
INFO 2026-05-13 11:58:40,443 autoreload 23692 33812 E:\develop\repairmybike\repairmybike_backend\authentication\views.py changed, reloading.
INFO 2026-05-13 11:58:41,337 autoreload 50788 44660 Watching for file changes with StatReloader
ERROR 2026-05-13 11:59:26,076 log 1680 29724 Internal Server Error: /api/auth/customers/
Traceback (most recent call last):
  File "E:\develop\repairmybike\repairmybike_backend\venv\Lib\site-packages\django\core\handlers\exception.py", line 55, in inner
    response = get_response(request)
  File "E:\develop\repairmybike\repairmybike_backend\venv\Lib\site-packages\django\core\handlers\base.py", line 197, in _get_response
    response = wrapped_callback(request, *callback_args, **callback_kwargs)
  File "C:\Users\wolf\AppData\Local\Python\pythoncore-3.14-64\Lib\contextlib.py", line 85, in inner
    return func(*args, **kwds)
  File "E:\develop\repairmybike\repairmybike_backend\venv\Lib\site-packages\django\views\decorators\csrf.py", line 65, in _view_wrapper
    return view_func(request, *args, **kwargs)
  File "E:\develop\repairmybike\repairmybike_backend\venv\Lib\site-packages\rest_framework\viewsets.py", line 125, in view
    return self.dispatch(request, *args, **kwargs)
           ~~~~~~~~~~~~~^^^^^^^^^^^^^^^^^^^^^^^^^^
  File "E:\develop\repairmybike\repairmybike_backend\venv\Lib\site-packages\rest_framework\views.py", line 515, in dispatch
    response = self.handle_exception(exc)
  File "E:\develop\repairmybike\repairmybike_backend\venv\Lib\site-packages\rest_framework\views.py", line 475, in handle_exception
    self.raise_uncaught_exception(exc)
    ~~~~~~~~~~~~~~~~~~~~~~~~~~~~~^^^^^
  File "E:\develop\repairmybike\repairmybike_backend\venv\Lib\site-packages\rest_framework\views.py", line 486, in raise_uncaught_exception
    raise exc
  File "E:\develop\repairmybike\repairmybike_backend\venv\Lib\site-packages\rest_framework\views.py", line 512, in dispatch
    response = handler(request, *args, **kwargs)
  File "E:\develop\repairmybike\repairmybike_backend\venv\Lib\site-packages\rest_framework\mixins.py", line 43, in list
    return self.get_paginated_response(serializer.data)
                                       ^^^^^^^^^^^^^^^
  File "E:\develop\repairmybike\repairmybike_backend\venv\Lib\site-packages\rest_framework\serializers.py", line 797, in data
    ret = super().data
          ^^^^^^^^^^^^
  File "E:\develop\repairmybike\repairmybike_backend\venv\Lib\site-packages\rest_framework\serializers.py", line 251, in data
    self._data = self.to_representation(self.instance)
                 ~~~~~~~~~~~~~~~~~~~~~~^^^^^^^^^^^^^^^
  File "E:\develop\repairmybike\repairmybike_backend\venv\Lib\site-packages\rest_framework\serializers.py", line 716, in to_representation
    self.child.to_representation(item) for item in iterable
    ~~~~~~~~~~~~~~~~~~~~~~~~~~~~^^^^^^
  File "E:\develop\repairmybike\repairmybike_backend\venv\Lib\site-packages\rest_framework\serializers.py", line 540, in to_representation
    ret[field.field_name] = field.to_representation(attribute)
                            ~~~~~~~~~~~~~~~~~~~~~~~^^^^^^^^^^^
  File "E:\develop\repairmybike\repairmybike_backend\venv\Lib\site-packages\rest_framework\fields.py", line 1207, in to_representation
    value = self.enforce_timezone(value)
  File "E:\develop\repairmybike\repairmybike_backend\venv\Lib\site-packages\rest_framework\fields.py", line 1153, in enforce_timezone
    if timezone.is_aware(value):
       ~~~~~~~~~~~~~~~~~^^^^^^^
  File "E:\develop\repairmybike\repairmybike_backend\venv\Lib\site-packages\django\utils\timezone.py", line 221, in is_aware
    return value.utcoffset() is not None
           ^^^^^^^^^^^^^^^
AttributeError: 'datetime.date' object has no attribute 'utcoffset'
INFO 2026-05-13 11:59:53,068 autoreload 50788 44660 E:\develop\repairmybike\repairmybike_backend\authentication\serializers.py changed, reloading.
INFO 2026-05-13 11:59:53,944 autoreload 25760 46820 Watching for file changes with StatReloader
WARNING 2026-05-13 12:02:24,990 log 12624 11164 Forbidden: /api/auth/customers/
WARNING 2026-05-13 12:02:30,410 log 12624 11164 Forbidden: /api/auth/staff/
INFO 2026-05-13 12:03:20,773 autoreload 25760 46820 E:\develop\repairmybike\repairmybike_backend\bookings\serializers.py changed, reloading.
INFO 2026-05-13 12:03:21,657 autoreload 22404 18524 Watching for file changes with StatReloader
ERROR 2026-05-13 12:29:16,277 log 11996 46492 Internal Server Error: /api/staff/bookings/8/
Traceback (most recent call last):
  File "E:\develop\repairmybike\repairmybike_backend\venv\Lib\site-packages\django\core\handlers\exception.py", line 55, in inner
    response = get_response(request)
  File "E:\develop\repairmybike\repairmybike_backend\venv\Lib\site-packages\django\core\handlers\base.py", line 197, in _get_response
    response = wrapped_callback(request, *callback_args, **callback_kwargs)
  File "C:\Users\wolf\AppData\Local\Python\pythoncore-3.14-64\Lib\contextlib.py", line 85, in inner
    return func(*args, **kwds)
  File "E:\develop\repairmybike\repairmybike_backend\venv\Lib\site-packages\django\views\decorators\csrf.py", line 65, in _view_wrapper
    return view_func(request, *args, **kwargs)
  File "E:\develop\repairmybike\repairmybike_backend\venv\Lib\site-packages\rest_framework\viewsets.py", line 125, in view
    return self.dispatch(request, *args, **kwargs)
           ~~~~~~~~~~~~~^^^^^^^^^^^^^^^^^^^^^^^^^^
  File "E:\develop\repairmybike\repairmybike_backend\venv\Lib\site-packages\rest_framework\views.py", line 515, in dispatch
    response = self.handle_exception(exc)
  File "E:\develop\repairmybike\repairmybike_backend\venv\Lib\site-packages\rest_framework\views.py", line 475, in handle_exception
    self.raise_uncaught_exception(exc)
    ~~~~~~~~~~~~~~~~~~~~~~~~~~~~~^^^^^
  File "E:\develop\repairmybike\repairmybike_backend\venv\Lib\site-packages\rest_framework\views.py", line 486, in raise_uncaught_exception
    raise exc
  File "E:\develop\repairmybike\repairmybike_backend\venv\Lib\site-packages\rest_framework\views.py", line 512, in dispatch
    response = handler(request, *args, **kwargs)
  File "e:\develop\repairmybike\repairmybike_backend\staff\views.py", line 57, in retrieve
    'data': serializer.data
            ^^^^^^^^^^^^^^^
  File "E:\develop\repairmybike\repairmybike_backend\venv\Lib\site-packages\rest_framework\serializers.py", line 573, in data
    ret = super().data
          ^^^^^^^^^^^^
  File "E:\develop\repairmybike\repairmybike_backend\venv\Lib\site-packages\rest_framework\serializers.py", line 251, in data
    self._data = self.to_representation(self.instance)
                 ~~~~~~~~~~~~~~~~~~~~~~^^^^^^^^^^^^^^^
  File "E:\develop\repairmybike\repairmybike_backend\venv\Lib\site-packages\rest_framework\serializers.py", line 525, in to_representation
    for field in fields:
                 ^^^^^^
  File "E:\develop\repairmybike\repairmybike_backend\venv\Lib\site-packages\rest_framework\serializers.py", line 386, in _readable_fields
    for field in self.fields.values():
                 ^^^^^^^^^^^
  File "E:\develop\repairmybike\repairmybike_backend\venv\Lib\site-packages\django\utils\functional.py", line 47, in __get__
    res = instance.__dict__[self.name] = self.func(instance)
                                         ~~~~~~~~~^^^^^^^^^^
  File "E:\develop\repairmybike\repairmybike_backend\venv\Lib\site-packages\rest_framework\serializers.py", line 375, in fields
    fields[key] = value
    ~~~~~~^^^^^
  File "E:\develop\repairmybike\repairmybike_backend\venv\Lib\site-packages\rest_framework\utils\serializer_helpers.py", line 165, in __setitem__
    field.bind(field_name=key, parent=self.serializer)
    ~~~~~~~~~~^^^^^^^^^^^^^^^^^^^^^^^^^^^^^^^^^^^^^^^^
  File "E:\develop\repairmybike\repairmybike_backend\venv\Lib\site-packages\rest_framework\fields.py", line 358, in bind
    assert self.source != field_name, (
           ^^^^^^^^^^^^^^^^^^^^^^^^^
AssertionError: It is redundant to specify `source='mechanic_id'` on field 'IntegerField' in serializer 'BookingDetailSerializer', because it is the same as the field name. Remove the `source` keyword argument.
WARNING 2026-05-13 12:29:26,828 log 11996 46492 Forbidden: /api/auth/customers/
WARNING 2026-05-13 12:29:32,692 log 11996 46492 Forbidden: /api/auth/staff/
ERROR 2026-05-13 12:33:35,518 log 31372 34324 Internal Server Error: /api/staff/bookings/10/
Traceback (most recent call last):
  File "E:\develop\repairmybike\repairmybike_backend\venv\Lib\site-packages\django\core\handlers\exception.py", line 55, in inner
    response = get_response(request)
  File "E:\develop\repairmybike\repairmybike_backend\venv\Lib\site-packages\django\core\handlers\base.py", line 197, in _get_response
    response = wrapped_callback(request, *callback_args, **callback_kwargs)
  File "C:\Users\wolf\AppData\Local\Python\pythoncore-3.14-64\Lib\contextlib.py", line 85, in inner
    return func(*args, **kwds)
  File "E:\develop\repairmybike\repairmybike_backend\venv\Lib\site-packages\django\views\decorators\csrf.py", line 65, in _view_wrapper
    return view_func(request, *args, **kwargs)
  File "E:\develop\repairmybike\repairmybike_backend\venv\Lib\site-packages\rest_framework\viewsets.py", line 125, in view
    return self.dispatch(request, *args, **kwargs)
           ~~~~~~~~~~~~~^^^^^^^^^^^^^^^^^^^^^^^^^^
  File "E:\develop\repairmybike\repairmybike_backend\venv\Lib\site-packages\rest_framework\views.py", line 515, in dispatch
    response = self.handle_exception(exc)
  File "E:\develop\repairmybike\repairmybike_backend\venv\Lib\site-packages\rest_framework\views.py", line 475, in handle_exception
    self.raise_uncaught_exception(exc)
    ~~~~~~~~~~~~~~~~~~~~~~~~~~~~~^^^^^
  File "E:\develop\repairmybike\repairmybike_backend\venv\Lib\site-packages\rest_framework\views.py", line 486, in raise_uncaught_exception
    raise exc
  File "E:\develop\repairmybike\repairmybike_backend\venv\Lib\site-packages\rest_framework\views.py", line 512, in dispatch
    response = handler(request, *args, **kwargs)
  File "E:\develop\repairmybike\repairmybike_backend\staff\views.py", line 57, in retrieve
    'data': serializer.data
            ^^^^^^^^^^^^^^^
  File "E:\develop\repairmybike\repairmybike_backend\venv\Lib\site-packages\rest_framework\serializers.py", line 573, in data
    ret = super().data
          ^^^^^^^^^^^^
  File "E:\develop\repairmybike\repairmybike_backend\venv\Lib\site-packages\rest_framework\serializers.py", line 251, in data
    self._data = self.to_representation(self.instance)
                 ~~~~~~~~~~~~~~~~~~~~~~^^^^^^^^^^^^^^^
  File "E:\develop\repairmybike\repairmybike_backend\venv\Lib\site-packages\rest_framework\serializers.py", line 525, in to_representation
    for field in fields:
                 ^^^^^^
  File "E:\develop\repairmybike\repairmybike_backend\venv\Lib\site-packages\rest_framework\serializers.py", line 386, in _readable_fields
    for field in self.fields.values():
                 ^^^^^^^^^^^
  File "E:\develop\repairmybike\repairmybike_backend\venv\Lib\site-packages\django\utils\functional.py", line 47, in __get__
    res = instance.__dict__[self.name] = self.func(instance)
                                         ~~~~~~~~~^^^^^^^^^^
  File "E:\develop\repairmybike\repairmybike_backend\venv\Lib\site-packages\rest_framework\serializers.py", line 375, in fields
    fields[key] = value
    ~~~~~~^^^^^
  File "E:\develop\repairmybike\repairmybike_backend\venv\Lib\site-packages\rest_framework\utils\serializer_helpers.py", line 165, in __setitem__
    field.bind(field_name=key, parent=self.serializer)
    ~~~~~~~~~~^^^^^^^^^^^^^^^^^^^^^^^^^^^^^^^^^^^^^^^^
  File "E:\develop\repairmybike\repairmybike_backend\venv\Lib\site-packages\rest_framework\fields.py", line 358, in bind
    assert self.source != field_name, (
           ^^^^^^^^^^^^^^^^^^^^^^^^^
AssertionError: It is redundant to specify `source='mechanic_id'` on field 'IntegerField' in serializer 'BookingDetailSerializer', because it is the same as the field name. Remove the `source` keyword argument.
WARNING 2026-05-13 12:33:46,570 log 31372 34324 Forbidden: /api/auth/customers/
WARNING 2026-05-13 12:33:52,498 log 31372 34324 Forbidden: /api/auth/staff/
ERROR 2026-05-14 10:44:20,883 log 22988 37540 Internal Server Error: /api/staff/bookings/12/
Traceback (most recent call last):
  File "E:\develop\repairmybike\repairmybike_backend\venv\Lib\site-packages\django\core\handlers\exception.py", line 55, in inner
    response = get_response(request)
  File "E:\develop\repairmybike\repairmybike_backend\venv\Lib\site-packages\django\core\handlers\base.py", line 197, in _get_response
    response = wrapped_callback(request, *callback_args, **callback_kwargs)
  File "C:\Users\wolf\AppData\Local\Python\pythoncore-3.14-64\Lib\contextlib.py", line 85, in inner
    return func(*args, **kwds)
  File "E:\develop\repairmybike\repairmybike_backend\venv\Lib\site-packages\django\views\decorators\csrf.py", line 65, in _view_wrapper
    return view_func(request, *args, **kwargs)
  File "E:\develop\repairmybike\repairmybike_backend\venv\Lib\site-packages\rest_framework\viewsets.py", line 125, in view
    return self.dispatch(request, *args, **kwargs)
           ~~~~~~~~~~~~~^^^^^^^^^^^^^^^^^^^^^^^^^^
  File "E:\develop\repairmybike\repairmybike_backend\venv\Lib\site-packages\rest_framework\views.py", line 515, in dispatch
    response = self.handle_exception(exc)
  File "E:\develop\repairmybike\repairmybike_backend\venv\Lib\site-packages\rest_framework\views.py", line 475, in handle_exception
    self.raise_uncaught_exception(exc)
    ~~~~~~~~~~~~~~~~~~~~~~~~~~~~~^^^^^
  File "E:\develop\repairmybike\repairmybike_backend\venv\Lib\site-packages\rest_framework\views.py", line 486, in raise_uncaught_exception
    raise exc
  File "E:\develop\repairmybike\repairmybike_backend\venv\Lib\site-packages\rest_framework\views.py", line 512, in dispatch
    response = handler(request, *args, **kwargs)
  File "E:\develop\repairmybike\repairmybike_backend\staff\views.py", line 57, in retrieve
    'data': serializer.data
            ^^^^^^^^^^^^^^^
  File "E:\develop\repairmybike\repairmybike_backend\venv\Lib\site-packages\rest_framework\serializers.py", line 573, in data
    ret = super().data
          ^^^^^^^^^^^^
  File "E:\develop\repairmybike\repairmybike_backend\venv\Lib\site-packages\rest_framework\serializers.py", line 251, in data
    self._data = self.to_representation(self.instance)
                 ~~~~~~~~~~~~~~~~~~~~~~^^^^^^^^^^^^^^^
  File "E:\develop\repairmybike\repairmybike_backend\venv\Lib\site-packages\rest_framework\serializers.py", line 525, in to_representation
    for field in fields:
                 ^^^^^^
  File "E:\develop\repairmybike\repairmybike_backend\venv\Lib\site-packages\rest_framework\serializers.py", line 386, in _readable_fields
    for field in self.fields.values():
                 ^^^^^^^^^^^
  File "E:\develop\repairmybike\repairmybike_backend\venv\Lib\site-packages\django\utils\functional.py", line 47, in __get__
    res = instance.__dict__[self.name] = self.func(instance)
                                         ~~~~~~~~~^^^^^^^^^^
  File "E:\develop\repairmybike\repairmybike_backend\venv\Lib\site-packages\rest_framework\serializers.py", line 375, in fields
    fields[key] = value
    ~~~~~~^^^^^
  File "E:\develop\repairmybike\repairmybike_backend\venv\Lib\site-packages\rest_framework\utils\serializer_helpers.py", line 165, in __setitem__
    field.bind(field_name=key, parent=self.serializer)
    ~~~~~~~~~~^^^^^^^^^^^^^^^^^^^^^^^^^^^^^^^^^^^^^^^^
  File "E:\develop\repairmybike\repairmybike_backend\venv\Lib\site-packages\rest_framework\fields.py", line 358, in bind
    assert self.source != field_name, (
           ^^^^^^^^^^^^^^^^^^^^^^^^^
AssertionError: It is redundant to specify `source='mechanic_id'` on field 'IntegerField' in serializer 'BookingDetailSerializer', because it is the same as the field name. Remove the `source` keyword argument.
WARNING 2026-05-14 10:44:33,557 log 22988 37540 Forbidden: /api/auth/customers/
WARNING 2026-05-14 10:44:40,160 log 22988 37540 Forbidden: /api/auth/staff/
WARNING 2026-05-14 10:52:28,622 log 24988 24648 Forbidden: /api/auth/customers/
WARNING 2026-05-14 10:52:35,935 log 24988 24648 Forbidden: /api/auth/staff/
WARNING 2026-05-14 10:54:59,938 log 7600 18248 Forbidden: /api/auth/customers/
WARNING 2026-05-14 10:55:06,897 log 7600 18248 Forbidden: /api/auth/staff/
WARNING 2026-05-14 10:57:52,570 log 1200 41044 Forbidden: /api/auth/customers/
WARNING 2026-05-14 10:57:59,244 log 1200 41044 Forbidden: /api/auth/staff/
WARNING 2026-05-14 11:01:20,528 log 26636 9748 Forbidden: /api/auth/customers/
WARNING 2026-05-14 11:01:27,792 log 26636 9748 Forbidden: /api/auth/staff/
WARNING 2026-05-14 11:22:03,720 log 37692 40724 Forbidden: /api/auth/customers/
WARNING 2026-05-14 11:22:10,043 log 37692 40724 Forbidden: /api/auth/staff/
WARNING 2026-05-14 12:02:46,147 log 30384 21492 Unsupported Media Type: /api/staff/bookings/24/add-part/
WARNING 2026-05-14 12:03:00,927 log 30384 21492 Unsupported Media Type: /api/staff/bookings/26/update-status/
WARNING 2026-05-14 12:03:15,130 log 30384 21492 Unsupported Media Type: /api/staff/bookings/28/remove-part/
WARNING 2026-05-14 12:14:41,048 log 50852 41316 Forbidden: /api/staff/logs/
WARNING 2026-05-14 12:28:24,162 log 16300 35836 Bad Request: /api/auth/customers/bulk-action/
WARNING 2026-05-14 12:28:29,015 log 16300 35836 Forbidden: /api/auth/customers/bulk-action/
WARNING 2026-05-14 12:29:38,627 log 23388 2604 Bad Request: /api/auth/customers/bulk-action/
WARNING 2026-05-14 12:29:43,427 log 23388 2604 Forbidden: /api/auth/customers/bulk-action/
WARNING 2026-05-14 12:30:30,946 log 14832 10156 Bad Request: /api/auth/customers/bulk-action/
WARNING 2026-05-14 12:30:35,605 log 14832 10156 Forbidden: /api/auth/customers/bulk-action/
ERROR 2026-05-14 12:31:24,354 log 47632 20336 Internal Server Error: /api/staff/bookings/bulk-update-status/
Traceback (most recent call last):
  File "E:\develop\repairmybike\repairmybike_backend\venv\Lib\site-packages\django\db\backends\utils.py", line 105, in _execute
    return self.cursor.execute(sql, params)
           ~~~~~~~~~~~~~~~~~~~^^^^^^^^^^^^^
psycopg2.errors.StringDataRightTruncation: value too long for type character varying(20)


The above exception was the direct cause of the following exception:

Traceback (most recent call last):
  File "E:\develop\repairmybike\repairmybike_backend\venv\Lib\site-packages\django\core\handlers\exception.py", line 55, in inner
    response = get_response(request)
  File "E:\develop\repairmybike\repairmybike_backend\venv\Lib\site-packages\django\core\handlers\base.py", line 197, in _get_response
    response = wrapped_callback(request, *callback_args, **callback_kwargs)
  File "C:\Users\wolf\AppData\Local\Python\pythoncore-3.14-64\Lib\contextlib.py", line 85, in inner
    return func(*args, **kwds)
  File "E:\develop\repairmybike\repairmybike_backend\venv\Lib\site-packages\django\views\decorators\csrf.py", line 65, in _view_wrapper
    return view_func(request, *args, **kwargs)
  File "E:\develop\repairmybike\repairmybike_backend\venv\Lib\site-packages\rest_framework\viewsets.py", line 125, in view
    return self.dispatch(request, *args, **kwargs)
           ~~~~~~~~~~~~~^^^^^^^^^^^^^^^^^^^^^^^^^^
  File "E:\develop\repairmybike\repairmybike_backend\venv\Lib\site-packages\rest_framework\views.py", line 515, in dispatch
    response = self.handle_exception(exc)
  File "E:\develop\repairmybike\repairmybike_backend\venv\Lib\site-packages\rest_framework\views.py", line 475, in handle_exception
    self.raise_uncaught_exception(exc)
    ~~~~~~~~~~~~~~~~~~~~~~~~~~~~~^^^^^
  File "E:\develop\repairmybike\repairmybike_backend\venv\Lib\site-packages\rest_framework\views.py", line 486, in raise_uncaught_exception
    raise exc
  File "E:\develop\repairmybike\repairmybike_backend\venv\Lib\site-packages\rest_framework\views.py", line 512, in dispatch
    response = handler(request, *args, **kwargs)
  File "E:\develop\repairmybike\repairmybike_backend\staff\views.py", line 195, in bulk_update_status
    ActivityLog.objects.create(
    ~~~~~~~~~~~~~~~~~~~~~~~~~~^
        user=request.user,
        ^^^^^^^^^^^^^^^^^^
    ...<8 lines>...
        }
        ^
    )
    ^
  File "E:\develop\repairmybike\repairmybike_backend\venv\Lib\site-packages\django\db\models\manager.py", line 87, in manager_method
    return getattr(self.get_queryset(), name)(*args, **kwargs)
           ~~~~~~~~~~~~~~~~~~~~~~~~~~~~~~~~~~^^^^^^^^^^^^^^^^^
  File "E:\develop\repairmybike\repairmybike_backend\venv\Lib\site-packages\django\db\models\query.py", line 663, in create
    obj.save(force_insert=True, using=self.db)
    ~~~~~~~~^^^^^^^^^^^^^^^^^^^^^^^^^^^^^^^^^^
  File "E:\develop\repairmybike\repairmybike_backend\venv\Lib\site-packages\django\db\models\base.py", line 902, in save
    self.save_base(
    ~~~~~~~~~~~~~~^
        using=using,
        ^^^^^^^^^^^^
    ...<2 lines>...
        update_fields=update_fields,
        ^^^^^^^^^^^^^^^^^^^^^^^^^^^^
    )
    ^
  File "E:\develop\repairmybike\repairmybike_backend\venv\Lib\site-packages\django\db\models\base.py", line 1008, in save_base
    updated = self._save_table(
        raw,
    ...<4 lines>...
        update_fields,
    )
  File "E:\develop\repairmybike\repairmybike_backend\venv\Lib\site-packages\django\db\models\base.py", line 1169, in _save_table
    results = self._do_insert(
        cls._base_manager, using, fields, returning_fields, raw
    )
  File "E:\develop\repairmybike\repairmybike_backend\venv\Lib\site-packages\django\db\models\base.py", line 1210, in _do_insert
    return manager._insert(
           ~~~~~~~~~~~~~~~^
        [self],
        ^^^^^^^
    ...<3 lines>...
        raw=raw,
        ^^^^^^^^
    )
    ^
  File "E:\develop\repairmybike\repairmybike_backend\venv\Lib\site-packages\django\db\models\manager.py", line 87, in manager_method
    return getattr(self.get_queryset(), name)(*args, **kwargs)
           ~~~~~~~~~~~~~~~~~~~~~~~~~~~~~~~~~~^^^^^^^^^^^^^^^^^
  File "E:\develop\repairmybike\repairmybike_backend\venv\Lib\site-packages\django\db\models\query.py", line 1868, in _insert
    return query.get_compiler(using=using).execute_sql(returning_fields)
           ~~~~~~~~~~~~~~~~~~~~~~~~~~~~~~~~~~~~~~~~~~~^^^^^^^^^^^^^^^^^^
  File "E:\develop\repairmybike\repairmybike_backend\venv\Lib\site-packages\django\db\models\sql\compiler.py", line 1882, in execute_sql
    cursor.execute(sql, params)
    ~~~~~~~~~~~~~~^^^^^^^^^^^^^
  File "E:\develop\repairmybike\repairmybike_backend\venv\Lib\site-packages\django\db\backends\utils.py", line 79, in execute
    return self._execute_with_wrappers(
           ~~~~~~~~~~~~~~~~~~~~~~~~~~~^
        sql, params, many=False, executor=self._execute
        ^^^^^^^^^^^^^^^^^^^^^^^^^^^^^^^^^^^^^^^^^^^^^^^
    )
    ^
  File "E:\develop\repairmybike\repairmybike_backend\venv\Lib\site-packages\django\db\backends\utils.py", line 92, in _execute_with_wrappers
    return executor(sql, params, many, context)
  File "E:\develop\repairmybike\repairmybike_backend\venv\Lib\site-packages\django\db\backends\utils.py", line 100, in _execute
    with self.db.wrap_database_errors:
         ^^^^^^^^^^^^^^^^^^^^^^^^^^^^
  File "E:\develop\repairmybike\repairmybike_backend\venv\Lib\site-packages\django\db\utils.py", line 91, in __exit__
    raise dj_exc_value.with_traceback(traceback) from exc_value
  File "E:\develop\repairmybike\repairmybike_backend\venv\Lib\site-packages\django\db\backends\utils.py", line 105, in _execute
    return self.cursor.execute(sql, params)
           ~~~~~~~~~~~~~~~~~~~^^^^^^^^^^^^^
django.db.utils.DataError: value too long for type character varying(20)

WARNING 2026-05-14 12:31:29,566 log 47632 20336 Bad Request: /api/auth/customers/bulk-action/
WARNING 2026-05-14 12:31:34,234 log 47632 20336 Forbidden: /api/auth/customers/bulk-action/
WARNING 2026-05-14 12:32:39,951 log 47952 51868 Bad Request: /api/auth/customers/bulk-action/
WARNING 2026-05-14 12:32:44,442 log 47952 51868 Forbidden: /api/auth/customers/bulk-action/
WARNING 2026-05-14 12:33:50,047 log 25420 6280 Bad Request: /api/auth/customers/bulk-action/
WARNING 2026-05-14 12:33:54,530 log 25420 6280 Forbidden: /api/auth/customers/bulk-action/
ERROR 2026-05-14 12:50:35,306 log 26996 44164 Internal Server Error: /api/staff/bookings/bulk-update-status/
Traceback (most recent call last):
  File "E:\develop\repairmybike\repairmybike_backend\venv\Lib\site-packages\django\db\backends\utils.py", line 103, in _execute
    return self.cursor.execute(sql)
           ~~~~~~~~~~~~~~~~~~~^^^^^
psycopg2.OperationalError: server closed the connection unexpectedly
	This probably means the server terminated abnormally
	before or while processing the request.
server closed the connection unexpectedly
	This probably means the server terminated abnormally
	before or while processing the request.


The above exception was the direct cause of the following exception:

Traceback (most recent call last):
  File "E:\develop\repairmybike\repairmybike_backend\venv\Lib\site-packages\django\core\handlers\exception.py", line 55, in inner
    response = get_response(request)
  File "E:\develop\repairmybike\repairmybike_backend\venv\Lib\site-packages\django\core\handlers\base.py", line 197, in _get_response
    response = wrapped_callback(request, *callback_args, **callback_kwargs)
  File "C:\Users\wolf\AppData\Local\Python\pythoncore-3.14-64\Lib\contextlib.py", line 84, in inner
    with self._recreate_cm():
         ~~~~~~~~~~~~~~~~~^^
  File "E:\develop\repairmybike\repairmybike_backend\venv\Lib\site-packages\django\db\transaction.py", line 211, in __enter__
    sid = connection.savepoint()
  File "E:\develop\repairmybike\repairmybike_backend\venv\Lib\site-packages\django\utils\asyncio.py", line 26, in inner
    return func(*args, **kwargs)
  File "E:\develop\repairmybike\repairmybike_backend\venv\Lib\site-packages\django\db\backends\base\base.py", line 400, in savepoint
    self._savepoint(sid)
    ~~~~~~~~~~~~~~~^^^^^
  File "E:\develop\repairmybike\repairmybike_backend\venv\Lib\site-packages\django\db\backends\base\base.py", line 367, in _savepoint
    cursor.execute(self.ops.savepoint_create_sql(sid))
    ~~~~~~~~~~~~~~^^^^^^^^^^^^^^^^^^^^^^^^^^^^^^^^^^^^
  File "E:\develop\repairmybike\repairmybike_backend\venv\Lib\site-packages\django\db\backends\utils.py", line 79, in execute
    return self._execute_with_wrappers(
           ~~~~~~~~~~~~~~~~~~~~~~~~~~~^
        sql, params, many=False, executor=self._execute
        ^^^^^^^^^^^^^^^^^^^^^^^^^^^^^^^^^^^^^^^^^^^^^^^
    )
    ^
  File "E:\develop\repairmybike\repairmybike_backend\venv\Lib\site-packages\django\db\backends\utils.py", line 92, in _execute_with_wrappers
    return executor(sql, params, many, context)
  File "E:\develop\repairmybike\repairmybike_backend\venv\Lib\site-packages\django\db\backends\utils.py", line 100, in _execute
    with self.db.wrap_database_errors:
         ^^^^^^^^^^^^^^^^^^^^^^^^^^^^
  File "E:\develop\repairmybike\repairmybike_backend\venv\Lib\site-packages\django\db\utils.py", line 91, in __exit__
    raise dj_exc_value.with_traceback(traceback) from exc_value
  File "E:\develop\repairmybike\repairmybike_backend\venv\Lib\site-packages\django\db\backends\utils.py", line 103, in _execute
    return self.cursor.execute(sql)
           ~~~~~~~~~~~~~~~~~~~^^^^^
django.db.utils.OperationalError: server closed the connection unexpectedly
	This probably means the server terminated abnormally
	before or while processing the request.
server closed the connection unexpectedly
	This probably means the server terminated abnormally
	before or while processing the request.

INFO 2026-05-16 10:10:58,569 autoreload 44164 33972 Watching for file changes with StatReloader
INFO 2026-05-16 10:13:45,808 autoreload 42524 41500 Watching for file changes with StatReloader
INFO 2026-05-16 10:16:21,050 autoreload 25852 15444 Watching for file changes with StatReloader
WARNING 2026-05-16 10:16:29,326 log 42524 18504 Not Found: /
WARNING 2026-05-16 10:16:29,329 basehttp 42524 18504 "GET / HTTP/1.1" 404 4077
WARNING 2026-05-16 10:16:29,473 log 42524 18504 Not Found: /favicon.ico
WARNING 2026-05-16 10:16:29,473 basehttp 42524 18504 "GET /favicon.ico HTTP/1.1" 404 4128
WARNING 2026-05-16 10:17:20,839 log 42524 31560 Not Found: /
WARNING 2026-05-16 10:17:20,840 basehttp 42524 31560 "GET / HTTP/1.1" 404 4077
WARNING 2026-05-16 10:17:21,027 log 42524 31560 Not Found: /favicon.ico
WARNING 2026-05-16 10:17:21,028 basehttp 42524 31560 "GET /favicon.ico HTTP/1.1" 404 4128
INFO 2026-05-16 10:17:33,787 basehttp 42524 31560 "GET /api/staff HTTP/1.1" 301 0
INFO 2026-05-16 10:17:35,935 basehttp 42524 4216 "GET /api/staff/ HTTP/1.1" 200 235
WARNING 2026-05-16 10:17:52,835 log 42524 4216 Forbidden: /api/staff/bookings/
WARNING 2026-05-16 10:17:52,836 basehttp 42524 4216 "GET /api/staff/bookings/ HTTP/1.1" 403 58
INFO 2026-05-16 10:18:01,081 basehttp 42524 4216 "GET /admin/ HTTP/1.1" 302 0
INFO 2026-05-16 10:18:01,473 basehttp 42524 4216 "GET /admin/login/?next=/admin/ HTTP/1.1" 200 4177
INFO 2026-05-16 10:18:01,633 basehttp 42524 3588 "GET /static/admin/css/dark_mode.css HTTP/1.1" 200 2808
INFO 2026-05-16 10:18:01,637 basehttp 42524 4216 "GET /static/admin/css/base.css HTTP/1.1" 200 22120
INFO 2026-05-16 10:18:01,638 basehttp 42524 14980 "GET /static/admin/css/login.css HTTP/1.1" 200 951
INFO 2026-05-16 10:18:01,639 basehttp 42524 1116 "GET /static/admin/css/responsive.css HTTP/1.1" 200 16565
INFO 2026-05-16 10:18:01,640 basehttp 42524 39344 "GET /static/admin/css/nav_sidebar.css HTTP/1.1" 200 2810
INFO 2026-05-16 10:18:01,644 basehttp 42524 19188 "GET /static/admin/js/theme.js HTTP/1.1" 200 1653
INFO 2026-05-16 10:18:01,661 basehttp 42524 39344 "GET /static/admin/js/nav_sidebar.js HTTP/1.1" 200 3063
INFO 2026-05-16 10:19:49,777 basehttp 42524 39344 - Broken pipe from ('127.0.0.1', 57532)
INFO 2026-05-16 10:19:54,660 basehttp 42524 19188 "POST /admin/login/?next=/admin/ HTTP/1.1" 302 0
INFO 2026-05-16 10:19:56,150 basehttp 42524 19188 "GET /admin/ HTTP/1.1" 200 26862
INFO 2026-05-16 10:19:56,184 basehttp 42524 19188 "GET /static/admin/css/dashboard.css HTTP/1.1" 200 441
INFO 2026-05-16 10:19:56,219 basehttp 42524 19188 "GET /static/admin/img/icon-addlink.svg HTTP/1.1" 200 331
INFO 2026-05-16 10:19:56,219 basehttp 42524 1116 "GET /static/admin/img/icon-changelink.svg HTTP/1.1" 200 380
INFO 2026-05-16 10:21:01,879 basehttp 42524 1116 - Broken pipe from ('127.0.0.1', 65017)
INFO 2026-05-16 10:21:10,598 basehttp 42524 19188 "GET /api/bookings/ HTTP/1.1" 200 59
WARNING 2026-05-16 10:21:21,948 log 42524 19188 Forbidden: /api/bookings/bookings/
WARNING 2026-05-16 10:21:21,948 basehttp 42524 19188 "GET /api/bookings/bookings/ HTTP/1.1" 403 58
INFO 2026-05-16 10:26:34,205 autoreload 25852 15444 E:\develop\repairmybike\repairmybike_backend\repairmybike\urls.py changed, reloading.
INFO 2026-05-16 10:26:34,268 autoreload 42524 41500 E:\develop\repairmybike\repairmybike_backend\repairmybike\urls.py changed, reloading.
INFO 2026-05-16 10:26:36,204 autoreload 47628 12928 Watching for file changes with StatReloader
INFO 2026-05-16 10:26:36,277 autoreload 13792 17620 Watching for file changes with StatReloader
INFO 2026-05-16 10:28:00,437 autoreload 47628 12928 E:\develop\repairmybike\repairmybike_backend\repairmybike\urls.py changed, reloading.
INFO 2026-05-16 10:28:00,633 autoreload 13792 17620 E:\develop\repairmybike\repairmybike_backend\repairmybike\urls.py changed, reloading.
INFO 2026-05-16 10:28:01,614 autoreload 12908 30000 Watching for file changes with StatReloader
INFO 2026-05-16 10:28:01,873 autoreload 30232 22544 Watching for file changes with StatReloader
INFO 2026-05-16 10:28:50,211 autoreload 30232 22544 E:\develop\repairmybike\repairmybike_backend\repairmybike\urls.py changed, reloading.
INFO 2026-05-16 10:28:50,925 autoreload 12908 30000 E:\develop\repairmybike\repairmybike_backend\repairmybike\urls.py changed, reloading.
INFO 2026-05-16 10:28:51,156 autoreload 37828 45448 Watching for file changes with StatReloader
INFO 2026-05-16 10:28:51,872 autoreload 15424 44120 Watching for file changes with StatReloader
INFO 2026-05-16 10:29:32,607 autoreload 15424 44120 E:\develop\repairmybike\repairmybike_backend\repairmybike\urls.py changed, reloading.
INFO 2026-05-16 10:29:33,165 autoreload 37828 45448 E:\develop\repairmybike\repairmybike_backend\repairmybike\urls.py changed, reloading.
INFO 2026-05-16 10:29:33,622 autoreload 51660 30676 Watching for file changes with StatReloader
INFO 2026-05-16 10:29:34,156 autoreload 20624 37416 Watching for file changes with StatReloader
INFO 2026-05-16 10:30:11,946 autoreload 20624 37416 E:\develop\repairmybike\repairmybike_backend\bookings\urls.py changed, reloading.
INFO 2026-05-16 10:30:12,286 autoreload 51660 30676 E:\develop\repairmybike\repairmybike_backend\bookings\urls.py changed, reloading.
INFO 2026-05-16 10:30:12,863 autoreload 24720 24680 Watching for file changes with StatReloader
INFO 2026-05-16 10:30:13,200 autoreload 17484 10876 Watching for file changes with StatReloader
INFO 2026-05-16 10:30:48,710 autoreload 24720 24680 E:\develop\repairmybike\repairmybike_backend\authentication\urls.py changed, reloading.
INFO 2026-05-16 10:30:48,735 autoreload 17484 10876 E:\develop\repairmybike\repairmybike_backend\authentication\urls.py changed, reloading.
INFO 2026-05-16 10:30:49,831 autoreload 42384 16572 Watching for file changes with StatReloader
INFO 2026-05-16 10:30:49,832 autoreload 27632 7580 Watching for file changes with StatReloader
INFO 2026-05-16 10:31:23,274 autoreload 27632 7580 E:\develop\repairmybike\repairmybike_backend\repairmybike\urls.py changed, reloading.
INFO 2026-05-16 10:31:23,568 autoreload 42384 16572 E:\develop\repairmybike\repairmybike_backend\repairmybike\urls.py changed, reloading.
INFO 2026-05-16 10:31:24,337 autoreload 20208 34152 Watching for file changes with StatReloader
INFO 2026-05-16 10:31:24,589 autoreload 44208 36204 Watching for file changes with StatReloader
INFO 2026-05-16 10:32:47,949 autoreload 20208 34152 E:\develop\repairmybike\repairmybike_backend\repairmybike\urls.py changed, reloading.
INFO 2026-05-16 10:32:48,557 autoreload 44208 36204 E:\develop\repairmybike\repairmybike_backend\repairmybike\urls.py changed, reloading.
INFO 2026-05-16 10:32:48,737 autoreload 21480 49476 Watching for file changes with StatReloader
INFO 2026-05-16 10:32:49,391 autoreload 18264 11492 Watching for file changes with StatReloader
INFO 2026-05-16 10:33:44,334 autoreload 18264 11492 E:\develop\repairmybike\repairmybike_backend\repairmybike\urls.py changed, reloading.
INFO 2026-05-16 10:33:44,933 autoreload 21480 49476 E:\develop\repairmybike\repairmybike_backend\repairmybike\urls.py changed, reloading.
INFO 2026-05-16 10:33:45,051 autoreload 43292 34680 Watching for file changes with StatReloader
INFO 2026-05-16 10:33:45,727 autoreload 48640 32088 Watching for file changes with StatReloader
INFO 2026-05-16 10:45:47,789 autoreload 43292 34680 E:\develop\repairmybike\repairmybike_backend\bookings\models.py changed, reloading.
INFO 2026-05-16 10:45:47,804 autoreload 48640 32088 E:\develop\repairmybike\repairmybike_backend\bookings\models.py changed, reloading.
INFO 2026-05-16 10:45:49,391 autoreload 44716 35300 Watching for file changes with StatReloader
INFO 2026-05-16 10:45:49,391 autoreload 43152 20448 Watching for file changes with StatReloader
INFO 2026-05-16 10:45:53,594 autoreload 44716 35300 E:\develop\repairmybike\repairmybike_backend\bookings\models.py changed, reloading.
INFO 2026-05-16 10:45:53,637 autoreload 43152 20448 E:\develop\repairmybike\repairmybike_backend\bookings\models.py changed, reloading.
INFO 2026-05-16 10:45:54,461 autoreload 18560 8012 Watching for file changes with StatReloader
INFO 2026-05-16 10:45:54,480 autoreload 21592 31836 Watching for file changes with StatReloader
INFO 2026-05-16 10:46:03,671 autoreload 18560 8012 E:\develop\repairmybike\repairmybike_backend\spare_parts\models.py changed, reloading.
INFO 2026-05-16 10:46:03,692 autoreload 21592 31836 E:\develop\repairmybike\repairmybike_backend\spare_parts\models.py changed, reloading.
INFO 2026-05-16 10:46:04,523 autoreload 47196 34164 Watching for file changes with StatReloader
INFO 2026-05-16 10:46:04,523 autoreload 22544 24024 Watching for file changes with StatReloader
INFO 2026-05-16 10:46:11,672 autoreload 22544 24024 E:\develop\repairmybike\repairmybike_backend\staff\models.py changed, reloading.
INFO 2026-05-16 10:46:11,672 autoreload 47196 34164 E:\develop\repairmybike\repairmybike_backend\staff\models.py changed, reloading.
INFO 2026-05-16 10:46:12,553 autoreload 3068 32424 Watching for file changes with StatReloader

INFO 2026-05-16 10:46:17,626 autoreload 30588 15344 E:\develop\repairmybike\repairmybike_backend\staff\models.py changed, reloading.
INFO 2026-05-16 10:46:17,631 autoreload 3068 32424 E:\develop\repairmybike\repairmybike_backend\staff\models.py changed, reloading.
INFO 2026-05-16 10:46:18,473 autoreload 19144 15684 Watching for file changes with StatReloader
INFO 2026-05-16 10:46:18,473 autoreload 47460 51260 Watching for file changes with StatReloader
INFO 2026-05-16 10:46:25,626 autoreload 19144 15684 E:\develop\repairmybike\repairmybike_backend\subscriptions\models.py changed, reloading.
INFO 2026-05-16 10:46:25,640 autoreload 47460 51260 E:\develop\repairmybike\repairmybike_backend\subscriptions\models.py changed, reloading.
INFO 2026-05-16 10:46:26,474 autoreload 37748 26200 Watching for file changes with StatReloader
INFO 2026-05-16 10:46:26,480 autoreload 33144 1008 Watching for file changes with StatReloader
INFO 2026-05-16 10:47:13,166 autoreload 37748 26200 E:\develop\repairmybike\repairmybike_backend\bookings\models.py changed, reloading.
INFO 2026-05-16 10:47:13,333 autoreload 33144 1008 E:\develop\repairmybike\repairmybike_backend\bookings\models.py changed, reloading.
INFO 2026-05-16 10:47:13,984 autoreload 42912 3436 Watching for file changes with StatReloader
INFO 2026-05-16 10:47:14,168 autoreload 36132 39264 Watching for file changes with StatReloader
INFO 2026-05-16 10:47:51,291 autoreload 42912 3436 E:\develop\repairmybike\repairmybike_backend\bookings\models.py changed, reloading.
INFO 2026-05-16 10:47:51,474 autoreload 36132 39264 E:\develop\repairmybike\repairmybike_backend\bookings\models.py changed, reloading.
INFO 2026-05-16 10:47:52,185 autoreload 17956 43804 Watching for file changes with StatReloader
INFO 2026-05-16 10:47:52,353 autoreload 33380 34700 Watching for file changes with StatReloader
INFO 2026-05-16 10:49:24,646 autoreload 17956 43804 E:\develop\repairmybike\repairmybike_backend\staff\migrations\0007_cashmovement_cashmovement_amount_positive_and_more.py changed, reloading.
INFO 2026-05-16 10:49:25,036 autoreload 33380 34700 E:\develop\repairmybike\repairmybike_backend\staff\migrations\0007_cashmovement_cashmovement_amount_positive_and_more.py changed, reloading.
INFO 2026-05-16 10:49:25,441 autoreload 11624 5272 Watching for file changes with StatReloader
INFO 2026-05-16 10:49:25,905 autoreload 32184 36140 Watching for file changes with StatReloader
INFO 2026-05-16 10:55:33,207 autoreload 11624 5272 E:\develop\repairmybike\repairmybike_backend\services\models.py changed, reloading.
INFO 2026-05-16 10:55:33,327 autoreload 32184 36140 E:\develop\repairmybike\repairmybike_backend\services\models.py changed, reloading.
INFO 2026-05-16 10:55:34,031 autoreload 28468 44320 Watching for file changes with StatReloader
INFO 2026-05-16 10:55:34,173 autoreload 20612 47124 Watching for file changes with StatReloader
INFO 2026-05-16 10:56:11,542 autoreload 20612 47124 E:\develop\repairmybike\repairmybike_backend\services\models.py changed, reloading.
INFO 2026-05-16 10:56:12,338 autoreload 22052 19236 Watching for file changes with StatReloader
INFO 2026-05-16 10:56:12,355 autoreload 28468 44320 E:\develop\repairmybike\repairmybike_backend\services\models.py changed, reloading.
INFO 2026-05-16 10:56:13,198 autoreload 14168 45992 Watching for file changes with StatReloader
ERROR 2026-05-16 10:56:22,418 log 51372 52164 Invalid HTTP_HOST header: 'testserver'. You may need to add 'testserver' to ALLOWED_HOSTS.
Traceback (most recent call last):
  File "E:\develop\repairmybike\repairmybike_backend\venv\Lib\site-packages\django\core\handlers\exception.py", line 55, in inner
    response = get_response(request)
  File "E:\develop\repairmybike\repairmybike_backend\venv\Lib\site-packages\django\utils\deprecation.py", line 119, in __call__
    response = self.process_request(request)
  File "E:\develop\repairmybike\repairmybike_backend\venv\Lib\site-packages\django\middleware\common.py", line 48, in process_request
    host = request.get_host()
  File "E:\develop\repairmybike\repairmybike_backend\venv\Lib\site-packages\django\http\request.py", line 202, in get_host
    raise DisallowedHost(msg)
django.core.exceptions.DisallowedHost: Invalid HTTP_HOST header: 'testserver'. You may need to add 'testserver' to ALLOWED_HOSTS.
ERROR 2026-05-16 10:56:28,427 log 51372 52164 Invalid HTTP_HOST header: 'testserver'. You may need to add 'testserver' to ALLOWED_HOSTS.
Traceback (most recent call last):
  File "E:\develop\repairmybike\repairmybike_backend\venv\Lib\site-packages\django\core\handlers\exception.py", line 55, in inner
    response = get_response(request)
  File "E:\develop\repairmybike\repairmybike_backend\venv\Lib\site-packages\django\utils\deprecation.py", line 119, in __call__
    response = self.process_request(request)
  File "E:\develop\repairmybike\repairmybike_backend\venv\Lib\site-packages\django\middleware\common.py", line 48, in process_request
    host = request.get_host()
  File "E:\develop\repairmybike\repairmybike_backend\venv\Lib\site-packages\django\http\request.py", line 202, in get_host
    raise DisallowedHost(msg)
django.core.exceptions.DisallowedHost: Invalid HTTP_HOST header: 'testserver'. You may need to add 'testserver' to ALLOWED_HOSTS.
ERROR 2026-05-16 10:56:30,297 log 51372 52164 Invalid HTTP_HOST header: 'testserver'. You may need to add 'testserver' to ALLOWED_HOSTS.
Traceback (most recent call last):
  File "E:\develop\repairmybike\repairmybike_backend\venv\Lib\site-packages\django\core\handlers\exception.py", line 55, in inner
    response = get_response(request)
  File "E:\develop\repairmybike\repairmybike_backend\venv\Lib\site-packages\django\utils\deprecation.py", line 119, in __call__
    response = self.process_request(request)
  File "E:\develop\repairmybike\repairmybike_backend\venv\Lib\site-packages\django\middleware\common.py", line 48, in process_request
    host = request.get_host()
  File "E:\develop\repairmybike\repairmybike_backend\venv\Lib\site-packages\django\http\request.py", line 202, in get_host
    raise DisallowedHost(msg)
django.core.exceptions.DisallowedHost: Invalid HTTP_HOST header: 'testserver'. You may need to add 'testserver' to ALLOWED_HOSTS.
WARNING 2026-05-16 10:57:51,211 log 9628 24256 Not Found: /api/bookings/bookings/24/
WARNING 2026-05-16 10:57:52,910 log 9628 24256 Forbidden: /api/spare-parts/orders/123/
INFO 2026-05-16 10:58:31,788 autoreload 22052 19236 E:\develop\repairmybike\repairmybike_backend\services\views.py changed, reloading.
INFO 2026-05-16 10:58:32,307 autoreload 14168 45992 E:\develop\repairmybike\repairmybike_backend\services\views.py changed, reloading.
INFO 2026-05-16 10:58:32,578 autoreload 44692 36540 Watching for file changes with StatReloader
INFO 2026-05-16 10:58:33,135 autoreload 24216 15084 Watching for file changes with StatReloader
INFO 2026-05-16 10:58:39,722 autoreload 44692 36540 E:\develop\repairmybike\repairmybike_backend\services\views.py changed, reloading.
INFO 2026-05-16 10:58:40,233 autoreload 24216 15084 E:\develop\repairmybike\repairmybike_backend\services\views.py changed, reloading.
INFO 2026-05-16 10:58:40,568 autoreload 35636 24900 Watching for file changes with StatReloader
INFO 2026-05-16 10:58:41,084 autoreload 42992 43636 Watching for file changes with StatReloader
WARNING 2026-05-16 10:58:53,774 log 6540 37016 Forbidden: /api/services/services/23/
WARNING 2026-05-16 10:58:57,713 log 6540 37016 Not Found: /api/bookings/bookings/25/
WARNING 2026-05-16 10:58:59,379 log 6540 37016 Forbidden: /api/spare-parts/orders/123/
INFO 2026-05-16 11:05:11,993 autoreload 35636 24900 E:\develop\repairmybike\repairmybike_backend\staff\serializers.py changed, reloading.
INFO 2026-05-16 11:05:12,447 autoreload 42992 43636 E:\develop\repairmybike\repairmybike_backend\staff\serializers.py changed, reloading.
INFO 2026-05-16 11:05:12,819 autoreload 34476 32572 Watching for file changes with StatReloader
INFO 2026-05-16 11:05:13,300 autoreload 15804 46348 Watching for file changes with StatReloader
INFO 2026-05-16 11:05:21,066 autoreload 34476 32572 E:\develop\repairmybike\repairmybike_backend\staff\serializers.py changed, reloading.
INFO 2026-05-16 11:05:21,446 autoreload 15804 46348 E:\develop\repairmybike\repairmybike_backend\staff\serializers.py changed, reloading.
INFO 2026-05-16 11:05:21,896 autoreload 9816 27296 Watching for file changes with StatReloader
INFO 2026-05-16 11:05:22,304 autoreload 35968 23868 Watching for file changes with StatReloader
WARNING 2026-05-16 11:06:56,917 serializers 7012 23864 PII Redaction occurred for ActivityLog ID: 24
INFO 2026-05-16 11:09:14,595 autoreload 35968 23868 E:\develop\repairmybike\repairmybike_backend\spare_parts\models.py changed, reloading.
INFO 2026-05-16 11:09:15,407 autoreload 25616 36336 Watching for file changes with StatReloader
INFO 2026-05-16 11:09:15,415 autoreload 9816 27296 E:\develop\repairmybike\repairmybike_backend\spare_parts\models.py changed, reloading.
INFO 2026-05-16 11:09:16,309 autoreload 30544 16524 Watching for file changes with StatReloader
INFO 2026-05-16 11:09:44,220 autoreload 30544 16524 E:\develop\repairmybike\repairmybike_backend\staff\models.py changed, reloading.
INFO 2026-05-16 11:09:44,406 autoreload 25616 36336 E:\develop\repairmybike\repairmybike_backend\staff\models.py changed, reloading.
INFO 2026-05-16 11:09:45,085 autoreload 29264 38232 Watching for file changes with StatReloader
INFO 2026-05-16 11:09:45,240 autoreload 47508 23444 Watching for file changes with StatReloader
INFO 2026-05-16 11:12:24,473 autoreload 29264 38232 E:\develop\repairmybike\repairmybike_backend\staff\views.py changed, reloading.
INFO 2026-05-16 11:12:24,574 autoreload 47508 23444 E:\develop\repairmybike\repairmybike_backend\staff\views.py changed, reloading.
INFO 2026-05-16 11:12:25,361 autoreload 34696 36140 Watching for file changes with StatReloader
INFO 2026-05-16 11:12:25,416 autoreload 36376 45224 Watching for file changes with StatReloader
INFO 2026-05-16 11:12:44,009 autoreload 36376 45224 E:\develop\repairmybike\repairmybike_backend\spare_parts\views.py changed, reloading.
INFO 2026-05-16 11:12:44,062 autoreload 34696 36140 E:\develop\repairmybike\repairmybike_backend\spare_parts\views.py changed, reloading.
INFO 2026-05-16 11:12:44,872 autoreload 50000 11188 Watching for file changes with StatReloader
INFO 2026-05-16 11:12:44,940 autoreload 36584 30988 Watching for file changes with StatReloader
INFO 2026-05-16 11:20:50,345 autoreload 50000 11188 E:\develop\repairmybike\repairmybike_backend\repairmybike\settings.py changed, reloading.
INFO 2026-05-16 11:20:50,440 autoreload 36584 30988 E:\develop\repairmybike\repairmybike_backend\repairmybike\settings.py changed, reloading.
WARNING 2026-05-16 11:42:54,575 log 16516 15804 Unsupported Media Type: /api/staff/cash-sessions/start/
WARNING 2026-05-16 11:43:00,527 log 16516 15804 Unsupported Media Type: /api/staff/cash-sessions/start/
WARNING 2026-05-16 11:43:06,228 log 16516 15804 Unsupported Media Type: /api/staff/cash-sessions/start/
WARNING 2026-05-16 11:43:07,756 log 16516 15804 Unsupported Media Type: /api/staff/payments/collect/
WARNING 2026-05-16 11:43:13,424 log 16516 15804 Unsupported Media Type: /api/staff/cash-sessions/start/
WARNING 2026-05-16 11:43:14,940 log 16516 15804 Unsupported Media Type: /api/staff/payments/collect/
WARNING 2026-05-16 11:43:20,863 log 16516 15804 Unsupported Media Type: /api/staff/cash-sessions/start/
WARNING 2026-05-16 11:43:22,380 log 16516 15804 Unsupported Media Type: /api/staff/payments/collect/
WARNING 2026-05-16 11:44:28,444 log 9676 11520 Bad Request: /api/staff/payments/collect/
WARNING 2026-05-16 11:44:36,285 log 9676 11520 Bad Request: /api/staff/cash-sessions/start/
WARNING 2026-05-16 11:47:29,404 log 11400 5668 Forbidden: /api/staff/bookings/74/remove-part/
WARNING 2026-05-16 11:47:40,022 log 11400 5668 Bad Request: /api/staff/bookings/75/add-part/
WARNING 2026-05-16 11:50:21,372 log 33716 31140 Not Found: /api/spare-parts/orders/1/
WARNING 2026-05-16 11:52:58,433 log 27060 45540 Not Found: /api/spare-parts/orders/3/
WARNING 2026-05-16 11:53:05,321 log 27060 45540 Bad Request: /api/spare-parts/cart/checkout/
WARNING 2026-05-16 11:53:25,954 log 27060 44000 Bad Request: /api/spare-parts/cart/checkout/
INFO 2026-05-16 12:14:03,768 autoreload 8476 12144 Watching for file changes with StatReloader
WARNING 2026-05-16 12:14:09,221 base 8476 51380 Session data corrupted
INFO 2026-05-16 12:14:09,536 basehttp 8476 51380 - Broken pipe from ('127.0.0.1', 63004)
WARNING 2026-05-16 12:14:10,548 base 8476 28124 Session data corrupted
INFO 2026-05-16 12:14:10,791 basehttp 8476 28124 "GET /admin/ HTTP/1.1" 302 0
WARNING 2026-05-16 12:14:11,521 base 8476 28124 Session data corrupted
INFO 2026-05-16 12:14:11,864 basehttp 8476 28124 "GET /admin/login/?next=/admin/ HTTP/1.1" 200 4177
WARNING 2026-05-16 12:14:25,893 base 8476 28124 Session data corrupted
INFO 2026-05-16 12:14:29,223 basehttp 8476 28124 "POST /admin/login/?next=/admin/ HTTP/1.1" 302 0
INFO 2026-05-16 12:14:30,737 basehttp 8476 28124 "GET /admin/ HTTP/1.1" 200 31506
INFO 2026-05-16 12:24:02,129 autoreload 8476 12144 E:\develop\repairmybike\repairmybike_backend\spare_parts\views.py changed, reloading.
INFO 2026-05-16 12:24:03,028 autoreload 33912 24680 Watching for file changes with StatReloader
WARNING 2026-05-16 12:40:03,273 log 33912 13132 Unauthorized: /api/auth/staff/login/password/
WARNING 2026-05-16 12:40:03,274 basehttp 33912 13132 "POST /api/auth/staff/login/password/ HTTP/1.1" 401 31
INFO 2026-05-16 12:40:26,570 basehttp 33912 7068 "POST /api/auth/staff/login/password/ HTTP/1.1" 200 398
INFO 2026-05-16 12:40:27,332 basehttp 33912 41160 "OPTIONS /api/staff/bookings/stats/ HTTP/1.1" 200 0
INFO 2026-05-16 12:40:27,333 basehttp 33912 37384 "OPTIONS /api/staff/logs/?limit=10&page=1 HTTP/1.1" 200 0
INFO 2026-05-16 12:40:27,338 basehttp 33912 37832 "OPTIONS /api/staff/bookings/?page=1 HTTP/1.1" 200 0
INFO 2026-05-16 12:40:27,335 basehttp 33912 48160 "OPTIONS /api/staff/bookings/?limit=5&ordering=-created_at&page=1 HTTP/1.1" 200 0
INFO 2026-05-16 12:40:27,344 basehttp 33912 47596 "OPTIONS /api/services/services/?page=1 HTTP/1.1" 200 0
INFO 2026-05-16 12:40:30,252 basehttp 33912 37384 "GET /api/staff/logs/?limit=10&page=1 HTTP/1.1" 200 52
INFO 2026-05-16 12:40:31,952 basehttp 33912 37832 "GET /api/staff/bookings/?page=1 HTTP/1.1" 200 8671
INFO 2026-05-16 12:40:32,001 basehttp 33912 48160 "GET /api/staff/bookings/stats/ HTTP/1.1" 200 224
INFO 2026-05-16 12:40:32,204 basehttp 33912 41160 "GET /api/staff/bookings/?limit=5&ordering=-created_at&page=1 HTTP/1.1" 200 8671
INFO 2026-05-16 12:40:39,613 basehttp 33912 47596 "GET /api/services/services/?page=1 HTTP/1.1" 200 14146
INFO 2026-05-16 12:40:46,999 basehttp 33912 47596 "OPTIONS /api/staff/bookings/?payment_method=cash&payment_status=pending&page=1 HTTP/1.1" 200 0
INFO 2026-05-16 12:40:49,918 basehttp 33912 47596 "GET /api/staff/bookings/?payment_method=cash&payment_status=pending&page=1 HTTP/1.1" 200 8671
INFO 2026-05-16 12:41:04,901 basehttp 33912 47596 "GET /api/staff/bookings/stats/ HTTP/1.1" 200 224
INFO 2026-05-16 12:41:08,553 basehttp 33912 47596 "OPTIONS /api/spare-parts/parts/?page=1 HTTP/1.1" 200 0
INFO 2026-05-16 12:41:08,553 basehttp 33912 41160 "OPTIONS /api/spare-parts/parts/?search=&page=1 HTTP/1.1" 200 0
INFO 2026-05-16 12:41:18,230 basehttp 33912 47596 "GET /api/spare-parts/parts/?search=&page=1 HTTP/1.1" 200 12103
INFO 2026-05-16 12:41:18,694 basehttp 33912 41160 "GET /api/spare-parts/parts/?page=1 HTTP/1.1" 200 12103
INFO 2026-05-16 12:41:26,074 basehttp 33912 41160 "OPTIONS /api/services/service-categories/ HTTP/1.1" 200 0
INFO 2026-05-16 12:41:27,351 basehttp 33912 47596 "GET /api/services/services/?page=1 HTTP/1.1" 200 14146
INFO 2026-05-16 12:41:30,359 basehttp 33912 47596 "OPTIONS /api/spare-parts/orders/?page=1 HTTP/1.1" 200 0
INFO 2026-05-16 12:41:31,264 basehttp 33912 41160 "GET /api/services/service-categories/ HTTP/1.1" 200 2579
INFO 2026-05-16 12:41:37,963 basehttp 33912 41160 "GET /api/staff/bookings/stats/ HTTP/1.1" 200 224
INFO 2026-05-16 12:41:39,867 basehttp 33912 47596 "GET /api/spare-parts/orders/?page=1 HTTP/1.1" 200 22229
INFO 2026-05-16 13:00:18,567 autoreload 33912 24680 E:\develop\repairmybike\repairmybike_backend\spare_parts\models.py changed, reloading.
INFO 2026-05-16 13:00:19,908 autoreload 30768 6092 Watching for file changes with StatReloader
INFO 2026-05-16 13:00:57,191 autoreload 30768 6092 E:\develop\repairmybike\repairmybike_backend\cms\models.py changed, reloading.
INFO 2026-05-16 13:00:58,895 autoreload 40340 23536 Watching for file changes with StatReloader
INFO 2026-05-16 13:01:48,453 autoreload 40340 23536 E:\develop\repairmybike\repairmybike_backend\authentication\models.py changed, reloading.
INFO 2026-05-16 13:01:49,905 autoreload 51376 27988 Watching for file changes with StatReloader
INFO 2026-05-16 13:03:35,431 autoreload 51376 27988 E:\develop\repairmybike\repairmybike_backend\authentication\models.py changed, reloading.
INFO 2026-05-16 13:03:37,247 autoreload 16300 17592 Watching for file changes with StatReloader
INFO 2026-05-16 13:05:02,323 autoreload 16300 17592 E:\develop\repairmybike\repairmybike_backend\spare_parts\serializers.py changed, reloading.
INFO 2026-05-16 13:05:03,415 autoreload 36976 49388 Watching for file changes with StatReloader
INFO 2026-05-16 13:05:15,161 autoreload 36976 49388 E:\develop\repairmybike\repairmybike_backend\cms\serializers.py changed, reloading.
INFO 2026-05-16 13:05:16,327 autoreload 30120 17964 Watching for file changes with StatReloader
INFO 2026-05-16 13:05:45,250 autoreload 30120 17964 E:\develop\repairmybike\repairmybike_backend\authentication\serializers.py changed, reloading.
INFO 2026-05-16 13:05:46,365 autoreload 28616 46368 Watching for file changes with StatReloader
INFO 2026-05-16 13:08:08,602 autoreload 28616 46368 E:\develop\repairmybike\repairmybike_backend\spare_parts\views.py changed, reloading.
INFO 2026-05-16 13:08:10,107 autoreload 24268 45324 Watching for file changes with StatReloader
INFO 2026-05-16 13:10:24,405 autoreload 24268 45324 E:\develop\repairmybike\repairmybike_backend\services\views.py changed, reloading.
INFO 2026-05-16 13:10:25,868 autoreload 8204 49780 Watching for file changes with StatReloader
INFO 2026-05-16 13:10:37,257 autoreload 8204 49780 E:\develop\repairmybike\repairmybike_backend\services\views.py changed, reloading.
INFO 2026-05-16 13:10:38,738 autoreload 42020 30204 Watching for file changes with StatReloader
INFO 2026-05-16 13:12:59,335 autoreload 42020 30204 E:\develop\repairmybike\repairmybike_backend\authentication\views.py changed, reloading.
INFO 2026-05-16 13:13:00,823 autoreload 27008 45764 Watching for file changes with StatReloader
INFO 2026-05-16 13:14:20,946 autoreload 27008 45764 E:\develop\repairmybike\repairmybike_backend\authentication\views.py changed, reloading.
INFO 2026-05-16 13:14:22,401 autoreload 20568 8128 Watching for file changes with StatReloader
INFO 2026-05-16 13:14:50,948 autoreload 20568 8128 E:\develop\repairmybike\repairmybike_backend\authentication\urls.py changed, reloading.
INFO 2026-05-16 13:14:52,514 autoreload 34696 13316 Watching for file changes with StatReloader
INFO 2026-05-16 13:16:03,147 autoreload 34696 13316 E:\develop\repairmybike\repairmybike_backend\authentication\views.py changed, reloading.
INFO 2026-05-16 13:16:04,481 autoreload 12828 17484 Watching for file changes with StatReloader
INFO 2026-05-16 13:17:53,828 autoreload 12828 17484 E:\develop\repairmybike\repairmybike_backend\authentication\views.py changed, reloading.
INFO 2026-05-16 13:17:55,080 autoreload 8952 4044 Watching for file changes with StatReloader
INFO 2026-05-16 13:19:17,303 autoreload 8952 4044 E:\develop\repairmybike\repairmybike_backend\spare_parts\views.py changed, reloading.
INFO 2026-05-16 13:19:18,635 autoreload 41828 38816 Watching for file changes with StatReloader
INFO 2026-05-16 13:20:21,461 autoreload 41828 38816 E:\develop\repairmybike\repairmybike_backend\spare_parts\views.py changed, reloading.
INFO 2026-05-16 13:20:22,735 autoreload 25856 7516 Watching for file changes with StatReloader
INFO 2026-05-16 13:34:43,269 autoreload 25856 7516 E:\develop\repairmybike\repairmybike_backend\repairmybike\settings.py changed, reloading.
INFO 2026-05-16 13:34:44,774 autoreload 8024 40324 Watching for file changes with StatReloader
INFO 2026-05-16 13:35:17,536 autoreload 8024 40324 E:\develop\repairmybike\repairmybike_backend\subscriptions\views.py changed, reloading.
INFO 2026-05-16 13:35:18,931 autoreload 32736 31932 Watching for file changes with StatReloader
INFO 2026-05-16 13:36:08,999 autoreload 32736 31932 E:\develop\repairmybike\repairmybike_backend\authentication\models.py changed, reloading.
INFO 2026-05-16 13:36:10,607 autoreload 23600 35292 Watching for file changes with StatReloader
INFO 2026-05-16 13:37:25,101 autoreload 23600 35292 E:\develop\repairmybike\repairmybike_backend\authentication\views.py changed, reloading.
INFO 2026-05-16 13:37:26,561 autoreload 25692 22316 Watching for file changes with StatReloader
INFO 2026-05-16 13:38:12,064 autoreload 25692 22316 E:\develop\repairmybike\repairmybike_backend\bookings\signals.py changed, reloading.
INFO 2026-05-16 13:38:13,690 autoreload 26496 31696 Watching for file changes with StatReloader
INFO 2026-05-16 13:39:16,610 autoreload 26496 31696 E:\develop\repairmybike\repairmybike_backend\spare_parts\apps.py changed, reloading.
INFO 2026-05-16 13:39:18,147 autoreload 25188 12812 Watching for file changes with StatReloader
INFO 2026-05-16 13:40:01,269 autoreload 25188 12812 E:\develop\repairmybike\repairmybike_backend\venv\Lib\site-packages\jwt\exceptions.py changed, reloading.
INFO 2026-05-16 13:40:02,556 autoreload 23176 12388 Watching for file changes with StatReloader
INFO 2026-05-16 13:45:56,337 autoreload 23176 12388 E:\develop\repairmybike\repairmybike_backend\authentication\models.py changed, reloading.
INFO 2026-05-16 13:45:58,058 autoreload 25680 34120 Watching for file changes with StatReloader
INFO 2026-05-16 13:46:50,352 autoreload 25680 34120 E:\develop\repairmybike\repairmybike_backend\staff\views.py changed, reloading.
INFO 2026-05-16 13:46:52,202 autoreload 40432 31304 Watching for file changes with StatReloader
INFO 2026-05-16 13:47:14,196 autoreload 40432 31304 E:\develop\repairmybike\repairmybike_backend\staff\views.py changed, reloading.
INFO 2026-05-16 13:47:16,127 autoreload 32212 47744 Watching for file changes with StatReloader
INFO 2026-05-16 13:48:54,522 autoreload 32212 47744 E:\develop\repairmybike\repairmybike_backend\authentication\serializers.py changed, reloading.
INFO 2026-05-16 13:48:56,645 autoreload 10632 52164 Watching for file changes with StatReloader
INFO 2026-05-16 13:49:14,172 autoreload 10632 52164 E:\develop\repairmybike\repairmybike_backend\authentication\serializers.py changed, reloading.
INFO 2026-05-16 13:49:16,094 autoreload 20776 48952 Watching for file changes with StatReloader
INFO 2026-05-16 13:55:39,902 autoreload 20776 48952 E:\develop\repairmybike\repairmybike_backend\authentication\serializers.py changed, reloading.
INFO 2026-05-16 13:55:41,854 autoreload 27132 21728 Watching for file changes with StatReloader
INFO 2026-05-16 13:55:57,324 autoreload 27132 21728 E:\develop\repairmybike\repairmybike_backend\authentication\serializers.py changed, reloading.
INFO 2026-05-16 13:55:59,305 autoreload 9964 32724 Watching for file changes with StatReloader
INFO 2026-05-16 13:57:26,427 basehttp 9964 24984 "OPTIONS /api/subscriptions/plans/?page=1 HTTP/1.1" 200 0
INFO 2026-05-16 13:57:26,429 basehttp 9964 27628 "OPTIONS /api/subscriptions/subscriptions/?page=1 HTTP/1.1" 200 0
ERROR 2026-05-16 13:57:28,601 log 9964 36516 Internal Server Error: /api/staff/bookings/stats/
Traceback (most recent call last):
  File "E:\develop\repairmybike\repairmybike_backend\venv\Lib\site-packages\django\core\handlers\exception.py", line 55, in inner
    response = get_response(request)
  File "E:\develop\repairmybike\repairmybike_backend\venv\Lib\site-packages\django\core\handlers\base.py", line 197, in _get_response
    response = wrapped_callback(request, *callback_args, **callback_kwargs)
  File "C:\Users\wolf\AppData\Local\Python\pythoncore-3.14-64\Lib\contextlib.py", line 85, in inner
    return func(*args, **kwds)
  File "E:\develop\repairmybike\repairmybike_backend\venv\Lib\site-packages\django\views\decorators\csrf.py", line 65, in _view_wrapper
    return view_func(request, *args, **kwargs)
  File "E:\develop\repairmybike\repairmybike_backend\venv\Lib\site-packages\rest_framework\viewsets.py", line 125, in view
    return self.dispatch(request, *args, **kwargs)
           ~~~~~~~~~~~~~^^^^^^^^^^^^^^^^^^^^^^^^^^
  File "E:\develop\repairmybike\repairmybike_backend\venv\Lib\site-packages\rest_framework\views.py", line 498, in dispatch
    request = self.initialize_request(request, *args, **kwargs)
  File "E:\develop\repairmybike\repairmybike_backend\venv\Lib\site-packages\rest_framework\viewsets.py", line 152, in initialize_request
    request = super().initialize_request(request, *args, **kwargs)
  File "E:\develop\repairmybike\repairmybike_backend\venv\Lib\site-packages\rest_framework\views.py", line 400, in initialize_request
    authenticators=self.get_authenticators(),
                   ~~~~~~~~~~~~~~~~~~~~~~~^^
  File "E:\develop\repairmybike\repairmybike_backend\venv\Lib\site-packages\rest_framework\views.py", line 278, in get_authenticators
    return [auth() for auth in self.authentication_classes]
            ~~~~^^
  File "E:\develop\repairmybike\repairmybike_backend\authentication\authentication.py", line 22, in __init__
    self.descope_client = DescopeClient(
                          ~~~~~~~~~~~~~^
        project_id=settings.DESCOPE_PROJECT_ID,
        ^^^^^^^^^^^^^^^^^^^^^^^^^^^^^^^^^^^^^^^
        management_key=settings.DESCOPE_MANAGEMENT_KEY,
        ^^^^^^^^^^^^^^^^^^^^^^^^^^^^^^^^^^^^^^^^^^^^^^^
        jwt_validation_leeway=JWT_LEEWAY_SECONDS
        ^^^^^^^^^^^^^^^^^^^^^^^^^^^^^^^^^^^^^^^^
    )
    ^
  File "E:\develop\repairmybike\repairmybike_backend\venv\Lib\site-packages\descope\descope_client.py", line 36, in __init__
    auth = Auth(
        project_id,
    ...<6 lines>...
        fga_cache_url,
    )
  File "E:\develop\repairmybike\repairmybike_backend\venv\Lib\site-packages\descope\auth.py", line 83, in __init__
    raise AuthException(
    ...<6 lines>...
    )
descope.exceptions.AuthException: {'status_code': 400, 'error_type': 'invalid argument', 'error_message': 'Unable to init Auth object because project_id cannot be empty. Set environment variable DESCOPE_PROJECT_ID or pass your Project ID to the init function.'}
ERROR 2026-05-16 13:57:28,602 log 9964 24984 Internal Server Error: /api/subscriptions/plans/
Traceback (most recent call last):
  File "E:\develop\repairmybike\repairmybike_backend\venv\Lib\site-packages\django\core\handlers\exception.py", line 55, in inner
    response = get_response(request)
  File "E:\develop\repairmybike\repairmybike_backend\venv\Lib\site-packages\django\core\handlers\base.py", line 197, in _get_response
    response = wrapped_callback(request, *callback_args, **callback_kwargs)
  File "C:\Users\wolf\AppData\Local\Python\pythoncore-3.14-64\Lib\contextlib.py", line 85, in inner
    return func(*args, **kwds)
  File "E:\develop\repairmybike\repairmybike_backend\venv\Lib\site-packages\django\views\decorators\csrf.py", line 65, in _view_wrapper
    return view_func(request, *args, **kwargs)
  File "E:\develop\repairmybike\repairmybike_backend\venv\Lib\site-packages\rest_framework\viewsets.py", line 125, in view
    return self.dispatch(request, *args, **kwargs)
           ~~~~~~~~~~~~~^^^^^^^^^^^^^^^^^^^^^^^^^^
  File "E:\develop\repairmybike\repairmybike_backend\venv\Lib\site-packages\rest_framework\views.py", line 498, in dispatch
    request = self.initialize_request(request, *args, **kwargs)
  File "E:\develop\repairmybike\repairmybike_backend\venv\Lib\site-packages\rest_framework\viewsets.py", line 152, in initialize_request
    request = super().initialize_request(request, *args, **kwargs)
  File "E:\develop\repairmybike\repairmybike_backend\venv\Lib\site-packages\rest_framework\views.py", line 400, in initialize_request
    authenticators=self.get_authenticators(),
                   ~~~~~~~~~~~~~~~~~~~~~~~^^
  File "E:\develop\repairmybike\repairmybike_backend\venv\Lib\site-packages\rest_framework\views.py", line 278, in get_authenticators
    return [auth() for auth in self.authentication_classes]
            ~~~~^^
  File "E:\develop\repairmybike\repairmybike_backend\authentication\authentication.py", line 22, in __init__
    self.descope_client = DescopeClient(
                          ~~~~~~~~~~~~~^
        project_id=settings.DESCOPE_PROJECT_ID,
        ^^^^^^^^^^^^^^^^^^^^^^^^^^^^^^^^^^^^^^^
        management_key=settings.DESCOPE_MANAGEMENT_KEY,
        ^^^^^^^^^^^^^^^^^^^^^^^^^^^^^^^^^^^^^^^^^^^^^^^
        jwt_validation_leeway=JWT_LEEWAY_SECONDS
        ^^^^^^^^^^^^^^^^^^^^^^^^^^^^^^^^^^^^^^^^
    )
    ^
  File "E:\develop\repairmybike\repairmybike_backend\venv\Lib\site-packages\descope\descope_client.py", line 36, in __init__
    auth = Auth(
        project_id,
    ...<6 lines>...
        fga_cache_url,
    )
  File "E:\develop\repairmybike\repairmybike_backend\venv\Lib\site-packages\descope\auth.py", line 83, in __init__
    raise AuthException(
    ...<6 lines>...
    )
descope.exceptions.AuthException: {'status_code': 400, 'error_type': 'invalid argument', 'error_message': 'Unable to init Auth object because project_id cannot be empty. Set environment variable DESCOPE_PROJECT_ID or pass your Project ID to the init function.'}
ERROR 2026-05-16 13:57:28,602 log 9964 27628 Internal Server Error: /api/subscriptions/subscriptions/
Traceback (most recent call last):
  File "E:\develop\repairmybike\repairmybike_backend\venv\Lib\site-packages\django\core\handlers\exception.py", line 55, in inner
    response = get_response(request)
  File "E:\develop\repairmybike\repairmybike_backend\venv\Lib\site-packages\django\core\handlers\base.py", line 197, in _get_response
    response = wrapped_callback(request, *callback_args, **callback_kwargs)
  File "C:\Users\wolf\AppData\Local\Python\pythoncore-3.14-64\Lib\contextlib.py", line 85, in inner
    return func(*args, **kwds)
  File "E:\develop\repairmybike\repairmybike_backend\venv\Lib\site-packages\django\views\decorators\csrf.py", line 65, in _view_wrapper
    return view_func(request, *args, **kwargs)
  File "E:\develop\repairmybike\repairmybike_backend\venv\Lib\site-packages\rest_framework\viewsets.py", line 125, in view
    return self.dispatch(request, *args, **kwargs)
           ~~~~~~~~~~~~~^^^^^^^^^^^^^^^^^^^^^^^^^^
  File "E:\develop\repairmybike\repairmybike_backend\venv\Lib\site-packages\rest_framework\views.py", line 498, in dispatch
    request = self.initialize_request(request, *args, **kwargs)
  File "E:\develop\repairmybike\repairmybike_backend\venv\Lib\site-packages\rest_framework\viewsets.py", line 152, in initialize_request
    request = super().initialize_request(request, *args, **kwargs)
  File "E:\develop\repairmybike\repairmybike_backend\venv\Lib\site-packages\rest_framework\views.py", line 400, in initialize_request
    authenticators=self.get_authenticators(),
                   ~~~~~~~~~~~~~~~~~~~~~~~^^
  File "E:\develop\repairmybike\repairmybike_backend\venv\Lib\site-packages\rest_framework\views.py", line 278, in get_authenticators
    return [auth() for auth in self.authentication_classes]
            ~~~~^^
  File "E:\develop\repairmybike\repairmybike_backend\authentication\authentication.py", line 22, in __init__
    self.descope_client = DescopeClient(
                          ~~~~~~~~~~~~~^
        project_id=settings.DESCOPE_PROJECT_ID,
        ^^^^^^^^^^^^^^^^^^^^^^^^^^^^^^^^^^^^^^^
        management_key=settings.DESCOPE_MANAGEMENT_KEY,
        ^^^^^^^^^^^^^^^^^^^^^^^^^^^^^^^^^^^^^^^^^^^^^^^
        jwt_validation_leeway=JWT_LEEWAY_SECONDS
        ^^^^^^^^^^^^^^^^^^^^^^^^^^^^^^^^^^^^^^^^
    )
    ^
  File "E:\develop\repairmybike\repairmybike_backend\venv\Lib\site-packages\descope\descope_client.py", line 36, in __init__
    auth = Auth(
        project_id,
    ...<6 lines>...
        fga_cache_url,
    )
  File "E:\develop\repairmybike\repairmybike_backend\venv\Lib\site-packages\descope\auth.py", line 83, in __init__
    raise AuthException(
    ...<6 lines>...
    )
descope.exceptions.AuthException: {'status_code': 400, 'error_type': 'invalid argument', 'error_message': 'Unable to init Auth object because project_id cannot be empty. Set environment variable DESCOPE_PROJECT_ID or pass your Project ID to the init function.'}
INFO 2026-05-16 13:57:28,608 basehttp 9964 36516 - Broken pipe from ('127.0.0.1', 64021)
INFO 2026-05-16 13:57:28,613 basehttp 9964 24984 - Broken pipe from ('127.0.0.1', 56525)
INFO 2026-05-16 13:57:28,619 basehttp 9964 27628 - Broken pipe from ('127.0.0.1', 49218)
ERROR 2026-05-16 13:57:29,177 log 9964 21612 Internal Server Error: /api/staff/bookings/stats/
Traceback (most recent call last):
  File "E:\develop\repairmybike\repairmybike_backend\venv\Lib\site-packages\django\core\handlers\exception.py", line 55, in inner
    response = get_response(request)
  File "E:\develop\repairmybike\repairmybike_backend\venv\Lib\site-packages\django\core\handlers\base.py", line 197, in _get_response
    response = wrapped_callback(request, *callback_args, **callback_kwargs)
  File "C:\Users\wolf\AppData\Local\Python\pythoncore-3.14-64\Lib\contextlib.py", line 85, in inner
    return func(*args, **kwds)
  File "E:\develop\repairmybike\repairmybike_backend\venv\Lib\site-packages\django\views\decorators\csrf.py", line 65, in _view_wrapper
    return view_func(request, *args, **kwargs)
  File "E:\develop\repairmybike\repairmybike_backend\venv\Lib\site-packages\rest_framework\viewsets.py", line 125, in view
    return self.dispatch(request, *args, **kwargs)
           ~~~~~~~~~~~~~^^^^^^^^^^^^^^^^^^^^^^^^^^
  File "E:\develop\repairmybike\repairmybike_backend\venv\Lib\site-packages\rest_framework\views.py", line 498, in dispatch
    request = self.initialize_request(request, *args, **kwargs)
  File "E:\develop\repairmybike\repairmybike_backend\venv\Lib\site-packages\rest_framework\viewsets.py", line 152, in initialize_request
    request = super().initialize_request(request, *args, **kwargs)
  File "E:\develop\repairmybike\repairmybike_backend\venv\Lib\site-packages\rest_framework\views.py", line 400, in initialize_request
    authenticators=self.get_authenticators(),
                   ~~~~~~~~~~~~~~~~~~~~~~~^^
  File "E:\develop\repairmybike\repairmybike_backend\venv\Lib\site-packages\rest_framework\views.py", line 278, in get_authenticators
    return [auth() for auth in self.authentication_classes]
            ~~~~^^
  File "E:\develop\repairmybike\repairmybike_backend\authentication\authentication.py", line 22, in __init__
    self.descope_client = DescopeClient(
                          ~~~~~~~~~~~~~^
        project_id=settings.DESCOPE_PROJECT_ID,
        ^^^^^^^^^^^^^^^^^^^^^^^^^^^^^^^^^^^^^^^
        management_key=settings.DESCOPE_MANAGEMENT_KEY,
        ^^^^^^^^^^^^^^^^^^^^^^^^^^^^^^^^^^^^^^^^^^^^^^^
        jwt_validation_leeway=JWT_LEEWAY_SECONDS
        ^^^^^^^^^^^^^^^^^^^^^^^^^^^^^^^^^^^^^^^^
    )
    ^
  File "E:\develop\repairmybike\repairmybike_backend\venv\Lib\site-packages\descope\descope_client.py", line 36, in __init__
    auth = Auth(
        project_id,
    ...<6 lines>...
        fga_cache_url,
    )
  File "E:\develop\repairmybike\repairmybike_backend\venv\Lib\site-packages\descope\auth.py", line 83, in __init__
    raise AuthException(
    ...<6 lines>...
    )
descope.exceptions.AuthException: {'status_code': 400, 'error_type': 'invalid argument', 'error_message': 'Unable to init Auth object because project_id cannot be empty. Set environment variable DESCOPE_PROJECT_ID or pass your Project ID to the init function.'}
ERROR 2026-05-16 13:57:29,182 basehttp 9964 21612 "GET /api/staff/bookings/stats/ HTTP/1.1" 500 115357
ERROR 2026-05-16 13:57:29,438 log 9964 20576 Internal Server Error: /api/subscriptions/subscriptions/
Traceback (most recent call last):
  File "E:\develop\repairmybike\repairmybike_backend\venv\Lib\site-packages\django\core\handlers\exception.py", line 55, in inner
    response = get_response(request)
  File "E:\develop\repairmybike\repairmybike_backend\venv\Lib\site-packages\django\core\handlers\base.py", line 197, in _get_response
    response = wrapped_callback(request, *callback_args, **callback_kwargs)
  File "C:\Users\wolf\AppData\Local\Python\pythoncore-3.14-64\Lib\contextlib.py", line 85, in inner
    return func(*args, **kwds)
  File "E:\develop\repairmybike\repairmybike_backend\venv\Lib\site-packages\django\views\decorators\csrf.py", line 65, in _view_wrapper
    return view_func(request, *args, **kwargs)
  File "E:\develop\repairmybike\repairmybike_backend\venv\Lib\site-packages\rest_framework\viewsets.py", line 125, in view
    return self.dispatch(request, *args, **kwargs)
           ~~~~~~~~~~~~~^^^^^^^^^^^^^^^^^^^^^^^^^^
  File "E:\develop\repairmybike\repairmybike_backend\venv\Lib\site-packages\rest_framework\views.py", line 498, in dispatch
    request = self.initialize_request(request, *args, **kwargs)
  File "E:\develop\repairmybike\repairmybike_backend\venv\Lib\site-packages\rest_framework\viewsets.py", line 152, in initialize_request
    request = super().initialize_request(request, *args, **kwargs)
  File "E:\develop\repairmybike\repairmybike_backend\venv\Lib\site-packages\rest_framework\views.py", line 400, in initialize_request
    authenticators=self.get_authenticators(),
                   ~~~~~~~~~~~~~~~~~~~~~~~^^
  File "E:\develop\repairmybike\repairmybike_backend\venv\Lib\site-packages\rest_framework\views.py", line 278, in get_authenticators
    return [auth() for auth in self.authentication_classes]
            ~~~~^^
  File "E:\develop\repairmybike\repairmybike_backend\authentication\authentication.py", line 22, in __init__
    self.descope_client = DescopeClient(
                          ~~~~~~~~~~~~~^
        project_id=settings.DESCOPE_PROJECT_ID,
        ^^^^^^^^^^^^^^^^^^^^^^^^^^^^^^^^^^^^^^^
        management_key=settings.DESCOPE_MANAGEMENT_KEY,
        ^^^^^^^^^^^^^^^^^^^^^^^^^^^^^^^^^^^^^^^^^^^^^^^
        jwt_validation_leeway=JWT_LEEWAY_SECONDS
        ^^^^^^^^^^^^^^^^^^^^^^^^^^^^^^^^^^^^^^^^
    )
    ^
  File "E:\develop\repairmybike\repairmybike_backend\venv\Lib\site-packages\descope\descope_client.py", line 36, in __init__
    auth = Auth(
        project_id,
    ...<6 lines>...
        fga_cache_url,
    )
  File "E:\develop\repairmybike\repairmybike_backend\venv\Lib\site-packages\descope\auth.py", line 83, in __init__
    raise AuthException(
    ...<6 lines>...
    )
descope.exceptions.AuthException: {'status_code': 400, 'error_type': 'invalid argument', 'error_message': 'Unable to init Auth object because project_id cannot be empty. Set environment variable DESCOPE_PROJECT_ID or pass your Project ID to the init function.'}
ERROR 2026-05-16 13:57:29,443 basehttp 9964 20576 "GET /api/subscriptions/subscriptions/?page=1 HTTP/1.1" 500 115901
ERROR 2026-05-16 13:57:29,521 log 9964 49400 Internal Server Error: /api/subscriptions/plans/
Traceback (most recent call last):
  File "E:\develop\repairmybike\repairmybike_backend\venv\Lib\site-packages\django\core\handlers\exception.py", line 55, in inner
    response = get_response(request)
  File "E:\develop\repairmybike\repairmybike_backend\venv\Lib\site-packages\django\core\handlers\base.py", line 197, in _get_response
    response = wrapped_callback(request, *callback_args, **callback_kwargs)
  File "C:\Users\wolf\AppData\Local\Python\pythoncore-3.14-64\Lib\contextlib.py", line 85, in inner
    return func(*args, **kwds)
  File "E:\develop\repairmybike\repairmybike_backend\venv\Lib\site-packages\django\views\decorators\csrf.py", line 65, in _view_wrapper
    return view_func(request, *args, **kwargs)
  File "E:\develop\repairmybike\repairmybike_backend\venv\Lib\site-packages\rest_framework\viewsets.py", line 125, in view
    return self.dispatch(request, *args, **kwargs)
           ~~~~~~~~~~~~~^^^^^^^^^^^^^^^^^^^^^^^^^^
  File "E:\develop\repairmybike\repairmybike_backend\venv\Lib\site-packages\rest_framework\views.py", line 498, in dispatch
    request = self.initialize_request(request, *args, **kwargs)
  File "E:\develop\repairmybike\repairmybike_backend\venv\Lib\site-packages\rest_framework\viewsets.py", line 152, in initialize_request
    request = super().initialize_request(request, *args, **kwargs)
  File "E:\develop\repairmybike\repairmybike_backend\venv\Lib\site-packages\rest_framework\views.py", line 400, in initialize_request
    authenticators=self.get_authenticators(),
                   ~~~~~~~~~~~~~~~~~~~~~~~^^
  File "E:\develop\repairmybike\repairmybike_backend\venv\Lib\site-packages\rest_framework\views.py", line 278, in get_authenticators
    return [auth() for auth in self.authentication_classes]
            ~~~~^^
  File "E:\develop\repairmybike\repairmybike_backend\authentication\authentication.py", line 22, in __init__
    self.descope_client = DescopeClient(
                          ~~~~~~~~~~~~~^
        project_id=settings.DESCOPE_PROJECT_ID,
        ^^^^^^^^^^^^^^^^^^^^^^^^^^^^^^^^^^^^^^^
        management_key=settings.DESCOPE_MANAGEMENT_KEY,
        ^^^^^^^^^^^^^^^^^^^^^^^^^^^^^^^^^^^^^^^^^^^^^^^
        jwt_validation_leeway=JWT_LEEWAY_SECONDS
        ^^^^^^^^^^^^^^^^^^^^^^^^^^^^^^^^^^^^^^^^
    )
    ^
  File "E:\develop\repairmybike\repairmybike_backend\venv\Lib\site-packages\descope\descope_client.py", line 36, in __init__
    auth = Auth(
        project_id,
    ...<6 lines>...
        fga_cache_url,
    )
  File "E:\develop\repairmybike\repairmybike_backend\venv\Lib\site-packages\descope\auth.py", line 83, in __init__
    raise AuthException(
    ...<6 lines>...
    )
descope.exceptions.AuthException: {'status_code': 400, 'error_type': 'invalid argument', 'error_message': 'Unable to init Auth object because project_id cannot be empty. Set environment variable DESCOPE_PROJECT_ID or pass your Project ID to the init function.'}
ERROR 2026-05-16 13:57:29,526 basehttp 9964 49400 "GET /api/subscriptions/plans/?page=1 HTTP/1.1" 500 115664
ERROR 2026-05-16 13:58:35,306 log 9964 20576 Internal Server Error: /api/subscriptions/subscriptions/
Traceback (most recent call last):
  File "E:\develop\repairmybike\repairmybike_backend\venv\Lib\site-packages\django\core\handlers\exception.py", line 55, in inner
    response = get_response(request)
  File "E:\develop\repairmybike\repairmybike_backend\venv\Lib\site-packages\django\core\handlers\base.py", line 197, in _get_response
    response = wrapped_callback(request, *callback_args, **callback_kwargs)
  File "C:\Users\wolf\AppData\Local\Python\pythoncore-3.14-64\Lib\contextlib.py", line 85, in inner
    return func(*args, **kwds)
  File "E:\develop\repairmybike\repairmybike_backend\venv\Lib\site-packages\django\views\decorators\csrf.py", line 65, in _view_wrapper
    return view_func(request, *args, **kwargs)
  File "E:\develop\repairmybike\repairmybike_backend\venv\Lib\site-packages\rest_framework\viewsets.py", line 125, in view
    return self.dispatch(request, *args, **kwargs)
           ~~~~~~~~~~~~~^^^^^^^^^^^^^^^^^^^^^^^^^^
  File "E:\develop\repairmybike\repairmybike_backend\venv\Lib\site-packages\rest_framework\views.py", line 498, in dispatch
    request = self.initialize_request(request, *args, **kwargs)
  File "E:\develop\repairmybike\repairmybike_backend\venv\Lib\site-packages\rest_framework\viewsets.py", line 152, in initialize_request
    request = super().initialize_request(request, *args, **kwargs)
  File "E:\develop\repairmybike\repairmybike_backend\venv\Lib\site-packages\rest_framework\views.py", line 400, in initialize_request
    authenticators=self.get_authenticators(),
                   ~~~~~~~~~~~~~~~~~~~~~~~^^
  File "E:\develop\repairmybike\repairmybike_backend\venv\Lib\site-packages\rest_framework\views.py", line 278, in get_authenticators
    return [auth() for auth in self.authentication_classes]
            ~~~~^^
  File "E:\develop\repairmybike\repairmybike_backend\authentication\authentication.py", line 22, in __init__
    self.descope_client = DescopeClient(
                          ~~~~~~~~~~~~~^
        project_id=settings.DESCOPE_PROJECT_ID,
        ^^^^^^^^^^^^^^^^^^^^^^^^^^^^^^^^^^^^^^^
        management_key=settings.DESCOPE_MANAGEMENT_KEY,
        ^^^^^^^^^^^^^^^^^^^^^^^^^^^^^^^^^^^^^^^^^^^^^^^
        jwt_validation_leeway=JWT_LEEWAY_SECONDS
        ^^^^^^^^^^^^^^^^^^^^^^^^^^^^^^^^^^^^^^^^
    )
    ^
  File "E:\develop\repairmybike\repairmybike_backend\venv\Lib\site-packages\descope\descope_client.py", line 36, in __init__
    auth = Auth(
        project_id,
    ...<6 lines>...
        fga_cache_url,
    )
  File "E:\develop\repairmybike\repairmybike_backend\venv\Lib\site-packages\descope\auth.py", line 83, in __init__
    raise AuthException(
    ...<6 lines>...
    )
descope.exceptions.AuthException: {'status_code': 400, 'error_type': 'invalid argument', 'error_message': 'Unable to init Auth object because project_id cannot be empty. Set environment variable DESCOPE_PROJECT_ID or pass your Project ID to the init function.'}
ERROR 2026-05-16 13:58:35,327 log 9964 21612 Internal Server Error: /api/subscriptions/plans/
Traceback (most recent call last):
  File "E:\develop\repairmybike\repairmybike_backend\venv\Lib\site-packages\django\core\handlers\exception.py", line 55, in inner
    response = get_response(request)
  File "E:\develop\repairmybike\repairmybike_backend\venv\Lib\site-packages\django\core\handlers\base.py", line 197, in _get_response
    response = wrapped_callback(request, *callback_args, **callback_kwargs)
  File "C:\Users\wolf\AppData\Local\Python\pythoncore-3.14-64\Lib\contextlib.py", line 85, in inner
    return func(*args, **kwds)
  File "E:\develop\repairmybike\repairmybike_backend\venv\Lib\site-packages\django\views\decorators\csrf.py", line 65, in _view_wrapper
    return view_func(request, *args, **kwargs)
  File "E:\develop\repairmybike\repairmybike_backend\venv\Lib\site-packages\rest_framework\viewsets.py", line 125, in view
    return self.dispatch(request, *args, **kwargs)
           ~~~~~~~~~~~~~^^^^^^^^^^^^^^^^^^^^^^^^^^
  File "E:\develop\repairmybike\repairmybike_backend\venv\Lib\site-packages\rest_framework\views.py", line 498, in dispatch
    request = self.initialize_request(request, *args, **kwargs)
  File "E:\develop\repairmybike\repairmybike_backend\venv\Lib\site-packages\rest_framework\viewsets.py", line 152, in initialize_request
    request = super().initialize_request(request, *args, **kwargs)
  File "E:\develop\repairmybike\repairmybike_backend\venv\Lib\site-packages\rest_framework\views.py", line 400, in initialize_request
    authenticators=self.get_authenticators(),
                   ~~~~~~~~~~~~~~~~~~~~~~~^^
  File "E:\develop\repairmybike\repairmybike_backend\venv\Lib\site-packages\rest_framework\views.py", line 278, in get_authenticators
    return [auth() for auth in self.authentication_classes]
            ~~~~^^
  File "E:\develop\repairmybike\repairmybike_backend\authentication\authentication.py", line 22, in __init__
    self.descope_client = DescopeClient(
                          ~~~~~~~~~~~~~^
        project_id=settings.DESCOPE_PROJECT_ID,
        ^^^^^^^^^^^^^^^^^^^^^^^^^^^^^^^^^^^^^^^
        management_key=settings.DESCOPE_MANAGEMENT_KEY,
        ^^^^^^^^^^^^^^^^^^^^^^^^^^^^^^^^^^^^^^^^^^^^^^^
        jwt_validation_leeway=JWT_LEEWAY_SECONDS
        ^^^^^^^^^^^^^^^^^^^^^^^^^^^^^^^^^^^^^^^^
    )
    ^
  File "E:\develop\repairmybike\repairmybike_backend\venv\Lib\site-packages\descope\descope_client.py", line 36, in __init__
    auth = Auth(
        project_id,
    ...<6 lines>...
        fga_cache_url,
    )
  File "E:\develop\repairmybike\repairmybike_backend\venv\Lib\site-packages\descope\auth.py", line 83, in __init__
    raise AuthException(
    ...<6 lines>...
    )
descope.exceptions.AuthException: {'status_code': 400, 'error_type': 'invalid argument', 'error_message': 'Unable to init Auth object because project_id cannot be empty. Set environment variable DESCOPE_PROJECT_ID or pass your Project ID to the init function.'}
ERROR 2026-05-16 13:58:35,348 log 9964 49400 Internal Server Error: /api/staff/bookings/stats/
Traceback (most recent call last):
  File "E:\develop\repairmybike\repairmybike_backend\venv\Lib\site-packages\django\core\handlers\exception.py", line 55, in inner
    response = get_response(request)
  File "E:\develop\repairmybike\repairmybike_backend\venv\Lib\site-packages\django\core\handlers\base.py", line 197, in _get_response
    response = wrapped_callback(request, *callback_args, **callback_kwargs)
  File "C:\Users\wolf\AppData\Local\Python\pythoncore-3.14-64\Lib\contextlib.py", line 85, in inner
    return func(*args, **kwds)
  File "E:\develop\repairmybike\repairmybike_backend\venv\Lib\site-packages\django\views\decorators\csrf.py", line 65, in _view_wrapper
    return view_func(request, *args, **kwargs)
  File "E:\develop\repairmybike\repairmybike_backend\venv\Lib\site-packages\rest_framework\viewsets.py", line 125, in view
    return self.dispatch(request, *args, **kwargs)
           ~~~~~~~~~~~~~^^^^^^^^^^^^^^^^^^^^^^^^^^
  File "E:\develop\repairmybike\repairmybike_backend\venv\Lib\site-packages\rest_framework\views.py", line 498, in dispatch
    request = self.initialize_request(request, *args, **kwargs)
  File "E:\develop\repairmybike\repairmybike_backend\venv\Lib\site-packages\rest_framework\viewsets.py", line 152, in initialize_request
    request = super().initialize_request(request, *args, **kwargs)
  File "E:\develop\repairmybike\repairmybike_backend\venv\Lib\site-packages\rest_framework\views.py", line 400, in initialize_request
    authenticators=self.get_authenticators(),
                   ~~~~~~~~~~~~~~~~~~~~~~~^^
  File "E:\develop\repairmybike\repairmybike_backend\venv\Lib\site-packages\rest_framework\views.py", line 278, in get_authenticators
    return [auth() for auth in self.authentication_classes]
            ~~~~^^
  File "E:\develop\repairmybike\repairmybike_backend\authentication\authentication.py", line 22, in __init__
    self.descope_client = DescopeClient(
                          ~~~~~~~~~~~~~^
        project_id=settings.DESCOPE_PROJECT_ID,
        ^^^^^^^^^^^^^^^^^^^^^^^^^^^^^^^^^^^^^^^
        management_key=settings.DESCOPE_MANAGEMENT_KEY,
        ^^^^^^^^^^^^^^^^^^^^^^^^^^^^^^^^^^^^^^^^^^^^^^^
        jwt_validation_leeway=JWT_LEEWAY_SECONDS
        ^^^^^^^^^^^^^^^^^^^^^^^^^^^^^^^^^^^^^^^^
    )
    ^
  File "E:\develop\repairmybike\repairmybike_backend\venv\Lib\site-packages\descope\descope_client.py", line 36, in __init__
    auth = Auth(
        project_id,
    ...<6 lines>...
        fga_cache_url,
    )
  File "E:\develop\repairmybike\repairmybike_backend\venv\Lib\site-packages\descope\auth.py", line 83, in __init__
    raise AuthException(
    ...<6 lines>...
    )
descope.exceptions.AuthException: {'status_code': 400, 'error_type': 'invalid argument', 'error_message': 'Unable to init Auth object because project_id cannot be empty. Set environment variable DESCOPE_PROJECT_ID or pass your Project ID to the init function.'}
ERROR 2026-05-16 13:58:35,353 basehttp 9964 20576 "GET /api/subscriptions/subscriptions/?page=1 HTTP/1.1" 500 115901
ERROR 2026-05-16 13:58:35,359 basehttp 9964 21612 "GET /api/subscriptions/plans/?page=1 HTTP/1.1" 500 115664
ERROR 2026-05-16 13:58:35,367 basehttp 9964 49400 "GET /api/staff/bookings/stats/ HTTP/1.1" 500 115357
INFO 2026-05-16 20:01:44,600 autoreload 9964 32724 E:\develop\repairmybike\repairmybike_backend\authentication\authentication.py changed, reloading.
INFO 2026-05-16 20:01:46,789 autoreload 10884 50308 Watching for file changes with StatReloader
INFO 2026-05-16 20:02:01,877 autoreload 10884 50308 E:\develop\repairmybike\repairmybike_backend\repairmybike\settings.py changed, reloading.
ERROR 2026-05-16 22:26:20,123 log 15088 12732 Internal Server Error: /api/content/pages/
Traceback (most recent call last):
  File "E:\develop\repairmybike\repairmybike_backend\venv\Lib\site-packages\django\db\backends\utils.py", line 105, in _execute
    return self.cursor.execute(sql, params)
           ~~~~~~~~~~~~~~~~~~~^^^^^^^^^^^^^
psycopg2.errors.UndefinedTable: relation "static_content" does not exist
LINE 1: SELECT COUNT(*) AS "__count" FROM "static_content"
                                          ^


The above exception was the direct cause of the following exception:

Traceback (most recent call last):
  File "E:\develop\repairmybike\repairmybike_backend\venv\Lib\site-packages\django\core\handlers\exception.py", line 55, in inner
    response = get_response(request)
  File "E:\develop\repairmybike\repairmybike_backend\venv\Lib\site-packages\django\core\handlers\base.py", line 197, in _get_response
    response = wrapped_callback(request, *callback_args, **callback_kwargs)
  File "C:\Users\wolf\AppData\Local\Python\pythoncore-3.14-64\Lib\contextlib.py", line 85, in inner
    return func(*args, **kwds)
  File "E:\develop\repairmybike\repairmybike_backend\venv\Lib\site-packages\django\views\decorators\csrf.py", line 65, in _view_wrapper
    return view_func(request, *args, **kwargs)
  File "E:\develop\repairmybike\repairmybike_backend\venv\Lib\site-packages\rest_framework\viewsets.py", line 125, in view
    return self.dispatch(request, *args, **kwargs)
           ~~~~~~~~~~~~~^^^^^^^^^^^^^^^^^^^^^^^^^^
  File "E:\develop\repairmybike\repairmybike_backend\venv\Lib\site-packages\rest_framework\views.py", line 515, in dispatch
    response = self.handle_exception(exc)
  File "E:\develop\repairmybike\repairmybike_backend\venv\Lib\site-packages\rest_framework\views.py", line 475, in handle_exception
    self.raise_uncaught_exception(exc)
    ~~~~~~~~~~~~~~~~~~~~~~~~~~~~~^^^^^
  File "E:\develop\repairmybike\repairmybike_backend\venv\Lib\site-packages\rest_framework\views.py", line 486, in raise_uncaught_exception
    raise exc
  File "E:\develop\repairmybike\repairmybike_backend\venv\Lib\site-packages\rest_framework\views.py", line 512, in dispatch
    response = handler(request, *args, **kwargs)
  File "E:\develop\repairmybike\repairmybike_backend\venv\Lib\site-packages\rest_framework\mixins.py", line 40, in list
    page = self.paginate_queryset(queryset)
  File "E:\develop\repairmybike\repairmybike_backend\venv\Lib\site-packages\rest_framework\generics.py", line 175, in paginate_queryset
    return self.paginator.paginate_queryset(queryset, self.request, view=self)
           ~~~~~~~~~~~~~~~~~~~~~~~~~~~~~~~~^^^^^^^^^^^^^^^^^^^^^^^^^^^^^^^^^^^
  File "E:\develop\repairmybike\repairmybike_backend\venv\Lib\site-packages\rest_framework\pagination.py", line 211, in paginate_queryset
    self.page = paginator.page(page_number)
                ~~~~~~~~~~~~~~^^^^^^^^^^^^^
  File "E:\develop\repairmybike\repairmybike_backend\venv\Lib\site-packages\django\core\paginator.py", line 89, in page
    number = self.validate_number(number)
  File "E:\develop\repairmybike\repairmybike_backend\venv\Lib\site-packages\django\core\paginator.py", line 70, in validate_number
    if number > self.num_pages:
                ^^^^^^^^^^^^^^
  File "E:\develop\repairmybike\repairmybike_backend\venv\Lib\site-packages\django\utils\functional.py", line 47, in __get__
    res = instance.__dict__[self.name] = self.func(instance)
                                         ~~~~~~~~~^^^^^^^^^^
  File "E:\develop\repairmybike\repairmybike_backend\venv\Lib\site-packages\django\core\paginator.py", line 116, in num_pages
    if self.count == 0 and not self.allow_empty_first_page:
       ^^^^^^^^^^
  File "E:\develop\repairmybike\repairmybike_backend\venv\Lib\site-packages\django\utils\functional.py", line 47, in __get__
    res = instance.__dict__[self.name] = self.func(instance)
                                         ~~~~~~~~~^^^^^^^^^^
  File "E:\develop\repairmybike\repairmybike_backend\venv\Lib\site-packages\django\core\paginator.py", line 110, in count
    return c()
  File "E:\develop\repairmybike\repairmybike_backend\venv\Lib\site-packages\django\db\models\query.py", line 604, in count
    return self.query.get_count(using=self.db)
           ~~~~~~~~~~~~~~~~~~~~^^^^^^^^^^^^^^^
  File "E:\develop\repairmybike\repairmybike_backend\venv\Lib\site-packages\django\db\models\sql\query.py", line 644, in get_count
    return obj.get_aggregation(using, {"__count": Count("*")})["__count"]
           ~~~~~~~~~~~~~~~~~~~^^^^^^^^^^^^^^^^^^^^^^^^^^^^^^^^
  File "E:\develop\repairmybike\repairmybike_backend\venv\Lib\site-packages\django\db\models\sql\query.py", line 626, in get_aggregation
    result = compiler.execute_sql(SINGLE)
  File "E:\develop\repairmybike\repairmybike_backend\venv\Lib\site-packages\django\db\models\sql\compiler.py", line 1623, in execute_sql
    cursor.execute(sql, params)
    ~~~~~~~~~~~~~~^^^^^^^^^^^^^
  File "E:\develop\repairmybike\repairmybike_backend\venv\Lib\site-packages\django\db\backends\utils.py", line 122, in execute
    return super().execute(sql, params)
           ~~~~~~~~~~~~~~~^^^^^^^^^^^^^
  File "E:\develop\repairmybike\repairmybike_backend\venv\Lib\site-packages\django\db\backends\utils.py", line 79, in execute
    return self._execute_with_wrappers(
           ~~~~~~~~~~~~~~~~~~~~~~~~~~~^
        sql, params, many=False, executor=self._execute
        ^^^^^^^^^^^^^^^^^^^^^^^^^^^^^^^^^^^^^^^^^^^^^^^
    )
    ^
  File "E:\develop\repairmybike\repairmybike_backend\venv\Lib\site-packages\django\db\backends\utils.py", line 92, in _execute_with_wrappers
    return executor(sql, params, many, context)
  File "E:\develop\repairmybike\repairmybike_backend\venv\Lib\site-packages\django\db\backends\utils.py", line 100, in _execute
    with self.db.wrap_database_errors:
         ^^^^^^^^^^^^^^^^^^^^^^^^^^^^
  File "E:\develop\repairmybike\repairmybike_backend\venv\Lib\site-packages\django\db\utils.py", line 91, in __exit__
    raise dj_exc_value.with_traceback(traceback) from exc_value
  File "E:\develop\repairmybike\repairmybike_backend\venv\Lib\site-packages\django\db\backends\utils.py", line 105, in _execute
    return self.cursor.execute(sql, params)
           ~~~~~~~~~~~~~~~~~~~^^^^^^^^^^^^^
django.db.utils.ProgrammingError: relation "static_content" does not exist
LINE 1: SELECT COUNT(*) AS "__count" FROM "static_content"
                                          ^

INFO 2026-05-17 02:34:01,921 autoreload 36124 31040 Watching for file changes with StatReloader
INFO 2026-05-17 03:24:40,544 autoreload 36124 31040 E:\develop\repairmybike\repairmybike_backend\repairmybike\settings.py changed, reloading.
INFO 2026-05-17 03:24:42,366 autoreload 42812 30580 Watching for file changes with StatReloader
INFO 2026-05-17 03:25:36,102 autoreload 42812 30580 E:\develop\repairmybike\repairmybike_backend\spare_parts\serializers.py changed, reloading.
INFO 2026-05-17 03:25:37,322 autoreload 32928 18124 Watching for file changes with StatReloader
INFO 2026-05-17 03:26:23,093 autoreload 32928 18124 E:\develop\repairmybike\repairmybike_backend\spare_parts\serializers.py changed, reloading.
INFO 2026-05-17 03:26:24,936 autoreload 48048 24716 Watching for file changes with StatReloader
INFO 2026-05-17 04:54:39,706 autoreload 48048 24716 E:\develop\repairmybike\repairmybike_backend\repairmybike\settings.py changed, reloading.
INFO 2026-05-17 23:32:02,045 autoreload 12708 14340 Watching for file changes with StatReloader
INFO 2026-05-18 01:28:47,323 autoreload 12708 14340 E:\develop\repairmybike\repairmybike_backend\spare_parts\serializers.py changed, reloading.
INFO 2026-05-18 01:28:49,599 autoreload 5068 21836 Watching for file changes with StatReloader
INFO 2026-05-18 01:36:27,657 autoreload 5068 21836 E:\develop\repairmybike\repairmybike_backend\spare_parts\admin.py changed, reloading.
INFO 2026-05-18 01:36:31,807 autoreload 25216 25220 Watching for file changes with StatReloader
INFO 2026-05-18 01:53:03,434 autoreload 25216 25220 E:\develop\repairmybike\repairmybike_backend\repairmybike\settings.py changed, reloading.
INFO 2026-05-18 01:53:05,605 autoreload 23112 23052 Watching for file changes with StatReloader
INFO 2026-05-18 05:13:25,687 autoreload 23112 23052 E:\develop\repairmybike\repairmybike_backend\content\serializers.py changed, reloading.
INFO 2026-05-18 05:13:27,801 autoreload 25420 22232 Watching for file changes with StatReloader
INFO 2026-05-18 05:13:34,604 autoreload 25420 22232 E:\develop\repairmybike\repairmybike_backend\content\views.py changed, reloading.
INFO 2026-05-18 05:13:36,304 autoreload 26880 26480 Watching for file changes with StatReloader
INFO 2026-05-18 05:26:30,446 autoreload 26880 26480 E:\develop\repairmybike\repairmybike_backend\content\models.py changed, reloading.
INFO 2026-05-18 05:26:32,112 autoreload 21848 4136 Watching for file changes with StatReloader
INFO 2026-05-18 05:26:34,215 autoreload 21848 4136 E:\develop\repairmybike\repairmybike_backend\content\serializers.py changed, reloading.
INFO 2026-05-18 05:26:35,666 autoreload 3716 11400 Watching for file changes with StatReloader
INFO 2026-05-18 05:27:06,604 autoreload 3716 11400 E:\develop\repairmybike\repairmybike_backend\content\views.py changed, reloading.
INFO 2026-05-18 05:27:08,162 autoreload 10504 27172 Watching for file changes with StatReloader
ERROR 2026-05-18 05:28:06,792 log 9644 22608 Invalid HTTP_HOST header: 'testserver'. You may need to add 'testserver' to ALLOWED_HOSTS.
Traceback (most recent call last):
  File "E:\develop\repairmybike\repairmybike_backend\venv\Lib\site-packages\django\core\handlers\exception.py", line 55, in inner
    response = get_response(request)
  File "E:\develop\repairmybike\repairmybike_backend\venv\Lib\site-packages\django\utils\deprecation.py", line 119, in __call__
    response = self.process_request(request)
  File "E:\develop\repairmybike\repairmybike_backend\venv\Lib\site-packages\django\middleware\common.py", line 48, in process_request
    host = request.get_host()
  File "E:\develop\repairmybike\repairmybike_backend\venv\Lib\site-packages\django\http\request.py", line 202, in get_host
    raise DisallowedHost(msg)
django.core.exceptions.DisallowedHost: Invalid HTTP_HOST header: 'testserver'. You may need to add 'testserver' to ALLOWED_HOSTS.
ERROR 2026-05-18 05:28:06,813 log 9644 22608 Invalid HTTP_HOST header: 'testserver'. You may need to add 'testserver' to ALLOWED_HOSTS.
Traceback (most recent call last):
  File "E:\develop\repairmybike\repairmybike_backend\venv\Lib\site-packages\django\core\handlers\exception.py", line 55, in inner
    response = get_response(request)
  File "E:\develop\repairmybike\repairmybike_backend\venv\Lib\site-packages\django\utils\deprecation.py", line 119, in __call__
    response = self.process_request(request)
  File "E:\develop\repairmybike\repairmybike_backend\venv\Lib\site-packages\django\middleware\common.py", line 48, in process_request
    host = request.get_host()
  File "E:\develop\repairmybike\repairmybike_backend\venv\Lib\site-packages\django\http\request.py", line 202, in get_host
    raise DisallowedHost(msg)
django.core.exceptions.DisallowedHost: Invalid HTTP_HOST header: 'testserver'. You may need to add 'testserver' to ALLOWED_HOSTS.
ERROR 2026-05-18 05:28:06,833 log 9644 22608 Invalid HTTP_HOST header: 'testserver'. You may need to add 'testserver' to ALLOWED_HOSTS.
Traceback (most recent call last):
  File "E:\develop\repairmybike\repairmybike_backend\venv\Lib\site-packages\django\core\handlers\exception.py", line 55, in inner
    response = get_response(request)
  File "E:\develop\repairmybike\repairmybike_backend\venv\Lib\site-packages\django\utils\deprecation.py", line 119, in __call__
    response = self.process_request(request)
  File "E:\develop\repairmybike\repairmybike_backend\venv\Lib\site-packages\django\middleware\common.py", line 48, in process_request
    host = request.get_host()
  File "E:\develop\repairmybike\repairmybike_backend\venv\Lib\site-packages\django\http\request.py", line 202, in get_host
    raise DisallowedHost(msg)
django.core.exceptions.DisallowedHost: Invalid HTTP_HOST header: 'testserver'. You may need to add 'testserver' to ALLOWED_HOSTS.
ERROR 2026-05-18 05:28:06,855 log 9644 22608 Invalid HTTP_HOST header: 'testserver'. You may need to add 'testserver' to ALLOWED_HOSTS.
Traceback (most recent call last):
  File "E:\develop\repairmybike\repairmybike_backend\venv\Lib\site-packages\django\core\handlers\exception.py", line 55, in inner
    response = get_response(request)
  File "E:\develop\repairmybike\repairmybike_backend\venv\Lib\site-packages\django\utils\deprecation.py", line 119, in __call__
    response = self.process_request(request)
  File "E:\develop\repairmybike\repairmybike_backend\venv\Lib\site-packages\django\middleware\common.py", line 48, in process_request
    host = request.get_host()
  File "E:\develop\repairmybike\repairmybike_backend\venv\Lib\site-packages\django\http\request.py", line 202, in get_host
    raise DisallowedHost(msg)
django.core.exceptions.DisallowedHost: Invalid HTTP_HOST header: 'testserver'. You may need to add 'testserver' to ALLOWED_HOSTS.
ERROR 2026-05-18 05:28:06,878 log 9644 22608 Invalid HTTP_HOST header: 'testserver'. You may need to add 'testserver' to ALLOWED_HOSTS.
Traceback (most recent call last):
  File "E:\develop\repairmybike\repairmybike_backend\venv\Lib\site-packages\django\core\handlers\exception.py", line 55, in inner
    response = get_response(request)
  File "E:\develop\repairmybike\repairmybike_backend\venv\Lib\site-packages\django\utils\deprecation.py", line 119, in __call__
    response = self.process_request(request)
  File "E:\develop\repairmybike\repairmybike_backend\venv\Lib\site-packages\django\middleware\common.py", line 48, in process_request
    host = request.get_host()
  File "E:\develop\repairmybike\repairmybike_backend\venv\Lib\site-packages\django\http\request.py", line 202, in get_host
    raise DisallowedHost(msg)
django.core.exceptions.DisallowedHost: Invalid HTTP_HOST header: 'testserver'. You may need to add 'testserver' to ALLOWED_HOSTS.
ERROR 2026-05-18 05:28:06,902 log 9644 22608 Invalid HTTP_HOST header: 'testserver'. You may need to add 'testserver' to ALLOWED_HOSTS.
Traceback (most recent call last):
  File "E:\develop\repairmybike\repairmybike_backend\venv\Lib\site-packages\django\core\handlers\exception.py", line 55, in inner
    response = get_response(request)
  File "E:\develop\repairmybike\repairmybike_backend\venv\Lib\site-packages\django\utils\deprecation.py", line 119, in __call__
    response = self.process_request(request)
  File "E:\develop\repairmybike\repairmybike_backend\venv\Lib\site-packages\django\middleware\common.py", line 48, in process_request
    host = request.get_host()
  File "E:\develop\repairmybike\repairmybike_backend\venv\Lib\site-packages\django\http\request.py", line 202, in get_host
    raise DisallowedHost(msg)
django.core.exceptions.DisallowedHost: Invalid HTTP_HOST header: 'testserver'. You may need to add 'testserver' to ALLOWED_HOSTS.
